mean,median,std,min,max,p90,p95,p99,bright_pixels,bright_fraction,num_regions,largest_region,grad_mean,grad_std,grad_max,grad_energy,contrast,homogeneity,energy,correlation,ASM,entropy,left_mean,right_mean,top_mean,bottom_mean,LR_ratio,TB_ratio,inner_mean,outer_mean,outer_inner_ratio,radial_slope,DATE-OBS,GAIN,TEMP,CHANNEL,FRAMEBIN,ROI,filename,Brightness_Index,Texture_Index,Gradient_Index,Morphology_Index,Spatial_Index,Coronal_Index,VELC_Scientific_Activity,Cluster,Coronal_State,VELC_activity_index,activity_change,activity_trend,HG_activity,LG_activity,filename_HG,filename_LG,Novelty_Score,Novelty_Class
68.01911,44.0,56.09014,1.0,255.0,164.0,194.0,236.0,27644,0.0099985532407407,29,9142.0,29.610666,28.19074,750.4052,1671.5096,2.26167351783233,0.752040445831617,0.0873278122112319,0.9996406327720327,0.0076261467856001,4.852518142568055,70.85308,65.18509,76.50641,59.531807,1.0869523,1.285135,38.106,74.5942,1.9575448,-36.4882,2026-03-25 16:56:24.629130,1X10X,-5 DegC,Spectroscopy- 1,NO,Full-Frame,VS1_T26_0219_003442_20260325_165624_LG_lev1_V2_1.fits,0.2857142857142857,0.4490543432804857,0.6108169747940242,0.4412037471825695,0.2378636134028199,0.2853027211291054,0.3849926142505484,1,Structured Corona,41.62322074549073,-0.0943390611050105,Stable,9.476090942477878,73.77035054850357,VS1_T26_0219_003442_20260325_165624_HG_lev1_V2_1.fits,VS1_T26_0219_003442_20260325_165624_LG_lev1_V2_1.fits,0.6944346151766477,Highly Anomalous
96.24859,50.0,86.019005,1.0,255.0,255.0,255.0,255.0,0,0.0,0,0.0,20.243895,18.847418,730.02057,765.04034,5.202801137679481,0.629538037593827,0.1542166086927675,0.9996484604610888,0.0237827623966981,4.611570654995586,102.643585,89.85356,106.43157,86.065605,1.1423429,1.2366331,42.99623,108.25606,2.5178034,-65.25983,2026-03-24 03:56:21.921680,1X10X,-5 DegC,Spectroscopy- 1,NO,Full-Frame,VS1_T26_0212_003435_20260324_035621_HG_lev1_V2_1.fits,0.6922638537062344,0.6464640877064002,0.0566596947433607,0.0,0.8379294224337784,0.6366514038159574,0.4783280770676217,0,Active Corona,43.321174171927176,,Stable,8.794653626252664,77.84769471760168,VS1_T26_0212_003435_20260324_035621_HG_lev1_V2_1.fits,VS1_T26_0212_003435_20260324_035621_LG_lev1_V2_1.fits,0.6344612732793365,Highly Anomalous
95.83191,49.0,86.14306,2.0,255.0,255.0,255.0,255.0,0,0.0,0,0.0,20.394655,19.004835,754.91455,777.12573,5.26612689613247,0.6287714274403264,0.1538458663434671,0.9996452073325888,0.0236685505909719,4.612228336842438,101.834724,89.82912,104.08442,87.5794,1.1336493,1.1884578,42.28374,107.75361,2.548346,-65.469864,2026-03-24 03:59:37.532405,1X10X,-5 DegC,Spectroscopy- 1,NO,Full-Frame,VS1_T26_0212_003435_20260324_035937_HG_lev1_V2_1.fits,0.6697708727649088,0.6328000094224616,0.1681975367380738,0.0,0.7739209765298193,0.6131248562421875,0.4763023752829085,0,Active Corona,44.500619373692686,-0.2188022019318225,Stable,9.128416372757284,79.87282237462809,VS1_T26_0212_003435_20260324_035937_HG_lev1_V2_1.fits,VS1_T26_0212_003435_20260324_035937_LG_lev1_V2_1.fits,0.6237127031902544,Highly Anomalous
74.5233,51.0,56.69562,1.0,255.0,171.0,201.0,243.0,26360,0.0095341435185185,64,12561.0,34.448513,33.633175,776.1765,2317.8906,2.485515212482631,0.7333060577780023,0.0779383865304902,0.999613445956236,0.0060743920949761,4.947251869554709,78.31132,70.73526,80.83744,68.20915,1.1071044,1.1851407,44.949345,81.02592,1.802605,-36.076572,2026-03-25 17:08:38.168565,1X10X,-5 DegC,Spectroscopy- 1,NO,Full-Frame,VS1_T26_0219_003442_20260325_170838_LG_lev1_V2_1.fits,0.5278577712575128,0.3217870553248527,1.0,0.7949145379413974,0.2974761252705742,0.5464151051631906,0.5814084324929213,3,Highly Structured Corona,46.07798105292841,0.0802624134653768,Stable,10.25969710713261,81.8962649987242,VS1_T26_0219_003442_20260325_170838_HG_lev1_V2_1.fits,VS1_T26_0219_003442_20260325_170838_LG_lev1_V2_1.fits,0.621916814244363,Highly Anomalous
69.11433,45.0,55.917564,1.0,255.0,164.0,194.0,239.0,26979,0.0097580295138888,43,14775.0,29.968027,28.462597,721.3876,1708.2023,2.262846297475684,0.7494537855099201,0.0852205176239094,0.9996382211041734,0.007262536624087,4.8786346546163735,74.00893,64.21971,75.54389,62.68477,1.1524332,1.2051395,39.89184,76.06423,1.9067616,-36.17239,2026-03-24 03:56:21.921680,1X10X,-5 DegC,Spectroscopy- 1,NO,Full-Frame,VS1_T26_0212_003435_20260324_035621_LG_lev1_V2_1.fits,0.3272855653851949,0.4384911905917848,0.5060600159548683,0.6828336307287753,0.2511236953669832,0.3508380216261068,0.4261053532756189,1,Structured Corona,43.321174171927176,,Stable,8.794653626252664,77.84769471760168,VS1_T26_0212_003435_20260324_035621_HG_lev1_V2_1.fits,VS1_T26_0212_003435_20260324_035621_LG_lev1_V2_1.fits,0.6005167758089228,Highly Anomalous
96.00955,50.0,86.09198,2.0,255.0,255.0,255.0,255.0,0,0.0,0,0.0,20.292559,18.878065,756.67694,768.1692,5.19816646885132,0.6295202561716731,0.1541254112343464,0.9996493708247772,0.0237546423881563,4.609569211195613,102.20515,89.81394,105.44169,86.577415,1.1379653,1.2178891,42.59117,108.00579,2.5358727,-65.41462,2026-03-24 03:57:10.824395,1X10X,-5 DegC,Spectroscopy- 1,NO,Full-Frame,VS1_T26_0212_003435_20260324_035710_HG_lev1_V2_1.fits,0.691067840417198,0.6489951071343404,0.1701976471552153,0.0,0.8103690800066851,0.6234481728546165,0.4906796412613425,0,Active Corona,43.58123407586682,0.2600599039396485,Stable,8.939184708460033,78.22328344327362,VS1_T26_0212_003435_20260324_035710_HG_lev1_V2_1.fits,VS1_T26_0212_003435_20260324_035710_LG_lev1_V2_1.fits,0.5999854640672267,Highly Anomalous
69.67036,46.0,56.127693,1.0,255.0,166.0,196.0,238.0,27304,0.0098755787037037,18,9683.0,30.695541,29.379986,750.4052,1805.3998,2.306024924733673,0.748688222519407,0.0851477133448063,0.9996340738370998,0.0072501330878493,4.872215103397667,72.76447,66.57624,77.820465,61.52025,1.0929495,1.264957,40.02841,76.1986,1.9036129,-36.17019,2026-03-25 16:55:35.726425,1X10X,-5 DegC,Spectroscopy- 1,NO,Full-Frame,VS1_T26_0219_003442_20260325_165535_LG_lev1_V2_1.fits,0.3541395658730973,0.418240656389773,0.6715741988676487,0.3679681630353117,0.2589007700019614,0.3560328077840666,0.4044760269919765,1,Structured Corona,41.71755980659574,-0.5993868139529823,Decreasing,9.749326932335835,73.68579268085564,VS1_T26_0219_003442_20260325_165535_HG_lev1_V2_1.fits,VS1_T26_0219_003442_20260325_165535_LG_lev1_V2_1.fits,0.5812356835274647,Highly Anomalous
95.89598,50.0,86.14037,1.0,255.0,255.0,255.0,255.0,0,0.0,0,0.0,20.333712,18.90307,747.9305,770.7858,5.202207329782307,0.6294382462757833,0.1540255845804083,0.999649492523196,0.0237238807053365,4.611724658683672,101.98357,89.80837,104.924065,86.8679,1.1355686,1.2078577,42.475452,107.85791,2.5393,-65.38246,2026-03-24 03:58:48.629690,1X10X,-5 DegC,Spectroscopy- 1,NO,Full-Frame,VS1_T26_0212_003435_20260324_035848_HG_lev1_V2_1.fits,0.6904996040164454,0.6500892037466639,0.1351284501353153,0.0,0.7958673816633463,0.6192505985534991,0.4818058730192116,0,Active Corona,44.71942157562451,0.3515851097891556,Stable,9.014521850459884,80.42432130078913,VS1_T26_0212_003435_20260324_035848_HG_lev1_V2_1.fits,VS1_T26_0212_003435_20260324_035848_LG_lev1_V2_1.fits,0.5783531279918055,Highly Anomalous
96.00629,50.0,86.07827,1.0,255.0,255.0,255.0,255.0,0,0.0,0,0.0,20.310352,18.933935,737.9119,771.00433,5.211684011695229,0.6297566146263255,0.1541449513662398,0.9996483465581832,0.0237606660317004,4.609086719471591,102.17716,89.83542,105.354355,86.658226,1.1373817,1.2157456,42.607903,107.99476,2.5346181,-65.386856,2026-03-24 03:57:59.726975,1X10X,-5 DegC,Spectroscopy- 1,NO,Full-Frame,VS1_T26_0212_003435_20260324_035759_HG_lev1_V2_1.fits,0.6910515293256557,0.645340110828491,0.0933079479553823,0.0,0.8076344325510375,0.6238686572490976,0.476867112984944,0,Active Corona,44.36783646583535,0.7866023899685288,Increasing,8.966484499819622,79.76918843185109,VS1_T26_0212_003435_20260324_035759_HG_lev1_V2_1.fits,VS1_T26_0212_003435_20260324_035759_LG_lev1_V2_1.fits,0.577005116774942,Highly Anomalous
74.42261,51.0,56.62116,1.0,255.0,171.0,201.0,243.0,26572,0.0096108217592592,60,12923.0,34.3827,33.563984,764.3206,2308.7112,2.480262491315424,0.7345155986584119,0.0784410039768142,0.999613246566487,0.0061529911048905,4.94178441765996,78.11104,70.73418,80.568726,68.276474,1.1042899,1.1800364,44.928463,80.87789,1.8001482,-35.94943,2026-03-25 17:07:00.363260,1X10X,-5 DegC,Spectroscopy- 1,NO,Full-Frame,VS1_T26_0219_003442_20260325_170700_LG_lev1_V2_1.fits,0.5295451025597416,0.3216313104014781,0.9465313770786672,0.7721637866265966,0.2874860531469591,0.5448993261636779,0.5670428259961867,3,Highly Structured Corona,46.23059393806825,0.4426317895196661,Stable,10.370955491871303,82.0902323842652,VS1_T26_0219_003442_20260325_170700_HG_lev1_V2_1.fits,VS1_T26_0219_003442_20260325_170700_LG_lev1_V2_1.fits,0.5740846092418921,Highly Anomalous
96.57111,49.0,86.75101,1.0,255.0,255.0,255.0,255.0,0,0.0,0,0.0,20.584467,19.149017,762.21387,790.4052,5.371149114173228,0.6327176745193916,0.1601106308069651,0.9996432005437036,0.0256354140974042,4.572250958035679,96.55973,96.58248,110.10795,83.03427,0.99976444,1.3260542,40.52692,108.26173,2.6713533,-67.7348,2026-03-25 16:56:24.629130,1X10X,-5 DegC,Spectroscopy- 1,NO,Full-Frame,VS1_T26_0219_003442_20260325_165624_HG_lev1_V2_1.fits,0.673469387755102,0.6473288317943879,0.2066897449389004,0.0,0.78173199175958,0.5669102324814309,0.4793550314549002,0,Active Corona,41.62322074549073,-0.0943390611050105,Stable,9.476090942477878,73.77035054850357,VS1_T26_0219_003442_20260325_165624_HG_lev1_V2_1.fits,VS1_T26_0219_003442_20260325_165624_LG_lev1_V2_1.fits,0.5733114638538157,Unusual
95.61423,48.0,86.87024,1.0,255.0,255.0,255.0,255.0,0,0.0,0,0.0,20.72949,19.274027,772.17224,801.1999,5.348138967693377,0.6326033486997849,0.159357428072233,0.9996457065925404,0.0253947898817969,4.55872017825435,96.12229,95.10615,107.95637,83.27209,1.0106844,1.2964293,39.592514,107.42121,2.7131698,-67.8287,2026-03-25 16:54:46.823835,1X10X,-5 DegC,Spectroscopy- 1,NO,Full-Frame,VS1_T26_0219_003442_20260325_165446_HG_lev1_V2_1.fits,0.6482735688839839,0.6478657004873435,0.2548078374836324,0.0,0.7446570224624067,0.5365560588368807,0.4720266980257079,2,Quiet Corona,42.31694662054872,-0.9373366688057132,Decreasing,9.966833647457614,74.66705959363982,VS1_T26_0219_003442_20260325_165446_HG_lev1_V2_1.fits,VS1_T26_0219_003442_20260325_165446_LG_lev1_V2_1.fits,0.5491055582686095,Unusual
