,0
num_regions,1.1080107052044632
largest_region,1.0567285744336294
bright_pixels,1.0052909765337132
bright_fraction,1.005290976533713
ASM,0.5781672412511946
grad_energy,0.44031330676768615
contrast,0.3844331228818337
energy,0.3181778417871169
min,0.3178208630818641
radial_slope,0.30488608546380874
grad_std,0.23942828339692526
grad_mean,0.22103311544505305
std,0.21432503955303378
p90,0.20775081260942793
outer_inner_ratio,0.18922296612786987
right_mean,0.1610252816384483
outer_mean,0.15683897402614713
top_mean,0.14913098802515865
mean,0.14268802455907673
bottom_mean,0.13640948817729803
p95,0.12737455848205703
left_mean,0.1270342971111443
homogeneity,0.08110991084533496
inner_mean,0.04685301768957881
LR_ratio,0.045135724341067524
entropy,0.03650546956980644
median,0.03099378973712067
TB_ratio,0.030717875413312785
p99,0.029412454147947457
grad_max,0.017638299180435996
correlation,1.2202488811541378e-05
max,0.0
