date,max_counts,mean_counts,median_counts,peak_ratio,artifact
20240201,138.0,20.20838445334383,15.0,9.199999386666708,0
20240202,848.0,43.52160375938979,28.0,30.28571320408167,0
20240203,473.0,91.83323495028763,71.0,6.661971737155328,0
20240204,2036.0,167.7142030394574,101.0,20.158415641995884,0
20240205,1616.0,114.56735265521552,77.0,20.98701271445438,0
20240206,3429.0,307.53141349136536,105.0,32.65714254612245,0
20240207,4089.0,257.26937589703226,59.0,69.30508357110028,0
20240208,3224.0,204.8986283928468,60.0,53.7333324377778,0
20240209,20022.0,773.9810848935624,70.0,286.02856734244904,0
20240210,5673.0,235.36696073033636,101.0,56.168316275561224,0
20240211,680.0,59.820494855526576,46.0,14.782608374291122,0
20240212,4835.0,223.46675772026484,115.0,42.04347789527411,0
20240213,236.0,42.50845312463714,34.0,6.941176266435993,0
20240214,681.0,64.22824702030547,45.0,15.133332997037046,0
20240215,1282.0,91.32603893234919,50.0,25.63999948720001,0
20240216,15738.0,167.6108676713433,53.0,296.9433906237096,0
20240217,442.0,87.01020049243756,60.0,7.366666543888892,0
20240218,264.0,48.25152119245853,36.0,7.333333129629636,0
20240219,399.0,44.45050696791518,29.0,13.758620215219992,0
20240220,187.0,33.92267092607382,26.0,7.192307415680483,0
20240221,13102.0,149.40019213852494,39.0,335.9487093346485,0
20240222,25452.0,734.5441953128684,82.0,310.3902401171922,0
20240223,1806.0,163.25362818727302,104.0,17.365384448409767,0
20240224,3797.0,181.24402467678277,75.0,50.62666599164446,0
20240225,1608.0,95.40724793684966,50.0,32.159999356800014,0
20240226,196.0,33.9494073799713,28.0,6.999999750000009,0
20240227,199.0,29.720001851916155,24.0,8.29166632118057,0
20240228,1037.0,174.84716081390772,71.0,14.605633597103752,0
20240229,385.0,48.33656650770869,42.0,9.166666448412704,0
20240301,223.0,33.1019607389231,30.0,7.433333085555564,0
20240302,390.0,38.33247682211188,30.0,12.99999956666668,0
20240303,159.0,31.052966028126626,24.0,6.624999723958345,0
20240304,158.0,15.347542767193685,13.0,12.153845218934984,0
20240305,141.0,15.219639798138802,12.0,11.749999020833416,0
20240306,60.0,10.141580628732811,10.0,5.9999994000000605,0
20240307,551.0,30.437241032938516,15.0,36.73333088444461,0
20240308,905.0,14.313241469040156,7.0,129.28569581632917,0
20240309,410.0,13.087411454233992,9.0,45.555550493827724,0
20240310,6060.0,50.73160794481226,9.0,673.3332585185269,0
20240311,377.0,10.449667226112622,7.0,53.857135163266406,0
20240312,209.0,26.265349800014032,16.0,13.0624991835938,0
20240313,359.0,13.87638030418779,7.0,51.28570695918472,0
20240314,666.0,33.54299967591092,20.0,33.29999833500008,0
20240315,307.0,61.978888155838746,29.0,10.586206531510118,0
20240316,2802.0,86.57811396756682,22.0,127.36363057438042,0
20240317,387.0,63.42032525030384,49.0,7.897959022490633,0
20240318,2209.0,89.44773088607994,46.0,48.02173808648396,0
20240319,466.0,55.523668639053255,45.0,10.355555325432105,0
20240320,5699.0,129.51882075144107,46.0,123.89130165453693,0
20240321,530.0,59.31808090486317,48.0,11.04166643663195,0
20240322,3316.0,157.17860780591695,87.0,38.11494209063285,0
20240323,7651.0,806.0407884533028,312.0,24.522435818838346,0
20240324,1850.0,235.4042732965265,131.0,14.122137296777579,0
20240325,443.0,90.55201423040702,64.0,6.921874891845705,0
20240326,1887.0,131.29053428399462,68.0,27.74999959191177,0
20240329,750.0,233.75508761298792,200.0,3.7499999812500002,0
20240331,266.0,66.75341704353099,54.0,4.925925834705077,0
20240401,3329.0,124.55692187956026,24.0,138.7083275538197,0
20240402,28.0,6.089771635589199,6.0,4.6666658888890185,0
20240403,27.0,2.871743231825179,3.0,8.999997000000999,0
20240404,32.0,3.774266731485983,3.0,10.666663111112296,0
20240405,199.0,10.156589272899836,7.0,28.42856736734752,0
20240406,63.0,5.72886162393657,5.0,12.599997480000503,0
20240407,41.0,4.723219556234591,4.0,10.24999743750064,0
20240408,54.0,5.090212509838419,4.0,13.499996625000843,0
20240409,37.0,4.4989067682102934,4.0,9.249997687500578,0
20240410,239.0,20.107890685587954,16.0,14.937499066406307,0
20240411,4426.0,82.44130004514045,28.0,158.0714229260206,0
20240412,259.0,51.936387116637874,41.0,6.317073016656756,0
20240413,1775.0,34.71045778112159,27.0,65.74073830589857,0
20240414,3591.0,79.37145668152093,57.0,62.99999889473686,0
20240415,3132.0,157.08047639991668,84.0,37.28571384183674,0
20240416,666.0,57.2989571397155,43.0,15.488371732828565,0
20240417,1063.0,84.95880644003843,59.0,18.016948847170358,0
20240418,1557.0,199.38908758405964,138.0,11.28260861389414,0
20240419,1494.0,92.9178327951202,70.0,21.34285683795919,0
20240420,371.0,55.64008426120975,45.0,8.244444261234573,0
20240421,1536.0,95.64441803343634,66.0,23.2727269201102,0
20240422,1862.0,210.33336045470924,123.0,15.138211259038933,0
20240423,2776.0,214.19575911200621,124.0,22.387096593652448,0
20240424,1347.0,173.10127666469901,97.0,13.886597794983528,0
20240425,1082.0,69.51080968473681,52.0,20.80769190754439,0
20240426,372.0,68.5654413296604,57.0,6.526315674976918,0
20240427,2294.0,93.01952636696143,53.0,43.28301805126381,0
20240428,541.0,64.07724715849903,39.0,13.871794516107833,0
20240429,2817.0,94.89592110745868,30.0,93.8999968700001,0
20240430,7234.0,125.24166068658997,22.0,328.8181668719015,0
20240501,2957.0,85.85490270168147,23.0,128.56521180151253,0
20240502,2094.0,47.22076899928239,31.0,67.54838491779404,0
20240503,10645.0,173.26963587120073,53.0,200.84905281416883,0
20240504,6953.0,291.6367119228677,98.0,70.94897886786757,0
20240505,9867.0,1029.6155452436194,412.0,23.94902906808488,0
20240506,20493.0,826.907968145936,174.0,117.77586139209275,0
20240507,6659.0,516.1761771378305,258.0,25.810077419340786,0
20240508,8086.0,1726.1446495746281,903.0,8.954595781888598,0
20240509,14555.0,1216.1788351582213,538.0,27.053903295438843,0
20240510,19937.0,944.7646303069587,385.0,51.78441544991061,0
20240511,22152.0,1401.2541841246325,449.0,49.336302785442534,0
20240512,8064.0,420.50232649659705,229.0,35.213973645353825,0
20240513,5238.0,605.5982452891337,219.0,23.917808109964348,0
20240514,29568.0,1013.1141269749406,275.0,107.51999960901819,0
20240515,20022.0,1195.3752285932544,229.0,87.43231402867985,0
20240516,668.0,68.30181503607221,57.0,11.719298040012315,0
20240517,5319.0,187.99959899512896,45.0,118.1999973733334,0
20240518,406.0,37.401847307745726,28.0,14.499999482142876,0
20240519,2025.0,53.30479872219264,38.0,53.28947228185599,0
20240520,349.0,44.45687300337978,30.0,11.633332945555567,0
20240521,1352.0,61.07931332662348,38.0,35.578946432132994,0
20240522,1437.0,119.08052269728466,69.0,20.826086654694397,0
20240523,3145.0,226.93064413449852,134.0,23.470149078580977,0
20240524,901.0,110.53514589626954,67.0,13.447760993317,0
20240525,337.0,38.3435152497251,31.0,10.870967391259116,0
20240526,392.0,51.050626171902124,36.0,10.888888586419762,0
20240527,17141.0,919.8541771409418,166.0,103.25903552253594,0
20240528,544.0,109.7438897432864,92.0,5.9130434139886585,0
20240529,10193.0,908.9432381128756,216.0,47.18981459634345,0
20240530,542.0,63.19626838894869,47.0,11.531914648257136,0
20240531,8990.0,122.52568954940566,49.0,183.46938401082892,0
20241001,23655.0,668.2334251585721,102.0,231.91176243223762,0
20241025,748.0,52.38592775212102,46.0,16.260869211720234,0
20241126,517.0,89.97508439562654,70.0,7.385714180204084,0
20241127,520.0,77.65902356590583,51.0,10.196078231449446,0
20241128,351.0,63.42037718723211,41.0,8.56097540095182,0
20241129,283.0,40.805954799709035,34.0,8.323529166955025,0
20241130,326.0,46.54904724746394,38.0,8.578947142659286,0
20241201,137.0,34.57019107640545,29.0,4.72413776813318,0
20241202,212.0,41.782759836767596,36.0,5.888888725308647,0
20241203,336.0,33.01187451256635,26.0,12.923076426035522,0
20241204,859.0,91.15056281634811,46.0,18.67391263752364,0
20241205,330.0,44.006062443164595,37.0,8.918918677867063,0
20241206,348.0,56.24767192429022,48.0,7.249999848958337,0
20241207,2343.0,106.29156152215604,40.0,58.57499853562504,0
20241208,287.0,45.51626996083158,37.0,7.756756547114689,0
20241209,160.0,33.42009499635596,28.0,5.714285510204089,0
20241210,1057.0,57.09155928823439,34.0,31.088234379757814,0
20241211,1265.0,34.250965058650664,20.0,63.249996837500156,0
20241212,1497.0,33.97488396856445,19.0,78.78946953739634,0
20241212,1497.0,33.97516146207088,19.0,78.78946953739634,0
20241213,1575.0,45.2170837867247,21.0,74.99999642857159,0
20241214,322.0,39.935114989756826,30.0,10.733332975555568,0
20241215,2327.0,60.48765610713087,38.0,61.23684049376736,0
20241216,203.0,31.000983819069887,27.0,7.518518240054879,0
20241217,233.0,32.57251869649081,29.0,8.034482481569569,0
20241218,293.0,45.54381252676243,42.0,6.976190310090708,0
20241219,3031.0,106.53148763295872,65.0,46.63076851337279,0
20241220,2585.0,62.26263888888889,39.0,66.28204958251155,0
20241221,1492.0,66.14693457100198,51.0,29.2549013871588,0
20241224,3498.0,174.30059723604714,131.0,26.702289872501606,0
20241225,3533.0,127.36298598147096,89.0,39.69662876745361,0
20241228,3160.0,183.69306712962964,128.0,24.68749980712891,0
20241229,8601.0,740.8317090673395,448.0,19.19866067143156,0
20241230,11477.0,501.69233440201856,203.0,56.53694553430076,0
20241231,1812.0,177.3751938702285,99.0,18.303030118151213,0
20250101,1075.0,164.43672307229335,139.0,7.733812894001346,0
20250102,627.0,95.25153935185185,80.0,7.837499902031252,0
20250103,8893.0,301.90187386428084,65.0,136.81538251053257,0
20250104,12992.0,353.68810981608584,118.0,110.10169398218903,0
20250105,3046.0,216.22803768605755,71.0,42.901407846459044,0
20250106,3407.0,98.42133589509137,34.0,100.20587940570944,0
20250107,681.0,36.343715277777775,16.0,42.562497339843915,0
20250108,530.0,23.13913516516586,14.0,37.85714015306142,0
20250109,629.0,28.879210166902013,19.0,33.10526141551256,0
20250110,600.0,24.654533038576837,16.0,37.499997656250144,0
20250111,126.0,16.521360695394517,14.0,8.999999357142903,0
20250114,334.0,38.29774994791546,32.0,10.437499673828135,0
20250115,362.0,36.19245593120291,32.0,11.312499646484387,0
20250116,296.0,66.93422377573815,55.0,5.3818180839669445,0
20250117,807.0,151.8832478005865,118.0,6.838982992889974,0
20250118,662.0,83.58895758839888,53.0,12.490565802064797,0
20250119,1954.0,45.451991662806854,36.0,54.27777627006177,0
20250120,386.0,61.51685783400271,53.0,7.283018730509081,0
20250122,777.0,80.14292162922324,42.0,18.499999559523822,0
20250123,594.0,72.95450178821514,59.0,10.067796439528875,0
20250124,1856.0,142.07273148148147,82.0,22.634146065437243,0
20250125,363.0,54.84769323363967,41.0,8.85365832064248,0
20250126,253.0,47.420657885599205,43.0,5.883720793401842,0
20250128,1127.0,52.59575453135489,39.0,28.897435156476025,0
20250131,4820.0,180.88819315038367,60.0,80.33333199444446,0
20250201,2781.0,40.202974537037036,30.0,92.6999969100001,0
20250202,3380.0,188.7244001527831,92.0,36.73913003544424,0
20250208,1423.0,70.45441498165488,43.0,33.09302248620878,0
20250209,220.0,44.506145975601285,36.0,6.11111094135803,0
20250210,618.0,54.57773561626296,39.0,15.84615343984222,0
20250211,90078.0,74.3183114263857,30.0,3002.5998999133367,1
20250212,197.0,31.765386930949845,26.0,7.576922785502969,0
20250213,1017.0,42.649417238625446,26.0,39.1153831109468,0
20250214,1262.0,61.22481481481481,29.0,43.51723987871586,0
20250215,179.0,27.29761918540724,22.0,8.136363266528942,0
20250216,170.0,31.94812757570328,30.0,5.666666477777784,0
20250217,706.0,50.47948872857363,32.0,22.062499310546897,0
20250218,281.0,40.89818169191773,27.0,10.407407021947888,0
20250219,429.0,31.696674730031596,19.0,22.578946180055464,0
20250220,429.0,33.82485967435172,21.0,20.42857045578236,0
20250221,2257.0,93.44451904155574,59.0,38.2542366397587,0
20250222,545.0,67.66624227412672,49.0,11.122448752603088,0
20250223,13585.0,259.92889881710227,89.0,152.64044772314105,0
20250224,2605.0,269.5952730934386,89.0,29.2696625924757,0
20250225,2417.0,269.82667824074076,100.0,24.169999758300005,0
20250226,321993.0,51.15387649051176,42.0,7666.499817464291,1
20250227,558.0,57.05840480572242,38.0,14.684210139889208,0
20250228,249.0,49.324868631218315,42.0,5.92857128741497,0
20250301,519.0,29.849325215861477,19.0,27.315788036011156,0
20250303,113.0,21.685289998495318,19.0,5.947368108033257,0
20250304,232.0,30.89880669915161,23.0,10.086956083175822,0
20250306,65.0,11.42340767832961,10.0,6.499999350000065,0
20250307,990.0,25.225127314814817,12.0,82.49999312500057,0
20250308,176.0,21.021296789277528,13.0,13.5384604970415,0
20250309,98.0,14.101817802164657,12.0,8.166665986111168,0
20250310,80.0,13.64139958563376,12.0,6.666666111111158,0
20250311,714.0,40.19192223122324,23.0,31.043476911153178,0
20250312,531.0,41.1229094597758,26.0,20.423076137573993,0
20250313,395.0,43.91755787037037,25.0,15.799999368000025,0
20250315,205.0,38.42200050927105,28.0,7.321428309948988,0
20250317,46.0,14.547544156786838,15.0,3.066666462222236,0
20250318,113.0,25.80854905213848,23.0,4.913043264650293,0
20250319,982.0,44.13275616615933,28.0,35.071427318877596,0
20250320,286.0,45.705528999178235,25.0,11.439999542400018,0
20250322,244.0,47.06698149241293,37.0,6.594594416362313,0
20250323,261.0,37.85129285400125,34.0,7.6764703624567545,0
20250324,271.0,22.205502442186162,19.0,14.26315714404436,0
20250325,535.0,37.98489565851457,26.0,20.576922285502988,0
20250326,634.0,38.42735448326948,24.0,26.416665565972266,0
20250327,1445.0,61.73854718859233,27.0,53.518516536351235,0
20250328,8084.0,320.4526030695155,47.0,171.9999963404256,0
20250329,1232.0,108.45405092592593,52.0,23.6923072366864,0
20250330,1151.0,127.76443899164333,62.0,18.564515829604584,0
20250331,827.0,76.02644737146693,45.0,18.377777369382727,0
20250401,4154.0,93.06541969535627,41.0,101.31707069958365,0
20250402,455.0,35.44410620862077,23.0,19.782607835538787,0
20250403,160.0,27.270475484976156,24.0,6.6666663888889,0
20250404,288.0,34.41884368308351,27.0,10.666666271604953,0
20250405,496.0,48.419771537142594,39.0,12.717948391847479,0
20250408,1038.0,41.24589101347284,23.0,45.13043282041596,0
20250409,545.0,35.05487522570489,24.0,22.708332387152815,0
20250410,286.0,27.86828398805528,21.0,13.619046970521572,0
20250411,712.0,115.04484003889068,58.0,12.275861857312726,0
20250412,2009.0,292.04090372462326,196.0,10.249999947704081,0
20250413,2419.0,295.9249386545673,237.0,10.20675101178586,0
20250414,3133.0,121.95242890378138,69.0,45.40579644339426,0
20250415,1114.0,104.63518409204023,75.0,14.853333135288892,0
20250417,97.0,14.699405514798887,11.0,8.818181016529,0
20250418,3403.0,71.50172286964265,19.0,179.1052537313024,0
20250419,2751.0,61.17177480960208,17.0,161.8235198927341,0
20250420,638.0,45.81153062641789,20.0,31.89999840500008,0
20250421,1299.0,30.88597851752396,20.0,64.94999675250016,0
20250422,761.0,60.072132134217625,27.0,28.185184141289476,0
20250423,170.0,22.277359167563688,18.0,9.444443919753114,0
20250424,153.0,20.018935623509805,16.0,9.562499402343787,0
20250425,121.0,11.378089009780659,10.0,12.099998790000122,0
20250426,55.0,11.49439801847265,10.0,5.499999450000056,0
20250427,83.0,14.030094334162857,12.0,6.916666090277826,0
20250430,1447.0,18.856879948145746,11.0,131.54544258677797,0
20250503,99.0,13.923516748072872,12.0,8.249999312500059,0
20250504,260.0,17.728509091750873,14.0,18.571427244898054,0
20250507,187.0,17.22292182689414,13.0,14.384614278106595,0
20250508,441.0,36.576223711471464,25.0,17.639999294400027,0
20250509,243.0,11.941491023993889,10.0,24.299997570000244,0
20250510,275.0,20.946709879043926,12.0,22.916664756944606,0
20250511,1210.0,17.951375063660354,12.0,100.83332493055626,0
20250513,8403.0,69.04637892519416,9.0,933.6665629259376,0
20250514,16350.0,354.8365452504138,22.0,743.181784400828,0
20250516,159.0,6.509595129516887,4.0,39.749990062502484,0
20250517,16.0,3.498418722327641,3.0,5.333331555556148,0
20250518,49.0,5.66016357232404,5.0,9.799998040000391,0
20250519,2507.0,16.792724284408024,5.0,501.39989972002,0
20250522,102.0,7.62757103999074,6.0,16.99999716666714,0
20250523,58.0,6.89439570360425,6.0,9.666665055555823,0
20250524,1552.0,27.56060465762304,10.0,155.19998448000158,0
20250526,2001.0,49.61962359368489,11.0,181.90907437190234,0
20250527,225.0,29.226654011759802,15.0,14.999999000000068,0
20250528,131.0,13.32939419893979,11.0,11.90908982644638,0
20250529,363.0,8.66625383413392,7.0,51.85713544898065,0
20250530,4249.0,74.79457875966838,17.0,249.94116176816695,0
20250531,4873.0,355.9807246779724,43.0,113.32557875987027,0
20250601,502.0,12.059075441561147,8.0,62.74999215625099,0
20250602,2180.0,64.34094565657735,12.0,181.66665152777904,0
20250603,923.0,31.317981897729116,11.0,83.90908328099243,0
20250604,608.0,15.832552056205655,8.0,75.99999050000119,0
20250605,450.0,26.81578277274937,10.0,44.99999550000045,0
20250606,207.0,18.56382239918515,12.0,17.24999856250012,0
20250608,62.0,6.2720443549320555,5.0,12.399997520000495,0
20250609,82.0,4.793187263446647,4.0,20.49999487500128,0
20250612,304.0,30.558694846983656,21.0,14.476189786848105,0
20250613,791.0,35.97115673973934,23.0,34.39130285255205,0
20250614,5070.0,100.05179697899185,39.0,129.99999666666676,0
20250615,5454.0,202.11666414725752,63.0,86.57142719727894,0
20250616,3978.0,190.56151905180795,102.0,38.99999961764706,0
20250617,314.0,94.58864840707399,91.0,3.450549412631325,0
20250618,532.0,74.68302802969967,47.0,11.319148695337262,0
20250619,12534.0,108.61612806148433,29.0,432.2068816480386,0
20250620,3385.0,51.59537257806894,9.0,376.1110693209923,0
20250621,88.0,5.928678079099969,5.0,17.599996480000705,0
20250623,255.0,14.433226075281263,10.0,25.499997450000258,0
20250625,46.0,6.038913838603639,5.0,9.199998160000368,0
20250626,49.0,7.292768183712209,6.0,8.166665305555782,0
20250627,70.0,5.168235008160005,4.0,17.499995625001095,0
20250628,171.0,4.806530394925691,3.0,56.99998100000633,0
20250629,38.0,6.067281650038195,5.0,7.599998480000304,0
20250630,67.0,7.333452937636002,6.0,11.166664805555865,0
20250701,39.0,6.024757517535128,6.0,6.499998916666847,0
20250704,84.0,6.357380957892544,5.0,16.79999664000067,0
20250707,150.0,15.12285677900367,11.0,13.636362396694329,0
20250708,1528.0,43.599844536742694,10.0,152.79998472000153,0
20250709,783.0,21.702501244256165,11.0,71.1818117107444,0
20250710,567.0,33.63089726376221,22.0,25.772726101239723,0
20250714,226.0,35.722475577573036,27.0,8.370370060356665,0
20250715,92.0,17.24036714237763,16.0,5.749999640625022,0
20250716,224.0,17.437394384129263,14.0,15.99999885714294,0
20250718,180.0,29.440495654418726,26.0,6.923076656804744,0
20250719,234.0,41.09830202437585,37.0,6.3243241533966446,0
20250728,71.0,13.055882216769295,12.0,5.916666173611152,0
20250729,1454091.0,42.84328370195474,16.0,90880.68181995738,1
20250730,260.0,20.523328356308667,16.0,16.24999898437506,0
20250731,77.0,13.702354221162526,12.0,6.416666131944489,0
20250801,165.0,29.10413797094739,22.0,7.499999659090924,0
20250802,175.0,20.666215262104007,15.0,11.666665888888941,0
20250803,2036.0,44.695090050465296,25.0,81.43999674240013,0
20250804,1421.0,50.352682446900864,20.0,71.04999644750018,0
20250806,672.0,56.7477111473778,39.0,17.23076878895465,0
20250807,1502.0,89.44879187745427,47.0,31.95744612856498,0
20250808,2004.0,84.15669571877865,33.0,60.7272708870524,0
20250809,1169.0,77.08335651690082,43.0,27.186045879394282,0
20250810,1663.0,155.80207706201082,72.0,23.097221901427474,0
20250811,1040.0,191.07070929209686,147.0,7.074829883844695,0
20250812,1151.0,115.59019410396195,75.0,15.346666462044448,0
20250813,217.0,32.04181906569749,23.0,9.43478219848773,0
20250816,138.0,11.180509387414725,8.0,17.249997843750272,0
20250817,86.0,13.289990703439727,10.0,8.599999140000087,0
20250818,92.0,8.475282776349614,7.0,13.142855265306391,0
20250819,696.0,35.74857923307522,11.0,63.27272152066168,0
20250820,132.0,20.294034584133893,13.0,10.153845372781126,0
20250821,171.0,14.770171884947045,11.0,15.545453132231534,0
20250822,1111.0,91.34572959709249,20.0,55.54999722250014,0
20250824,845.0,91.16239365704034,76.0,11.118420906336567,0
20250825,3268.0,157.4872854381518,74.0,44.162161565376195,0
20250827,501.0,81.71312993356328,65.0,7.707692189112429,0
20250828,1017.0,116.36419510162507,93.0,10.935483753381895,0
20250829,734.0,71.69936108153155,58.0,12.65517219560048,0
20250830,1745.0,154.59130998402742,57.0,30.614034550630976,0
20250901,237.0,44.83442903770921,39.0,6.076922921104541,0
20250902,326.0,32.425614908270155,26.0,12.538461056213036,0
20250903,170.0,32.61211167183666,28.0,6.071428354591844,0
20250904,534.0,38.01044017732097,29.0,18.413792468489913,0
20250905,755.0,30.51373906199361,25.0,30.19999879200005,0
20250906,771.0,88.39727771476191,59.0,13.067796388681417,0
20250907,624.0,58.42964789221474,48.0,12.999999729166673,0
20250908,52.0,8.856797268360438,8.0,6.499999187500102,0
20250909,55.0,5.88974537037037,5.0,10.99999780000044,0
20250910,56.0,8.235418041231148,7.0,7.99999885714302,0
20250911,529.0,17.037455004224682,10.0,52.899994710000534,0
20250912,58.0,8.721002372822502,8.0,7.249999093750114,0
20250913,60.0,14.037617046888203,13.0,4.615384260355057,0
20250915,176.0,20.68205335956942,18.0,9.777777234567932,0
20250916,192.0,34.096712560358505,18.0,10.666666074074106,0
20250917,27.0,8.700798354905045,9.0,2.999999666666704,0
20250918,190.0,22.404863190633474,17.0,11.176469930795886,0
20250919,934.0,39.18487798103751,21.0,44.476188358276744,0
20250920,151.0,22.055801801567597,18.0,8.388888422839532,0
20250923,660.0,24.27251608291637,20.0,32.999998350000084,0
20250925,161.0,37.133422073036634,33.0,4.8787877309458265,0
20250930,1772.0,95.86714662715866,50.0,35.43999929120002,0
20251001,735.0,86.33071750176511,48.0,15.31249968098959,0
20251002,801.0,35.352396495248676,29.0,27.62068870273487,0
20251003,892.0,104.55123560391226,55.0,16.21818152330579,0
20251004,282.0,40.958563855644805,35.0,8.057142626938782,0
20251005,173.0,37.87059586091949,35.0,4.942857001632658,0
20251006,269.0,22.943606542196704,14.0,19.214284341836834,0
20251007,520.0,13.808612950219706,6.0,86.66665222222463,0
20251008,79.0,7.138789541303518,6.0,13.166664472222587,0
20251009,1403.0,38.30345961086612,7.0,200.42854279592245,0
20251010,97.0,7.7574452816648725,6.0,16.166663972222672,0
20251011,125.0,11.15870737748559,9.0,13.888887345679185,0
20251012,522.0,44.540991006632176,24.0,21.749999093750038,0
20251013,1917.0,144.72071946942603,51.0,37.58823455709344,0
20251014,2320.0,128.31659664108707,86.0,26.976743872363443,0
20251015,3636.0,332.8985820938712,154.0,23.610389457075392,0
20251017,1028.0,113.76740371765277,78.0,13.179487010519397,0
20251018,1001.0,169.6398442724754,120.0,8.341666597152779,0
20251019,1376.0,97.73270214588301,67.0,20.53731312630876,0
20251020,636.0,69.45588286359164,40.0,15.89999960250001,0
20251021,189.0,17.96625479137957,15.0,12.599999160000056,0
20251022,217.0,39.520261120177786,20.0,10.849999457500026,0
20251023,280.0,14.096891059771286,9.0,31.111107654321373,0
20251025,100.0,6.930551536547254,6.0,16.666663888889353,0
20251026,53.0,5.32165841011158,5.0,10.599997880000423,0
20251027,78.0,5.396229035730407,4.0,19.499995125001217,0
20251028,62.0,5.429017882979339,5.0,12.399997520000495,0
20251031,412.0,43.524233512412,26.0,15.846153236686414,0
20251101,255.0,16.897959419887265,11.0,23.181816074380357,0
20251102,661.0,43.46180378721237,18.0,36.72222018209888,0
20251103,3508.0,252.42666327144775,44.0,79.7272709152893,0
20251104,12251.0,463.03993147989536,49.0,250.02040306080812,0
20251105,6368.0,294.1175272289547,60.0,106.13333156444448,0
20251106,721.0,50.51310809403104,32.0,22.531249295898462,0
20251107,1131.0,87.74904221211385,41.0,27.585365180844754,0
20251108,249.0,29.528792175473118,23.0,10.826086485822326,0
20251109,10747.0,328.0994710464484,22.0,488.49997779545555,0
20251110,8260.0,528.7673850641233,61.0,135.40983384574042,0
20251112,180.0,18.652318005973008,14.0,12.857141938775577,0
20251113,308.0,38.028745726195496,22.0,13.999999363636391,0
20251114,19326.0,472.5513322067641,32.0,603.9374811269538,0
20251115,625.0,37.10033913214579,29.0,21.551723394768157,0
20251116,241.0,50.39130636052217,40.0,6.024999849375004,0
20251118,90.0,8.689630890957277,7.0,12.857141020408426,0
20251119,643.0,21.460732681289425,8.0,80.37498995312626,0
20251120,119.0,17.636156348021345,13.0,9.153845449704196,0
20251121,237.0,14.572397509201602,12.0,19.749998354166806,0
20251122,377.0,16.559812489148676,12.0,31.41666404861133,0
20251123,79.0,10.993020429423,9.0,8.777776802469244,0
20251124,127.0,8.758871733141971,6.0,21.166663138889476,0
20251125,101.0,8.916452531425794,6.0,16.833330527778244,0
20251126,95.0,9.973239811567531,8.0,11.874998515625187,0
20251127,147.0,19.736130563111292,15.0,9.799999346666711,0
20251128,5137.0,118.49703703703703,81.0,63.41975230345985,0
20251129,2117.0,244.0405990324746,105.0,20.161904569886623,0
20251130,556.0,145.04073058092294,108.0,5.14814810048011,0
20251201,12579.0,378.74157069274844,72.0,174.70833090682873,0
20251202,271.0,36.10064348872737,28.0,9.678571082908176,0
20251203,262.0,50.750497708227236,41.0,6.390243746579421,0
20251204,4142.0,106.69927196546176,62.0,66.80645053537984,0
20251205,237.0,44.59765280037183,35.0,6.7714283779591895,0
20251206,4945.0,77.57759129579259,21.0,235.47617926303906,0
20251207,374.0,49.997326296051945,40.0,9.349999766250006,0
20251208,8619.0,136.4537941571369,43.0,200.44185580367778,0
20251209,983.0,113.43338552540014,83.0,11.843373351284658,0
20251210,3226.0,102.63887538486469,47.0,68.63829641195115,0
20251211,593.0,26.282383059564904,19.0,31.21052467313028,0
20251212,1355.0,55.56378853299686,24.0,56.45833098090287,0
20251213,572.0,23.38739510388333,13.0,43.99999661538488,0
20251214,200.0,15.564100189823604,11.0,18.181816528925772,0
20251215,196.0,10.724969326573605,7.0,27.99999600000057,0
20251216,148.0,8.052530332703695,6.0,24.66666255555624,0
20251217,42.0,8.9729044834308,8.0,5.2499993437500825,0
20251218,34.0,6.494340585424688,6.0,5.66666572222238,0
20251219,706.0,23.377810191938135,13.0,54.30768813017784,0
20251220,681.0,24.43043865843917,14.0,48.6428536683676,0
20251221,944.0,43.880781517662854,22.0,42.90908895867777,0
20251222,556.0,30.32766243084971,14.0,39.71428287755123,0
20251223,75.0,15.134776318073962,14.0,5.357142474489824,0
20251224,267.0,34.488886314936,24.0,11.124999536458352,0
20251225,90.0,26.99300909743281,26.0,3.461538328402372,0
20251226,381.0,33.4523883931155,28.0,13.607142371173486,0
20251227,3736.0,98.83290122456539,40.0,93.39999766500006,0
20251229,1426.0,69.18891859671054,51.0,27.96078376547483,0
20251230,262.0,49.27391837774022,38.0,6.894736660664825,0
20260101,576.0,38.18551700987371,24.0,23.99999900000004,0
20260102,319.0,23.087884996006807,18.0,17.722221237654374,0
20260103,461.0,23.4934254693613,19.0,24.263156617728598,0
20260104,124.0,21.842901456052225,19.0,6.526315445983397,0
20260105,161.0,25.74428214269179,21.0,7.666666301587319,0
20260106,284.0,34.79961803345101,25.0,11.359999545600017,0
20260107,189.0,16.252002222119348,14.0,13.499999035714355,0
20260108,294.0,33.497494125953445,15.0,19.599998693333422,0
20260109,162.0,9.43609005150761,8.0,20.24999746875032,0
20260110,192.0,9.881060684977488,5.0,38.39999232000154,0
20260111,2426.0,129.7305978355229,6.0,404.33326594445566,0
20260112,1554.0,101.04494316998078,27.0,57.55555342386839,0
20260113,123.0,17.140504190008798,13.0,9.461537733727868,0
20260114,1156.0,43.874602127388684,19.0,60.842102060942,0
20260115,555.0,36.85549434014676,20.0,27.749998612500068,0
20260116,395.0,29.3090652345016,20.0,19.749999012500048,0
20260117,206.0,41.14837189633299,32.0,6.4374997988281315,0
20260118,12426.0,822.5218740743603,38.0,326.9999913947371,0
20260119,679.0,53.94220730366341,36.0,18.861110587191373,0
20260120,182.0,32.253295832031206,26.0,6.9999997307692405,0
20260121,2415.0,81.5551864626496,24.0,100.62499580729184,0
20260122,605.0,36.88963609426362,27.0,22.40740657750346,0
20260123,271.0,43.90541447718697,27.0,10.037036665294938,0
20260124,198.0,22.99289384750706,21.0,9.428570979591857,0
20260125,477.0,36.31902728103985,22.0,21.681817196281035,0
20260126,483.0,25.273609037350834,17.0,28.411763034602174,0
20260127,136.0,22.211384654559765,16.0,8.499999468750033,0
20260128,48.0,9.488130374897276,8.0,5.999999250000094,0
20260129,54.0,9.133231488554035,8.0,6.749999156250106,0
20260130,78.0,17.99784717238825,16.0,4.8749996953125185,0
20260131,451.0,77.82057158731813,62.0,7.274193431061397,0
20260201,27465.0,561.2884206328105,186.0,147.66128952870275,0
20260202,23632.0,2476.207917268987,1063.0,22.231420487082385,0
20260203,2579.0,1049.4863965550987,931.0,2.7701396318258436,0
20260204,4019.0,361.46146037910717,148.0,27.155405221922937,0
20260205,2030.0,275.10159129532764,90.0,22.555555304938274,0
20260206,346.0,35.215797338151994,29.0,11.931034071343653,0
20260207,393.0,46.92417560794935,37.0,10.621621334550776,0
20260208,2056.0,140.60416449645243,97.0,21.19587607014561,0
20260209,571.0,36.76546839193537,28.0,20.39285641454084,0
20260210,169.0,45.78382557112205,35.0,4.828571290612249,0
20260211,997.0,70.05319148936171,27.0,36.92592455829909,0
20260212,1072.0,26.116358508926975,8.0,133.99998325000212,0
20260214,339.0,7.965946315094973,5.0,67.79998644000271,0
20260215,73.0,3.8869357789666275,3.0,24.333325222224925,0
20260216,1637.0,46.627699715271184,4.0,409.24989768752556,0
20260218,14.0,3.144746042845337,3.0,4.666665111111629,0
20260219,104.0,6.8422760311140705,4.0,25.999993500001626,0
20260221,30.0,3.1393052677878996,3.0,9.999996666667776,0
20260222,117.0,7.381186629010602,4.0,29.249992687501827,0
20260223,16.0,2.888968630628545,3.0,5.333331555556148,0
20260224,244.0,43.97914303571842,25.0,9.759999609600015,0
20260225,1618.0,58.526407778227906,23.0,70.34782302835552,0
20260226,421.0,17.498367979999074,13.0,32.384612893491315,0
20260227,213.0,16.476926282162577,13.0,16.38461412426045,0
20260228,313.0,33.84050002893686,22.0,14.22727208057854,0
20260301,313.0,36.944928643355674,25.0,12.51999949920002,0
20260302,249.0,21.658664752997822,18.0,13.833332564814857,0
20260303,133.0,11.641191245066379,9.0,14.777776135802652,0
20260304,189.0,9.742262552373898,5.0,37.79999244000151,0
20260305,79.0,9.047155506684415,7.0,11.285712673469618,0
20260306,47.0,7.3578480734284755,7.0,6.714284755102177,0
20260307,39.0,7.110073266432862,6.0,6.499998916666847,0
20260308,84.0,8.2248020741701,7.0,11.99999828571453,0
20260309,403.0,14.659934257737447,8.0,50.37499370312579,0
20260310,223.0,14.477875389191754,8.0,27.874996515625437,0
20260311,38.0,7.388724276024908,7.0,5.428570653061335,0
20260312,72.0,16.381779043122005,14.0,5.14285677551023,0
20260313,527.0,72.8563988611902,32.0,16.46874948535158,0
20260314,131.0,14.476606933938768,11.0,11.90908982644638,0
20260315,607.0,13.4248856994039,6.0,101.16664980555836,0
20260316,1803.0,25.344488668670294,4.0,450.74988731252813,0
20260317,18.0,3.6846987881950484,3.0,5.999998000000667,0
20260318,1584.0,33.940032640022224,8.0,197.9999752500031,0
20260319,93.0,3.7759884225759768,3.0,30.99998966667011,0
20260320,23.0,3.4277873626437247,3.0,7.666664111111962,0
20260321,59.0,4.667565628038335,4.0,14.74999631250092,0
20260322,133.0,11.068881301001216,9.0,14.777776135802652,0
20260323,148.0,15.852370365223836,11.0,13.454544231405071,0
20260324,401.0,20.560991701100733,8.0,50.124993734375785,0
20260325,162.0,26.258831427380898,23.0,7.043477954631393,0
20260326,2812.0,60.910646079770366,29.0,96.96551389774089,0
20260327,284.0,37.77301032455206,24.0,11.833332840277798,0
20260328,784.0,100.14388231072839,43.0,18.232557715521914,0
20260329,101.0,18.21413690131716,15.0,6.733332884444475,0
20260330,9841.0,410.230482539903,44.0,223.65908582592988,0
20260331,48.0,9.599006921456516,9.0,5.333332740740807,0
20260401,467.0,26.297887609236646,11.0,42.454541595041675,0
20260402,2359.0,67.24374971063475,20.0,117.94999410250028,0
20260403,943.0,36.443991759068496,18.0,52.38888597839522,0
20260404,5348.0,94.00090281957497,21.0,254.6666545396831,0
20260405,190.0,10.165547813606796,7.0,27.142853265306677,0
20260406,36.0,6.293464007177859,5.0,7.199998560000288,0
20260407,103.0,9.625974922351316,7.0,14.714283612245199,0
20260408,48.0,10.383655329633639,10.0,4.799999520000048,0
20260409,66.0,7.244542895380498,5.0,13.199997360000527,0
20260410,31.0,3.294624368425412,3.0,10.333329888890036,0
20260411,90.0,2.8865770020772166,2.0,44.99997750001125,0
20260412,115.0,3.6801085872062,2.0,57.49997125001437,0
20260413,41.0,2.6393585295380437,2.0,20.499989750005124,0
20260414,24.0,2.89331772939527,2.0,11.999994000003,0
20260415,30.0,3.519204929805866,3.0,9.999996666667776,0
20260418,74.0,4.304725057050518,3.0,24.666658444447183,0
20260419,24.0,3.4905282415877354,3.0,7.999997333334222,0
20260420,66.0,5.092818600773488,4.0,16.49999587500103,0
20260421,255.0,13.870918402818011,8.0,31.874996015625502,0
20260422,69.0,7.8936964078794905,7.0,9.857141448979792,0
20260424,15067.0,375.89533322530616,54.0,279.018513351509,0
20260425,733.0,27.01541738043428,17.0,43.117644522491496,0
20260426,4059.0,103.64332021301227,52.0,78.05769080658287,0
20260427,567.0,29.449350679413875,13.0,43.61538126035529,0
20260428,1024.0,50.665366452150565,29.0,35.31034360998815,0
20260430,236.0,17.174927079957406,12.0,19.666665027777917,0
20260501,376.0,11.759369429847913,10.0,37.59999624000038,0
20260502,481.0,24.980137969350434,16.0,30.062498121093867,0
20260503,137.0,11.617718207808142,10.0,13.699998630000138,0
20260504,1175.0,19.854981712116302,10.0,117.49998825000118,0
20260505,347.0,13.150921338950877,8.0,43.37499457812568,0
20260506,38.0,5.7514062825528365,5.0,7.599998480000304,0
20260507,1746.0,93.0680587064216,12.0,145.499987875001,0
20260508,202.0,15.118299231552633,9.0,22.444441950617563,0
20260509,105.0,15.116556322051947,12.0,8.749999270833394,0
20260510,3812.0,97.47440912984096,13.0,293.23074667455796,0
20260511,84.0,8.626961896384092,8.0,10.499998687500165,0
20260512,75.0,10.912426501226909,9.0,8.33333240740751,0
20260513,79.0,10.062432000740758,8.0,9.874998765625156,0
20260514,326.0,31.553301078753645,15.0,21.733331884444542,0
20260515,596.0,11.015081542183177,5.0,119.19997616000477,0
20260516,1422.0,36.13346682716792,5.0,284.39994312001136,0
20260517,978.0,26.9844449975112,9.0,108.66665459259394,0
20260518,72.0,3.305539278634567,2.0,35.999982000009,0
20260519,85.0,4.20245150238437,2.0,42.49997875001062,0
20260520,30.0,5.909371853189347,5.0,5.99999880000024,0
20260521,545.0,14.070361239394886,6.0,90.83331819444696,0
20260523,285.0,26.61495543465679,17.0,16.76470489619383,0
20260524,236.0,16.206963204740905,10.0,23.599997640000236,0
20260525,233.0,27.33454865330972,17.0,13.705881546712849,0
20260526,576.0,25.67547484287649,19.0,30.315787878116424,0
20260527,130.0,10.851754111832587,8.0,16.249997968750254,0
20260528,133.0,9.057333981436475,8.0,16.624997921875263,0
20260529,638.0,36.56666319432388,8.0,79.74999003125126,0
20260530,204.0,10.489698597157275,8.0,25.499996812500402,0
20260531,61.0,8.94394037589112,7.0,8.714284469387932,0
20260601,42.0,5.257054888070931,5.0,8.399998320000336,0
20260602,2043.0,43.00655107757124,14.0,145.9285610051028,0
20260603,7190.0,155.93896778823338,15.0,479.33330137777995,0
20260605,184.0,17.90406408074915,12.0,15.333332055555664,0
20260606,1019.0,48.33651252966028,16.0,63.687496019531494,0
20260607,119.0,14.126636341539637,11.0,10.818180834710834,0
20260608,362.0,15.706476069216968,10.0,36.199996380000364,0
20260610,288.0,9.159023565905828,6.0,47.999992000001335,0
20260611,507.0,22.955530348627253,9.0,56.333327074074774,0
20260612,217.0,12.270704221338917,9.0,24.111108432099066,0
20260613,110.0,8.936710765420095,6.0,18.333330277778288,0
20260614,59.0,5.040604671620715,4.0,14.74999631250092,0
