filename,activity_score,activity_level,trend
VS1_T26_0219_003442_20260325_164144_LG_lev1_V2_1.fits,83.47837516613329,Very High,Increasing
VS1_T26_0219_003442_20260325_164006_LG_lev1_V2_1.fits,83.34801074947097,Very High,Increasing
VS1_T26_0219_003442_20260325_163513_LG_lev1_V2_1.fits,83.13353519497039,Very High,Increasing
VS1_T26_0219_003442_20260325_164055_LG_lev1_V2_1.fits,82.84714879728486,Very High,Increasing
VS1_T26_0219_003442_20260325_170433_LG_lev1_V2_1.fits,82.29815359853431,Very High,Increasing
VS1_T26_0219_003442_20260325_163602_LG_lev1_V2_1.fits,82.2108839628889,Very High,Increasing
VS1_T26_0219_003442_20260325_163828_LG_lev1_V2_1.fits,82.18419352033533,Very High,Increasing
VS1_T26_0219_003442_20260325_170700_LG_lev1_V2_1.fits,82.0902323842652,Very High,Increasing
VS1_T26_0219_003442_20260325_170206_LG_lev1_V2_1.fits,81.93467474485264,Very High,Increasing
VS1_T26_0219_003442_20260325_170838_LG_lev1_V2_1.fits,81.8962649987242,Very High,Increasing
