Frame_ID,DATE-OBS,DATE,TIME,Exposure,CHANNEL,GAIN,TEMP,FRAMEBIN,ROI,filename,mean,median,std,min,max,p90,p95,p99,bright_pixels,bright_fraction,num_regions,largest_region,grad_mean,grad_std,grad_max,grad_energy,contrast,homogeneity,energy,correlation,ASM,entropy,left_mean,right_mean,top_mean,bottom_mean,LR_ratio,TB_ratio,inner_mean,outer_mean,outer_inner_ratio,radial_slope,delta_seconds,Frame_ID_change,mean_change,median_change,std_change,min_change,max_change,p90_change,p95_change,p99_change,bright_pixels_change,bright_fraction_change,num_regions_change,largest_region_change,grad_mean_change,grad_std_change,grad_max_change,grad_energy_change,contrast_change,homogeneity_change,energy_change,correlation_change,ASM_change,entropy_change,left_mean_change,right_mean_change,top_mean_change,bottom_mean_change,LR_ratio_change,TB_ratio_change,inner_mean_change,outer_mean_change,outer_inner_ratio_change,radial_slope_change,delta_seconds_change
0,2026-03-24 03:56:21.921680,2026-03-24,03:56:21.921680,HG,Spectroscopy- 1,1X10X,-5 DegC,NO,Full-Frame,VS1_T26_0212_003435_20260324_035621_HG_lev1_V2_1.fits,96.24859,50.0,86.019005,1.0,255.0,255.0,255.0,255.0,0,0.0,0,0.0,20.243895,18.847418,730.02057,765.04034,5.202801137679481,0.629538037593827,0.1542166086927675,0.9996484604610888,0.0237827623966981,4.611570654995586,102.643585,89.85356,106.43157,86.065605,1.1423429,1.2366331,42.99623,108.25606,2.5178034,-65.25983,0.0,,,,,,,,,,,,,,,,,,,,,,,,,,,,,,,,,,
1,2026-03-24 03:56:21.921680,2026-03-24,03:56:21.921680,LG,Spectroscopy- 1,1X10X,-5 DegC,NO,Full-Frame,VS1_T26_0212_003435_20260324_035621_LG_lev1_V2_1.fits,69.11433,45.0,55.917564,1.0,255.0,164.0,194.0,239.0,26979,0.0097580295138888,43,14775.0,29.968027,28.462597,721.3876,1708.2023,2.262846297475684,0.7494537855099201,0.0852205176239094,0.9996382211041734,0.007262536624087,4.8786346546163735,74.00893,64.21971,75.54389,62.68477,1.1524332,1.2051395,39.89184,76.06423,1.9067616,-36.17239,0.0,1.0,-27.134259999999998,-5.0,-30.10144100000001,0.0,0.0,-91.0,-61.0,-16.0,26979.0,0.0097580295138888,43.0,14775.0,9.724132,9.615178999999998,-8.63297,943.1619599999999,-2.939954840203797,0.11991574791609316,-0.06899609106885808,-1.0239356915353603e-05,-0.0165202257726111,0.2670639996207873,-28.634654999999995,-25.633849999999995,-30.88767999999999,-23.380835000000005,0.010090299999999885,-0.0314935999999999,-3.104389999999995,-32.19183000000001,-0.6110418,29.087439999999994,0.0
2,2026-03-24 03:57:10.824395,2026-03-24,03:57:10.824395,HG,Spectroscopy- 1,1X10X,-5 DegC,NO,Full-Frame,VS1_T26_0212_003435_20260324_035710_HG_lev1_V2_1.fits,96.00955,50.0,86.09198,2.0,255.0,255.0,255.0,255.0,0,0.0,0,0.0,20.292559,18.878065,756.67694,768.1692,5.19816646885132,0.6295202561716731,0.1541254112343464,0.9996493708247772,0.0237546423881563,4.609569211195613,102.20515,89.81394,105.44169,86.577415,1.1379653,1.2178891,42.59117,108.00579,2.5358727,-65.41462,48.902715,1.0,26.89522000000001,5.0,30.174416000000008,1.0,0.0,91.0,61.0,16.0,-26979.0,-0.0097580295138888,-43.0,-14775.0,-9.675467999999999,-9.584532,35.289339999999925,-940.0330999999999,2.935320171375636,-0.11993352933824708,0.06890489361043699,1.1149720603786939e-05,0.0164921057640693,-0.2690654434207609,28.196219999999997,25.594229999999996,29.89779999999999,23.892645,-0.014467899999999867,0.012749600000000028,2.6993299999999962,31.94156000000001,0.6291111,-29.24223,48.902715
3,2026-03-24 03:57:10.824395,2026-03-24,03:57:10.824395,LG,Spectroscopy- 1,1X10X,-5 DegC,NO,Full-Frame,VS1_T26_0212_003435_20260324_035710_LG_lev1_V2_1.fits,70.09904,46.0,56.038097,1.0,255.0,165.0,195.0,240.0,26737,0.0096705005787037,38,15474.0,30.644728,29.26302,731.7773,1795.4235,2.290271827234831,0.747626763572657,0.083880811938041,0.9996354108760338,0.007035990611385,4.892507771143547,75.03575,65.16235,76.10869,64.089386,1.15152,1.1875397,40.99005,77.01428,1.8788531,-36.02423,0.0,1.0,-25.910510000000002,-4.0,-30.053883000000006,-1.0,0.0,-90.0,-60.0,-15.0,26737.0,0.0096705005787037,38.0,15474.0,10.352169,10.384955000000001,-24.899639999999977,1027.2543,-2.907894641616489,0.11810650740098394,-0.07024459929630539,-1.3959948743424988e-05,-0.0167186517767713,0.2829385599479348,-27.16940000000001,-24.65159,-29.333,-22.488028999999997,0.01355470000000003,-0.03034939999999997,-1.6011200000000017,-30.991510000000005,-0.6570196000000001,29.390389999999996,-48.902715
4,2026-03-24 03:57:59.726975,2026-03-24,03:57:59.726975,HG,Spectroscopy- 1,1X10X,-5 DegC,NO,Full-Frame,VS1_T26_0212_003435_20260324_035759_HG_lev1_V2_1.fits,96.00629,50.0,86.07827,1.0,255.0,255.0,255.0,255.0,0,0.0,0,0.0,20.310352,18.933935,737.9119,771.00433,5.211684011695229,0.6297566146263255,0.1541449513662398,0.9996483465581832,0.0237606660317004,4.609086719471591,102.17716,89.83542,105.354355,86.658226,1.1373817,1.2157456,42.607903,107.99476,2.5346181,-65.386856,48.90258,1.0,25.907250000000005,4.0,30.040173000000003,0.0,0.0,90.0,60.0,15.0,-26737.0,-0.0096705005787037,-38.0,-15474.0,-10.334375999999999,-10.329085,6.134599999999978,-1024.4191700000001,2.9214121844603977,-0.11787014894633152,0.07026413942819879,1.2935682149439742e-05,0.0167246754203154,-0.2834210516719562,27.141410000000008,24.673069999999996,29.245665000000002,22.568839999999994,-0.014138300000000159,0.028205899999999895,1.6178530000000038,30.98048,0.6557649999999999,-29.36262599999999,48.90258
5,2026-03-24 03:57:59.726975,2026-03-24,03:57:59.726975,LG,Spectroscopy- 1,1X10X,-5 DegC,NO,Full-Frame,VS1_T26_0212_003435_20260324_035759_LG_lev1_V2_1.fits,70.23501,46.0,56.03587,1.0,255.0,165.0,195.0,240.0,27001,0.0097659866898148,52,15567.0,30.653275,29.313606,716.49426,1798.9108,2.285481197892543,0.7484895065823468,0.0838684131680906,0.9996361445989488,0.0070339107273335,4.894103817227442,75.182915,65.28709,76.20264,64.26739,1.151574,1.1857123,41.159725,77.1452,1.8742886,-35.985477,0.0,1.0,-25.771280000000004,-4.0,-30.0424,0.0,0.0,-90.0,-60.0,-15.0,27001.0,0.0097659866898148,52.0,15567.0,10.342922999999999,10.379670999999998,-21.417639999999892,1027.9064700000001,-2.9262028138026857,0.11873289195602132,-0.07027653819814919,-1.2201959234459103e-05,-0.0167267553043669,0.2850170977558504,-26.994245000000006,-24.548329999999993,-29.151714999999996,-22.390835999999993,0.014192300000000158,-0.03003329999999993,-1.4481779999999986,-30.849559999999997,-0.6603294999999998,29.40137899999999,-48.90258
6,2026-03-24 03:58:48.629690,2026-03-24,03:58:48.629690,HG,Spectroscopy- 1,1X10X,-5 DegC,NO,Full-Frame,VS1_T26_0212_003435_20260324_035848_HG_lev1_V2_1.fits,95.89598,50.0,86.14037,1.0,255.0,255.0,255.0,255.0,0,0.0,0,0.0,20.333712,18.90307,747.9305,770.7858,5.202207329782307,0.6294382462757833,0.1540255845804083,0.999649492523196,0.0237238807053365,4.611724658683672,101.98357,89.80837,104.924065,86.8679,1.1355686,1.2078577,42.475452,107.85791,2.5393,-65.38246,48.902715,1.0,25.660969999999992,4.0,30.1045,0.0,0.0,90.0,60.0,15.0,-27001.0,-0.0097659866898148,-52.0,-15567.0,-10.319563000000002,-10.410536,31.436239999999998,-1028.125,2.9167261318897637,-0.11905126030656354,0.0701571714123177,1.3347924247231191e-05,0.016689969978003,-0.2823791585437698,26.800655000000006,24.52127999999999,28.721424999999996,22.60051,-0.01600540000000006,0.02214539999999987,1.3157269999999954,30.71271,0.6650113999999998,-29.39698299999999,48.902715
7,2026-03-24 03:58:48.629690,2026-03-24,03:58:48.629690,LG,Spectroscopy- 1,1X10X,-5 DegC,NO,Full-Frame,VS1_T26_0212_003435_20260324_035848_LG_lev1_V2_1.fits,70.374176,46.0,56.082394,1.0,255.0,165.0,196.0,240.0,27307,0.0098766637731481,50,15627.0,30.987326,29.584454,720.56226,1835.4542,2.299260001736916,0.7464511140286847,0.0831384291640505,0.9996345583729784,0.0069119984038658,4.898900182865834,75.3531,65.39527,76.09152,64.65684,1.1522714,1.1768519,41.202118,77.26973,1.8753824,-36.06761,0.0,1.0,-25.52180399999999,-4.0,-30.057976000000004,0.0,0.0,-90.0,-59.0,-15.0,27307.0,0.0098766637731481,50.0,15627.0,10.653614000000001,10.681384000000001,-27.368240000000014,1064.6684,-2.902947328045391,0.11701286775290143,-0.0708871554163578,-1.4934150217582598e-05,-0.0168118823014707,0.2871755241821621,-26.630470000000003,-24.4131,-28.832544999999996,-22.211060000000003,0.016702800000000018,-0.031005799999999972,-1.2733339999999984,-30.58818000000001,-0.6639176,29.314849999999993,-48.902715
8,2026-03-24 03:59:37.532405,2026-03-24,03:59:37.532405,HG,Spectroscopy- 1,1X10X,-5 DegC,NO,Full-Frame,VS1_T26_0212_003435_20260324_035937_HG_lev1_V2_1.fits,95.83191,49.0,86.14306,2.0,255.0,255.0,255.0,255.0,0,0.0,0,0.0,20.394655,19.004835,754.91455,777.12573,5.26612689613247,0.6287714274403264,0.1538458663434671,0.9996452073325888,0.0236685505909719,4.612228336842438,101.834724,89.82912,104.08442,87.5794,1.1336493,1.1884578,42.28374,107.75361,2.548346,-65.469864,48.902715,1.0,25.457733999999988,3.0,30.060666000000005,1.0,0.0,90.0,59.0,15.0,-27307.0,-0.0098766637731481,-50.0,-15627.0,-10.592671,-10.579619000000001,34.352289999999925,-1058.32847,2.9668668943955545,-0.11767968658835826,0.07070743717941662,1.0648959610337627e-05,0.0167565521871061,-0.28667184602339546,26.481623999999996,24.433850000000007,27.99289999999999,22.922560000000004,-0.018622099999999975,0.011605899999999947,1.081622000000003,30.48388,0.6729636000000001,-29.402254,48.902715
9,2026-03-24 03:59:37.532405,2026-03-24,03:59:37.532405,LG,Spectroscopy- 1,1X10X,-5 DegC,NO,Full-Frame,VS1_T26_0212_003435_20260324_035937_LG_lev1_V2_1.fits,70.41265,47.0,56.055923,2.0,255.0,165.0,196.0,240.0,27129,0.0098122829861111,48,15456.0,30.961552,29.580816,736.81067,1833.6422,2.3182191552802225,0.7467179015440712,0.083250444069935,0.999631195499294,0.0069306364378413,4.898483986836842,75.389404,65.43588,75.72441,65.1009,1.152111,1.1631854,41.2244,77.267845,1.8743231,-36.043446,0.0,1.0,-25.419259999999994,-2.0,-30.087137000000006,0.0,0.0,-90.0,-59.0,-15.0,27129.0,0.0098122829861111,48.0,15456.0,10.566897,10.575980999999999,-18.103880000000004,1056.51647,-2.947907740852248,0.11794647410374481,-0.07059542227353212,-1.4011833294746978e-05,-0.016737914153130598,0.2862556499944038,-26.445319999999995,-24.393240000000006,-28.36000999999999,-22.47850000000001,0.018461700000000025,-0.025272399999999973,-1.0593399999999988,-30.485765,-0.6740229,29.426417999999998,-48.902715
11,2026-03-25 16:35:13.160620,2026-03-25,16:35:13.160620,HG,Spectroscopy- 1,1X10X,-5 DegC,NO,Full-Frame,VS1_T26_0219_003442_20260325_163513_HG_lev1_V2_1.fits,94.85148,47.0,87.03526,0.0,255.0,255.0,255.0,255.0,0,0.0,0,0.0,20.822447,19.38106,767.94403,809.1998,5.368827437471051,0.6313155114376173,0.158248057508471,0.9996456823316712,0.0250424477052043,4.560565528941439,95.11137,94.5916,102.92563,86.777336,1.0054948,1.1860888,38.52558,106.634964,2.7679002,-68.10938,0.0,2.0,24.438829999999996,0.0,30.979336999999994,-2.0,0.0,90.0,59.0,15.0,-27129.0,-0.0098122829861111,-48.0,-15456.0,-10.139105,-10.199755999999997,31.13336000000004,-1024.4424,3.0506082821908285,-0.11540239010645392,0.07499761343853602,1.448683237714743e-05,0.018111811267363,-0.33791845789540353,19.721965999999995,29.155720000000002,27.201219999999992,21.67643600000001,-0.1466162000000002,0.02290340000000013,-2.698820000000005,29.367119000000002,0.8935771000000001,-32.065934,0.0
10,2026-03-25 16:35:13.160620,2026-03-25,16:35:13.160620,LG,Spectroscopy- 1,1X10X,-5 DegC,NO,Full-Frame,VS1_T26_0219_003442_20260325_163513_LG_lev1_V2_1.fits,71.543655,48.0,56.259937,1.0,255.0,167.0,197.0,241.0,27614,0.0099877025462962,19,20013.0,32.301243,31.210144,767.6353,2017.4434,2.386986524432608,0.7427039670356942,0.0821208533417123,0.9996230038719792,0.006743834553571,4.903605876872284,74.673515,68.41381,77.13653,65.95079,1.0914977,1.1696073,41.876286,78.01593,1.8630098,-36.139645,131735.628215,-1.0,-23.307824999999994,1.0,-30.775322999999993,1.0,0.0,-88.0,-58.0,-14.0,27614.0,0.0099877025462962,19.0,20013.0,11.478795999999999,11.829083999999998,-0.30872999999996864,1208.2436000000002,-2.981840913038443,0.11138845559807686,-0.07612720416675871,-2.267845969194937e-05,-0.0182986131516333,0.34304034793084526,-20.437855,-26.17779,-25.789100000000005,-20.826546000000008,0.0860029,-0.016481500000000038,3.3507060000000024,-28.619034,-0.9048904000000002,31.969735,131735.628215
12,2026-03-25 16:36:02.063210,2026-03-25,16:36:02.063210,HG,Spectroscopy- 1,1X10X,-5 DegC,NO,Full-Frame,VS1_T26_0219_003442_20260325_163602_HG_lev1_V2_1.fits,94.9632,47.0,87.02778,1.0,255.0,255.0,255.0,255.0,0,0.0,0,0.0,20.843618,19.401098,749.9147,810.8591,5.394598555465493,0.6301880106317483,0.1583933296931891,0.9996439200509404,0.0250884468912953,4.562783850043063,94.59453,95.33184,102.683655,87.242744,0.9922658,1.1769879,38.49955,106.7474,2.7726922,-68.24785,48.90259,2.0,23.419545,-1.0,30.767843000000006,0.0,0.0,88.0,58.0,14.0,-27614.0,-0.0099877025462962,-19.0,-20013.0,-11.457625,-11.809045999999999,-17.72059999999999,-1206.5843,3.0076120310328855,-0.11251595640394585,0.07627247635147678,2.0916178961161158e-05,0.0183446123377243,-0.3408220268292208,19.92101500000001,26.91803,25.54712500000001,21.291954000000004,-0.09923189999999993,0.0073806000000000704,-3.376736000000001,28.73147,0.9096823999999999,-32.108205,-131686.725625
13,2026-03-25 16:36:02.063210,2026-03-25,16:36:02.063210,LG,Spectroscopy- 1,1X10X,-5 DegC,NO,Full-Frame,VS1_T26_0219_003442_20260325_163602_LG_lev1_V2_1.fits,69.4445,46.0,55.873302,1.0,255.0,164.0,194.0,240.0,27034,0.0097779224537037,30,20679.0,30.837599,29.523518,761.4315,1822.5956,2.275578971746179,0.7496591657489793,0.0855465861045011,0.9996356095644988,0.0073182183941348,4.86955618715886,72.134155,66.75486,74.88514,64.00387,1.0805829,1.1700096,39.97235,75.87796,1.8982611,-35.90561,0.0,1.0,-25.518699999999995,-1.0,-31.154478000000005,0.0,0.0,-91.0,-61.0,-15.0,27034.0,0.0097779224537037,30.0,20679.0,9.993981000000002,10.122419999999998,11.51679999999999,1011.7365000000001,-3.1190195837193144,0.11947115511723094,-0.07284674358868799,-8.310486441565068e-06,-0.0177702284971605,0.3067723371157971,-22.460375,-28.576980000000006,-27.798514999999995,-23.238873999999996,0.08831710000000004,-0.006978300000000104,1.4727999999999994,-30.869439999999997,-0.8744310999999998,32.34224,-48.90259
14,2026-03-25 16:36:50.965800,2026-03-25,16:36:50.965800,HG,Spectroscopy- 1,1X10X,-5 DegC,NO,Full-Frame,VS1_T26_0219_003442_20260325_163650_HG_lev1_V2_1.fits,94.8872,47.0,87.01858,0.0,255.0,255.0,255.0,255.0,0,0.0,0,0.0,20.860361,19.391598,747.3219,811.1887,5.372745628763317,0.630976632613018,0.1582844246058739,0.9996452880292104,0.0250539590728125,4.5617137664507865,94.90769,94.866745,102.439026,87.335365,1.0004317,1.1729387,38.530773,106.62252,2.7672043,-68.09175,48.90259,1.0,25.442700000000002,1.0,31.145277999999998,-1.0,0.0,91.0,61.0,15.0,-27034.0,-0.0097779224537037,-30.0,-20679.0,-9.977238,-10.131920000000001,-14.1096,-1011.4069000000001,3.097166657017138,-0.11868253313596133,0.07273783850137282,9.678464711559975e-06,0.0177357406786777,-0.30784242070807366,22.773534999999995,28.111885,27.55388599999999,23.33149499999999,-0.08015119999999998,0.002929100000000018,-1.4415769999999952,30.744559999999993,0.8689431999999999,-32.18614,48.90259
15,2026-03-25 16:36:50.965800,2026-03-25,16:36:50.965800,LG,Spectroscopy- 1,1X10X,-5 DegC,NO,Full-Frame,VS1_T26_0219_003442_20260325_163650_LG_lev1_V2_1.fits,70.68908,47.0,56.04332,1.0,255.0,166.0,196.0,241.0,26415,0.0095540364583333,28,19191.0,31.725891,30.52018,761.4315,1938.0137,2.342602912227884,0.7453932789247857,0.0834906174120556,0.99962714919957,0.0069706831958462,4.890952677589467,73.750824,67.62734,75.97468,65.40348,1.0905474,1.1616305,41.07187,77.10436,1.8773035,-36.032494,0.0,1.0,-24.198120000000003,0.0,-30.97526,1.0,0.0,-89.0,-59.0,-14.0,26415.0,0.0095540364583333,28.0,19191.0,10.86553,11.128582000000002,14.1096,1126.8249999999998,-3.030142716535433,0.11441664631176773,-0.07479380719381831,-1.81388296404128e-05,-0.0180832758769663,0.3292389111386802,-21.156866000000008,-27.23940499999999,-26.464345999999992,-21.931884999999994,0.09011569999999991,-0.01130819999999999,2.5410969999999935,-29.518159999999995,-0.8899007999999999,32.059256000000005,-48.90259
16,2026-03-25 16:37:39.868505,2026-03-25,16:37:39.868505,HG,Spectroscopy- 1,1X10X,-5 DegC,NO,Full-Frame,VS1_T26_0219_003442_20260325_163739_HG_lev1_V2_1.fits,94.92947,47.0,87.025185,1.0,255.0,255.0,255.0,255.0,0,0.0,0,0.0,20.84314,19.368793,744.7792,809.58655,5.369226927975915,0.6306816530118968,0.158482058507457,0.999645574564417,0.025116562868761,4.562685471020099,94.63455,95.22439,102.1787,87.68023,0.9938058,1.1653563,38.532433,106.65655,2.7679682,-68.124115,48.902705,1.0,24.24038999999999,0.0,30.981864999999992,0.0,0.0,89.0,59.0,14.0,-26415.0,-0.0095540364583333,-28.0,-19191.0,-10.882751000000003,-11.151387,-16.652300000000082,-1128.42715,3.026624015748031,-0.11471162591288886,0.0749914410954014,1.8425364847085568e-05,0.0181458796729148,-0.32826720656936814,20.88372600000001,27.597049999999996,26.20402,22.276749999999993,-0.09674159999999998,0.0037258000000000013,-2.5394369999999995,29.552189999999996,0.8906646999999999,-32.091621,48.902705
17,2026-03-25 16:37:39.868505,2026-03-25,16:37:39.868505,LG,Spectroscopy- 1,1X10X,-5 DegC,NO,Full-Frame,VS1_T26_0219_003442_20260325_163739_LG_lev1_V2_1.fits,69.44215,46.0,55.859818,1.0,255.0,164.0,194.0,240.0,26729,0.0096676070601851,24,19504.0,30.888716,29.535986,765.0948,1826.4872,2.2912452234830942,0.748865545717572,0.0853258749827476,0.999632924902666,0.0072805049415714,4.870188604389547,72.19946,66.68483,74.60507,64.27923,1.0826969,1.1606405,39.99154,75.81121,1.8956813,-35.81967,0.0,1.0,-25.487319999999997,-1.0,-31.165366999999996,0.0,0.0,-91.0,-61.0,-15.0,26729.0,0.0096676070601851,24.0,19504.0,10.045576,10.167193000000001,20.315600000000018,1016.90065,-3.077981704492821,0.1181838927056752,-0.0731561835247094,-1.264966175107407e-05,-0.0178360579271896,0.30750313336944846,-22.435090000000002,-28.539559999999994,-27.57363000000001,-23.400999999999996,0.0888911,-0.004715800000000048,1.459107000000003,-30.845339999999993,-0.8722869,32.304445,-48.902705
18,2026-03-25 16:38:28.771095,2026-03-25,16:38:28.771095,HG,Spectroscopy- 1,1X10X,-5 DegC,NO,Full-Frame,VS1_T26_0219_003442_20260325_163828_HG_lev1_V2_1.fits,94.92599,47.0,86.99129,1.0,255.0,255.0,255.0,255.0,0,0.0,0,0.0,20.852633,19.403708,749.1862,811.3361,5.380849423923112,0.6310809951298951,0.158345144288995,0.9996445301881304,0.0250731847199026,4.561819832825867,94.80895,95.04301,102.379814,87.47217,0.9975374,1.1704273,38.589115,106.6493,2.7637146,-68.06018,48.90259,1.0,25.48384,1.0,31.13147200000001,0.0,0.0,91.0,61.0,15.0,-26729.0,-0.0096676070601851,-24.0,-19504.0,-10.036082999999998,-10.132278,-15.908599999999979,-1015.1511,3.089604200440018,-0.1177845505876769,0.07301926930624739,1.1605285464399984e-05,0.0177926797783312,-0.30836877156368026,22.609489999999994,28.35817999999999,27.774744,23.192940000000007,-0.08515949999999994,0.009786800000000095,-1.402425000000001,30.838089999999994,0.8680333000000002,-32.24051,48.90259
19,2026-03-25 16:38:28.771095,2026-03-25,16:38:28.771095,LG,Spectroscopy- 1,1X10X,-5 DegC,NO,Full-Frame,VS1_T26_0219_003442_20260325_163828_LG_lev1_V2_1.fits,70.104256,46.0,55.971424,1.0,255.0,165.0,195.0,240.0,27429,0.0099207899305555,23,19927.0,31.33621,30.080029,756.324,1886.7662,2.330962685270958,0.746504714359219,0.0841060901208504,0.9996280489173108,0.0070738343954166,4.881297352041023,73.04255,67.16601,75.37315,64.83536,1.0874928,1.1625316,40.597164,76.50021,1.8843733,-35.90305,0.0,1.0,-24.821733999999992,-1.0,-31.019866000000007,0.0,0.0,-90.0,-60.0,-15.0,27429.0,0.0099207899305555,23.0,19927.0,10.483577,10.676320999999998,7.13779999999997,1075.4301,-3.049886738652154,0.11542371922932382,-0.0742390541681446,-1.648127081954609e-05,-0.017999350324486,0.3194775192151562,-21.76639999999999,-27.876999999999995,-27.006664,-22.63681000000001,0.08995539999999991,-0.00789569999999995,2.0080489999999998,-30.14909,-0.8793413000000001,32.15713,-48.90259
20,2026-03-25 16:39:17.673685,2026-03-25,16:39:17.673685,HG,Spectroscopy- 1,1X10X,-5 DegC,NO,Full-Frame,VS1_T26_0219_003442_20260325_163917_HG_lev1_V2_1.fits,94.87467,47.0,87.03862,1.0,255.0,255.0,255.0,255.0,0,0.0,0,0.0,20.838192,19.376785,756.37555,809.69006,5.354095501389532,0.631216331279743,0.1583357776284092,0.9996466819271218,0.025070218477193,4.562286704421156,94.79403,94.95532,102.6372,87.112144,0.9983014,1.1782192,38.498947,106.616486,2.769335,-68.11754,48.90259,1.0,24.770413999999988,1.0,31.067195999999996,0.0,0.0,90.0,60.0,15.0,-27429.0,-0.0099207899305555,-23.0,-19927.0,-10.498018000000002,-10.703243999999998,0.05155000000002019,-1077.0761400000001,3.0231328161185735,-0.11528838307947598,0.0742296875075588,1.8633009810975487e-05,0.0179963840817764,-0.31901064761986664,21.75148,27.78931,27.26405000000001,22.276784000000006,-0.08919139999999992,0.015687599999999913,-2.0982169999999982,30.116276,0.8849616999999999,-32.214490000000005,48.90259
21,2026-03-25 16:39:17.673685,2026-03-25,16:39:17.673685,LG,Spectroscopy- 1,1X10X,-5 DegC,NO,Full-Frame,VS1_T26_0219_003442_20260325_163917_LG_lev1_V2_1.fits,70.32383,46.0,56.025303,1.0,255.0,166.0,195.0,241.0,26576,0.0096122685185185,26,20076.0,31.397661,30.17179,766.7868,1896.15,2.311174878415933,0.7472260706718216,0.0844253330652299,0.999631914358888,0.007127636863175,4.881751299820007,73.17996,67.46768,75.72738,64.92028,1.084667,1.1664672,40.69353,76.760185,1.8862995,-36.066654,0.0,1.0,-24.550839999999994,-1.0,-31.013316999999994,0.0,0.0,-89.0,-60.0,-14.0,26576.0,0.0096122685185185,26.0,20076.0,10.559469,10.795005,10.411249999999995,1086.4599400000002,-3.0429206229735986,0.11600973939207859,-0.0739104445631793,-1.4767568233819972e-05,-0.017942581614018,0.3194645953988511,-21.614070000000012,-27.48764,-26.90982000000001,-22.191863999999995,0.08636560000000004,-0.011751999999999985,2.1945830000000015,-29.856300999999988,-0.8830354999999999,32.050886000000006,-48.90259
23,2026-03-25 16:40:06.576390,2026-03-25,16:40:06.576390,HG,Spectroscopy- 1,1X10X,-5 DegC,NO,Full-Frame,VS1_T26_0219_003442_20260325_164006_HG_lev1_V2_1.fits,94.95052,47.0,87.07304,1.0,255.0,255.0,255.0,255.0,0,0.0,0,0.0,20.816763,19.364779,743.96234,808.33215,5.367284115910144,0.6314268159309674,0.1585784734958448,0.9996460927080276,0.0251471322562723,4.560840680719387,94.71289,95.18817,103.39205,86.50899,0.9950069,1.1951597,38.502472,106.771416,2.7731054,-68.26894,0.0,2.0,24.626689999999996,1.0,31.047737000000005,0.0,0.0,89.0,60.0,14.0,-26576.0,-0.0096122685185185,-26.0,-20076.0,-10.580897999999998,-10.807011000000003,-22.82445999999993,-1087.8178500000001,3.056109237494211,-0.11579925474085417,0.07415314043061491,1.4178349139637447e-05,0.0180194953930973,-0.32091061910062013,21.532930000000007,27.720489999999998,27.66467,21.588709999999992,-0.08966010000000002,0.02869250000000001,-2.1910580000000053,30.011230999999995,0.8868058999999999,-32.202286,0.0
22,2026-03-25 16:40:06.576390,2026-03-25,16:40:06.576390,LG,Spectroscopy- 1,1X10X,-5 DegC,NO,Full-Frame,VS1_T26_0219_003442_20260325_164006_LG_lev1_V2_1.fits,69.67869,46.0,56.033466,1.0,255.0,165.0,195.0,240.0,27586,0.0099775752314814,27,21296.0,30.986122,29.720972,759.15875,1843.4761,2.2891706953450672,0.748634883341628,0.0849115660589659,0.9996355272171116,0.0072099740505861,4.875879935284564,72.440605,66.91677,75.523056,63.834316,1.0825478,1.1831106,40.12745,76.16868,1.8981689,-36.04123,48.902705,-1.0,-25.271829999999994,-1.0,-31.03957400000001,0.0,0.0,-90.0,-60.0,-15.0,27586.0,0.0099775752314814,27.0,21296.0,10.169359,10.356193000000001,15.196410000000014,1035.1439500000001,-3.078113420565077,0.11720806741066059,-0.07366690743687891,-1.056549091604797e-05,-0.017937158205686202,0.31503925456517656,-22.272284999999997,-28.2714,-27.868994,-22.674673999999996,0.08754089999999992,-0.012049100000000035,1.6249780000000058,-30.602736000000007,-0.8749365,32.22771,48.902705
24,2026-03-25 16:40:55.479105,2026-03-25,16:40:55.479105,HG,Spectroscopy- 1,1X10X,-5 DegC,NO,Full-Frame,VS1_T26_0219_003442_20260325_164055_HG_lev1_V2_1.fits,95.01933,47.0,87.03689,1.0,255.0,255.0,255.0,255.0,0,0.0,0,0.0,20.799997,19.356136,760.46436,807.2999,5.353449947892544,0.6318394106504801,0.1585456987883362,0.9996467101885322,0.0251367386042818,4.559562097757281,94.99067,95.04799,103.94331,86.09536,0.9993969,1.2073045,38.61155,106.86361,2.7676592,-68.25206,48.902715,2.0,25.340639999999993,1.0,31.003424000000003,0.0,0.0,90.0,60.0,15.0,-27586.0,-0.0099775752314814,-27.0,-21296.0,-10.186125,-10.364836,1.3056100000000015,-1036.1762,3.064279252547477,-0.11679547269114787,0.07363413272937029,1.11829714206646e-05,0.0179267645536957,-0.3163178375272828,22.55006499999999,28.13122,28.420254,22.261044,-0.08315089999999992,0.02419389999999999,-1.515900000000002,30.69493,0.8694903000000003,-32.21083,1.0000000003174137e-05
25,2026-03-25 16:40:55.479105,2026-03-25,16:40:55.479105,LG,Spectroscopy- 1,1X10X,-5 DegC,NO,Full-Frame,VS1_T26_0219_003442_20260325_164055_LG_lev1_V2_1.fits,70.4058,46.0,56.18406,1.0,255.0,166.0,196.0,241.0,27170,0.0098271122685185,27,21002.0,31.376163,30.146725,766.50507,1893.2886,2.3339042235988883,0.7462919283125182,0.0843772580743877,0.9996303926236052,0.0071195216801518,4.882296341726724,73.20115,67.610466,76.447296,64.364296,1.0826896,1.1877283,40.70628,76.94742,1.8903083,-36.24114,0.0,1.0,-24.613529999999997,-1.0,-30.852829999999997,0.0,0.0,-89.0,-59.0,-14.0,27170.0,0.0098271122685185,27.0,21002.0,10.576165999999997,10.790589,6.04070999999999,1085.9887,-3.019545724293656,0.11445251766203812,-0.07416844071394849,-1.631756492703751e-05,-0.01801721692413,0.3227342439694434,-21.789519999999996,-27.437523999999996,-27.496014000000002,-21.731064000000003,0.08329269999999989,-0.019576199999999933,2.0947299999999984,-29.91619,-0.8773509000000002,32.01092,-48.902715
26,2026-03-25 16:41:44.381695,2026-03-25,16:41:44.381695,HG,Spectroscopy- 1,1X10X,-5 DegC,NO,Full-Frame,VS1_T26_0219_003442_20260325_164144_HG_lev1_V2_1.fits,95.03213,47.0,87.00804,1.0,255.0,255.0,255.0,255.0,0,0.0,0,0.0,20.766623,19.331419,742.5968,804.95636,5.326741981241314,0.6321271843960596,0.1585198009239334,0.9996482410863362,0.0251285272849634,4.5569014345073615,95.2414,94.82284,104.28801,85.77625,1.0044142,1.2158145,38.604134,106.88415,2.7687228,-68.280014,48.90259,1.0,24.626329999999996,1.0,30.82397999999999,0.0,0.0,89.0,59.0,14.0,-27170.0,-0.0098271122685185,-27.0,-21002.0,-10.609539999999999,-10.815306,-23.908270000000016,-1088.3322400000002,2.992837757642426,-0.11416474391645859,0.07414254284954569,1.7848462731007153e-05,0.0180090056048116,-0.3253949072193629,22.04025,27.212373999999997,27.840714000000006,21.41195400000001,-0.07827539999999988,0.02808619999999995,-2.1021459999999976,29.93673000000001,0.8784144999999999,-32.03887399999999,48.90259
27,2026-03-25 16:41:44.381695,2026-03-25,16:41:44.381695,LG,Spectroscopy- 1,1X10X,-5 DegC,NO,Full-Frame,VS1_T26_0219_003442_20260325_164144_LG_lev1_V2_1.fits,71.254364,47.0,56.318043,1.0,255.0,167.0,197.0,241.0,27595,0.0099808304398148,23,20671.0,31.928768,30.849588,766.7868,1971.1433,2.352754819939787,0.744237668576742,0.0830003994979876,0.9996291773990132,0.0068890663168255,4.896363866199961,74.230804,68.27793,77.530754,64.97798,1.0871859,1.193185,41.577248,77.81117,1.8714844,-36.233925,0.0,1.0,-23.777766,0.0,-30.68999699999999,0.0,0.0,-88.0,-58.0,-14.0,27595.0,0.0099808304398148,23.0,20671.0,11.162145000000002,11.518169,24.18999999999994,1166.18694,-2.973987161301527,0.11211048418068237,-0.07551940142594579,-1.9063687322962153e-05,-0.018239460968137902,0.33946243169259915,-21.010595999999993,-26.54491,-26.757255999999998,-20.798270000000002,0.08277169999999989,-0.02262950000000008,2.9731139999999954,-29.07298,-0.8972384,32.046088999999995,-48.90259
28,2026-03-25 16:42:33.284275,2026-03-25,16:42:33.284275,HG,Spectroscopy- 1,1X10X,-5 DegC,NO,Full-Frame,VS1_T26_0219_003442_20260325_164233_HG_lev1_V2_1.fits,94.98469,47.0,87.05296,1.0,255.0,255.0,255.0,255.0,0,0.0,0,0.0,20.79384,19.355066,763.8063,807.0024,5.332834573297824,0.631648673842458,0.1585117242973905,0.9996482012763416,0.0251259667397319,4.556948610084667,95.376526,94.59286,104.68092,85.28845,1.0082847,1.2273751,38.7002,106.8317,2.760495,-68.1315,48.90258,1.0,23.730326000000005,0.0,30.734916999999996,0.0,0.0,88.0,58.0,14.0,-27595.0,-0.0099808304398148,-23.0,-20671.0,-11.134928000000002,-11.494522,-2.9805000000000064,-1164.1408999999999,2.980079753358037,-0.11258899473428396,0.0755113247994029,1.9023877328327998e-05,0.0182369004229064,-0.3394152561152941,21.145721999999992,26.314930000000004,27.150166,20.310469999999995,-0.0789012,0.0341901,-2.877047999999995,29.020529999999994,0.8890106000000002,-31.897575000000003,48.90258
29,2026-03-25 16:42:33.284275,2026-03-25,16:42:33.284275,LG,Spectroscopy- 1,1X10X,-5 DegC,NO,Full-Frame,VS1_T26_0219_003442_20260325_164233_LG_lev1_V2_1.fits,71.418884,48.0,56.372288,1.0,255.0,168.0,198.0,241.0,26781,0.0096864149305555,25,14509.0,32.194485,31.071547,768.2083,2001.9259,2.3584110120426125,0.7432382125633565,0.082355921715764,0.9996290000250349,0.006782497841653,4.901735314465997,74.52125,68.31651,77.852005,64.98576,1.0908234,1.1979855,41.722717,77.98545,1.8691365,-36.262733,0.0,1.0,-23.565805999999995,1.0,-30.680672,0.0,0.0,-87.0,-57.0,-14.0,26781.0,0.0096864149305555,25.0,14509.0,11.400645,11.716480999999998,4.402000000000044,1194.9234999999999,-2.974423561255212,0.1115895387208985,-0.07615580258162649,-1.92012513067219e-05,-0.0183434688980789,0.3447867043813302,-20.855276000000003,-26.276350000000008,-26.828914999999995,-20.30269,0.08253870000000019,-0.029389600000000016,3.0225170000000006,-28.846249999999998,-0.8913585000000002,31.868767000000005,-48.90258
30,2026-03-25 16:43:22.186990,2026-03-25,16:43:22.186990,HG,Spectroscopy- 1,1X10X,-5 DegC,NO,Full-Frame,VS1_T26_0219_003442_20260325_164322_HG_lev1_V2_1.fits,95.11797,47.0,87.01897,1.0,255.0,255.0,255.0,255.0,0,0.0,0,0.0,20.796291,19.351347,752.2832,806.9604,5.324206446850393,0.6316654256677379,0.1586365887750811,0.9996484964669696,0.0251655672981941,4.557626183052976,95.14441,95.09157,104.69302,85.54292,1.0005556,1.2238654,38.674812,107.009796,2.7669117,-68.334984,48.902715,1.0,23.699085999999994,-1.0,30.646682,0.0,0.0,87.0,57.0,14.0,-26781.0,-0.0096864149305555,-25.0,-14509.0,-11.398194,-11.720199999999998,-15.925100000000043,-1194.9654999999998,2.965795434807781,-0.11157278689561867,0.0762806670593171,1.949644193477429e-05,0.018383069456541102,-0.34410913141302046,20.62316,26.77506000000001,26.841015,20.557159999999996,-0.09026780000000012,0.025879900000000067,-3.047905,29.024345999999994,0.8977752000000001,-32.07225100000001,48.902715
31,2026-03-25 16:43:22.186990,2026-03-25,16:43:22.186990,LG,Spectroscopy- 1,1X10X,-5 DegC,NO,Full-Frame,VS1_T26_0219_003442_20260325_164322_LG_lev1_V2_1.fits,70.31635,46.0,56.22505,1.0,255.0,166.0,196.0,241.0,26638,0.009634693287037,25,20445.0,31.373547,30.114332,767.66266,1891.1722,2.324343952640111,0.7460236659594556,0.0838462043940942,0.999632444578408,0.0070301859912962,4.88482751038718,73.16481,67.46795,76.71147,63.921234,1.0844381,1.2000937,40.564453,76.91072,1.8960128,-36.346268,0.0,1.0,-24.80162,-1.0,-30.793919999999993,0.0,0.0,-89.0,-59.0,-14.0,26638.0,0.009634693287037,25.0,20445.0,10.577255999999998,10.762985,15.379459999999995,1084.2118,-2.9998624942102823,0.1143582402917177,-0.07479038438098691,-1.605188856157458e-05,-0.018135381306897902,0.3272013273342038,-21.97959999999999,-27.623620000000003,-27.98155,-21.621685999999997,0.08388250000000008,-0.02377169999999995,1.8896409999999975,-30.099075999999997,-0.8708989,31.988716000000004,-48.902715
32,2026-03-25 16:44:11.089580,2026-03-25,16:44:11.089580,HG,Spectroscopy- 1,1X10X,-5 DegC,NO,Full-Frame,VS1_T26_0219_003442_20260325_164411_HG_lev1_V2_1.fits,94.99743,47.0,86.93137,1.0,255.0,255.0,255.0,255.0,0,0.0,0,0.0,20.765581,19.32114,742.99396,804.51575,5.30859085514127,0.6320743288923691,0.1581991728893647,0.9996488205610148,0.0250269783028791,4.554772082109684,96.016464,93.97837,104.543045,85.45182,1.0216868,1.223415,38.884613,106.78848,2.7462914,-67.90387,48.90259,1.0,24.681079999999994,1.0,30.706319999999998,0.0,0.0,89.0,59.0,14.0,-26638.0,-0.009634693287037,-25.0,-20445.0,-10.607965999999998,-10.793192000000001,-24.668699999999944,-1086.65645,2.9842469025011593,-0.11394933706708643,0.0743529684952705,1.637598260673112e-05,0.0179967923115829,-0.3300554282774959,22.851653999999996,26.510419999999996,27.831575,21.530586,-0.06275130000000018,0.023321299999999878,-1.6798399999999987,29.87776000000001,0.8502786,-31.557601999999996,48.90259
33,2026-03-25 16:44:11.089580,2026-03-25,16:44:11.089580,LG,Spectroscopy- 1,1X10X,-5 DegC,NO,Full-Frame,VS1_T26_0219_003442_20260325_164411_LG_lev1_V2_1.fits,73.451965,50.0,56.562115,1.0,255.0,170.0,200.0,242.0,26742,0.0096723090277777,50,13416.0,33.481754,32.564266,774.9903,2181.4592,2.437798894163965,0.7377488412801674,0.0795549136431085,0.9996190780380512,0.0063289842847624,4.929479991448128,76.98644,69.91745,79.81396,67.089966,1.1011049,1.1896557,43.92214,79.97982,1.8209455,-36.057682,0.0,1.0,-21.545464999999993,3.0,-30.369255000000003,0.0,0.0,-85.0,-55.0,-13.0,26742.0,0.0096723090277777,50.0,13416.0,12.716173000000001,13.243126000000004,31.996340000000032,1376.9434499999998,-2.8707919609773054,0.10567451238779824,-0.07864425924625619,-2.9742522963616125e-05,-0.018697994018116698,0.37470790933844356,-19.030023999999997,-24.060919999999996,-24.729085000000012,-18.361853999999994,0.07941810000000005,-0.033759299999999826,5.037526999999997,-26.808660000000003,-0.9253458999999999,31.846187999999998,-48.90259
35,2026-03-25 16:44:59.992295,2026-03-25,16:44:59.992295,HG,Spectroscopy- 1,1X10X,-5 DegC,NO,Full-Frame,VS1_T26_0219_003442_20260325_164459_HG_lev1_V2_1.fits,94.92472,47.0,87.038246,1.0,255.0,255.0,255.0,255.0,0,0.0,0,0.0,20.775745,19.375587,752.2832,807.045,5.3287752576424285,0.6320308180868379,0.1583440461509591,0.9996483505628344,0.025072836951457,4.557439786171398,95.498314,94.35112,104.56926,85.28018,1.0121588,1.2261847,38.74289,106.73505,2.7549584,-67.99216,0.0,2.0,21.472754999999992,-3.0,30.476131000000002,0.0,0.0,85.0,55.0,13.0,-26742.0,-0.0096723090277777,-50.0,-13416.0,-12.706009000000002,-13.188679000000004,-22.707100000000082,-1374.4141999999997,2.8909763634784635,-0.10571802319332946,0.07878913250785059,2.9272524783241494e-05,0.0187438526666946,-0.37204020527673,18.51187399999999,24.433669999999992,24.755300000000005,18.190213999999997,-0.08894610000000003,0.03652899999999981,-5.179249999999996,26.755229999999997,0.9340128999999999,-31.934478,0.0
34,2026-03-25 16:44:59.992295,2026-03-25,16:44:59.992295,LG,Spectroscopy- 1,1X10X,-5 DegC,NO,Full-Frame,VS1_T26_0219_003442_20260325_164459_LG_lev1_V2_1.fits,72.19151,49.0,56.39924,1.0,255.0,169.0,198.0,241.0,27403,0.0099113859953703,26,14498.0,32.62838,31.642422,772.45844,2065.854,2.3967367704956,0.7427117308257634,0.0817322775798158,0.999623329521336,0.006680165198384,4.910877267181122,75.41588,68.96716,78.59269,65.790344,1.0935042,1.1945931,42.591652,78.74345,1.8488001,-36.151794,48.902715,-1.0,-22.73321,2.0,-30.639006000000002,0.0,0.0,-86.0,-57.0,-14.0,27403.0,0.0099113859953703,26.0,14498.0,11.852635,12.266835,20.17524000000003,1258.8089999999997,-2.9320384871468286,0.11068091273892544,-0.0766117685711433,-2.5021041498374252e-05,-0.018392671753073,0.35343748100972405,-20.082433999999992,-25.383959999999988,-25.976569999999995,-19.489835999999997,0.08134540000000001,-0.03159159999999983,3.8487620000000007,-27.991600000000005,-0.9061583,31.840365999999996,48.902715
36,2026-03-25 16:45:48.894875,2026-03-25,16:45:48.894875,HG,Spectroscopy- 1,1X10X,-5 DegC,NO,Full-Frame,VS1_T26_0219_003442_20260325_164548_HG_lev1_V2_1.fits,94.99367,47.0,86.96927,1.0,255.0,255.0,255.0,255.0,0,0.0,0,0.0,20.77486,19.344162,759.222,805.7915,5.318091781496063,0.6325329334278512,0.1584006070814606,0.9996484979306552,0.0250907523237752,4.556243912086027,95.8708,94.11654,105.13769,84.849655,1.0186392,1.2391057,38.987675,106.78501,2.7389429,-67.79733,48.90258,2.0,22.80216,-2.0,30.570029999999996,0.0,0.0,86.0,57.0,14.0,-27403.0,-0.0099113859953703,-26.0,-14498.0,-11.85352,-12.298259999999999,-13.236440000000016,-1260.0624999999998,2.9213550110004634,-0.11017879739791214,0.07666832950164479,2.5168409319209495e-05,0.018410587125391197,-0.3546333550950944,20.45492,25.149379999999994,26.545,19.059310999999994,-0.07486499999999996,0.04451260000000001,-3.6039770000000004,28.041560000000004,0.8901428,-31.645536,-0.00013500000000021828
37,2026-03-25 16:45:48.894875,2026-03-25,16:45:48.894875,LG,Spectroscopy- 1,1X10X,-5 DegC,NO,Full-Frame,VS1_T26_0219_003442_20260325_164548_LG_lev1_V2_1.fits,72.52051,49.0,56.474873,1.0,255.0,169.0,199.0,241.0,26964,0.0097526041666666,42,13239.0,32.940346,31.968996,762.82764,2107.083,2.4101399664196386,0.7393225420273292,0.0808118330891717,0.9996222352382212,0.0065305523672321,4.9173102111794655,75.865715,69.175285,79.25569,65.785324,1.096717,1.2047625,42.87302,79.07082,1.8443027,-36.197803,0.0,1.0,-22.473159999999993,2.0,-30.494396999999992,0.0,0.0,-86.0,-56.0,-14.0,26964.0,0.0097526041666666,42.0,13239.0,12.165485999999998,12.624834,3.605639999999994,1301.2915,-2.9079518150764248,0.10678960859947795,-0.07758877399228889,-2.6262692433998147e-05,-0.018560199956543098,0.3610662990934381,-20.005085000000008,-24.941254999999998,-25.882000000000005,-19.064330999999996,0.07807779999999998,-0.03434320000000013,3.885344999999994,-27.714190000000002,-0.8946402,31.599527000000002,-48.90258
38,2026-03-25 16:46:37.797590,2026-03-25,16:46:37.797590,HG,Spectroscopy- 1,1X10X,-5 DegC,NO,Full-Frame,VS1_T26_0219_003442_20260325_164637_HG_lev1_V2_1.fits,95.01759,47.0,86.95779,1.0,255.0,255.0,255.0,255.0,0,0.0,0,0.0,20.799784,19.36086,735.6915,807.4739,5.330964132700324,0.6320163354984307,0.1584113510657009,0.9996475548152052,0.0250941561464607,4.554520927141553,95.595764,94.43941,104.97257,85.06261,1.0122445,1.2340624,38.980232,106.81037,2.7401164,-67.83014,48.902715,1.0,22.497079999999997,-2.0,30.482917,0.0,0.0,86.0,56.0,14.0,-26964.0,-0.0097526041666666,-42.0,-13239.0,-12.140562,-12.608136000000002,-27.136139999999955,-1299.6091000000001,2.9208241662806858,-0.10730620652889844,0.0775995179765292,2.5319576983928727e-05,0.0185636037792286,-0.36278928403791255,19.730049000000008,25.264124999999993,25.716880000000003,19.277286000000004,-0.08447249999999995,0.029299900000000045,-3.892787999999996,27.73955000000001,0.8958136999999997,-31.632337,48.902715
39,2026-03-25 16:46:37.797590,2026-03-25,16:46:37.797590,LG,Spectroscopy- 1,1X10X,-5 DegC,NO,Full-Frame,VS1_T26_0219_003442_20260325_164637_LG_lev1_V2_1.fits,71.77616,48.0,56.368496,1.0,255.0,168.0,198.0,241.0,26767,0.0096813512731481,30,13895.0,32.38289,31.370731,770.187,2032.7743,2.3816997886753124,0.7428278017698025,0.0819520932387795,0.9996252856310042,0.0067161455862176,4.906965735067516,75.0678,68.48451,78.357155,65.19516,1.0961281,1.201886,42.079178,78.32898,1.8614665,-36.2498,0.0,1.0,-23.241429999999994,1.0,-30.589294000000002,0.0,0.0,-87.0,-57.0,-14.0,26767.0,0.0096813512731481,30.0,13895.0,11.583106000000004,12.009871,34.49549999999999,1225.3004,-2.949264344025012,0.11081146627137173,-0.0764592578269214,-2.2269184201006986e-05,-0.018378010560243102,0.3524448079259628,-20.527963999999997,-25.954899999999995,-26.615415,-19.867450000000005,0.08388360000000006,-0.032176399999999994,3.098945999999998,-28.481390000000005,-0.8786498999999999,31.58034,-48.902715
40,2026-03-25 16:47:26.700180,2026-03-25,16:47:26.700180,HG,Spectroscopy- 1,1X10X,-5 DegC,NO,Full-Frame,VS1_T26_0219_003442_20260325_164726_HG_lev1_V2_1.fits,95.03745,47.0,86.90642,1.0,255.0,255.0,255.0,255.0,0,0.0,0,0.0,20.740255,19.309772,734.0436,803.0256,5.290734642774432,0.632586437597872,0.1583520613043029,0.9996498010170894,0.0250753753193217,4.555138204941619,96.2579,93.81699,105.45006,84.62485,1.0260177,1.2460886,39.224297,106.781715,2.722336,-67.55742,48.90259,1.0,23.261290000000002,-1.0,30.537923999999997,0.0,0.0,87.0,57.0,14.0,-26767.0,-0.0096813512731481,-30.0,-13895.0,-11.642635000000002,-12.060959,-36.14340000000004,-1229.7487,2.90903485409912,-0.11024136417193042,0.0763999680655234,2.451538608527759e-05,0.018359229733104103,-0.35182753012589707,21.1901,25.332480000000004,27.092904999999988,19.429689999999994,-0.07011040000000013,0.04420259999999998,-2.854880999999999,28.452735000000004,0.8608695,-31.307619999999993,48.90259
41,2026-03-25 16:47:26.700180,2026-03-25,16:47:26.700180,LG,Spectroscopy- 1,1X10X,-5 DegC,NO,Full-Frame,VS1_T26_0219_003442_20260325_164726_LG_lev1_V2_1.fits,73.232925,50.0,56.605774,1.0,255.0,170.0,200.0,241.0,27482,0.0099399594907407,54,12688.0,33.43012,32.503304,769.6155,2174.0378,2.433657798749421,0.7384980260785309,0.0799728149629978,0.99962031162048,0.0063956511331059,4.926726472209396,76.84105,69.6248,80.08102,66.384834,1.1036447,1.2063149,43.60127,79.7487,1.8290454,-36.147434,0.0,1.0,-21.804525000000012,3.0,-30.300646,0.0,0.0,-85.0,-55.0,-14.0,27482.0,0.0099399594907407,54.0,12688.0,12.689865000000001,13.193532000000001,35.57190000000003,1371.0122000000001,-2.8570768440250114,0.10591158848065885,-0.07837924634130511,-2.9489396609405638e-05,-0.0186797241862158,0.3715882672677777,-19.41685000000001,-24.19219000000001,-25.36904,-18.240015999999997,0.07762700000000011,-0.03977370000000002,4.376973,-27.033015000000006,-0.8932905999999998,31.409985999999996,-48.90259
42,2026-03-25 16:48:15.602760,2026-03-25,16:48:15.602760,HG,Spectroscopy- 1,1X10X,-5 DegC,NO,Full-Frame,VS1_T26_0219_003442_20260325_164815_HG_lev1_V2_1.fits,94.98717,47.0,87.02622,1.0,255.0,255.0,255.0,255.0,0,0.0,0,0.0,20.75001,19.298603,754.5078,802.9989,5.309874001273738,0.6326414628349557,0.1586141912505976,0.9996495022127332,0.0251584616660811,4.556171956482242,95.58295,94.39142,105.67873,84.29561,1.0126233,1.2536682,38.889202,106.78979,2.746001,-67.90059,48.90258,1.0,21.75424500000001,-3.0,30.420446,0.0,0.0,85.0,55.0,14.0,-27482.0,-0.0099399594907407,-54.0,-12688.0,-12.680110000000003,-13.204701,-15.107700000000023,-1371.0389,2.876216202524317,-0.10585656324357517,0.07864137628759982,2.9190592253147685e-05,0.0187628105329752,-0.3705545157271546,18.7419,24.766620000000003,25.597710000000006,17.910776,-0.09102140000000003,0.04735329999999993,-4.712068000000002,27.041089999999997,0.9169556000000001,-31.753155999999997,48.90258
43,2026-03-25 16:48:15.602760,2026-03-25,16:48:15.602760,LG,Spectroscopy- 1,1X10X,-5 DegC,NO,Full-Frame,VS1_T26_0219_003442_20260325_164815_LG_lev1_V2_1.fits,71.08233,47.0,56.306965,1.0,255.0,167.0,197.0,240.0,26603,0.0096220341435185,31,13177.0,32.105564,30.892824,770.187,1985.1339,2.361545782190829,0.7439964155205204,0.0827240711853007,0.9996276454316044,0.0068432719534707,4.897093801018056,74.26083,67.90382,78.035904,64.12875,1.0936179,1.2168629,41.52294,77.63054,1.8695818,-36.107597,0.0,1.0,-23.904840000000007,0.0,-30.719254999999997,0.0,0.0,-88.0,-58.0,-15.0,26603.0,0.0096220341435185,31.0,13177.0,11.355554000000001,11.594221000000001,15.679200000000037,1182.135,-2.948328219082909,0.11135495268556472,-0.07589012006529691,-2.185678112875955e-05,-0.0183151897126104,0.3409218445358144,-21.322119999999998,-26.4876,-27.642826,-20.16686,0.08099459999999992,-0.03680529999999993,2.633738000000001,-29.15925,-0.8764192000000002,31.792992999999996,-48.90258
44,2026-03-25 16:49:04.505475,2026-03-25,16:49:04.505475,HG,Spectroscopy- 1,1X10X,-5 DegC,NO,Full-Frame,VS1_T26_0219_003442_20260325_164904_HG_lev1_V2_1.fits,95.07136,47.0,86.93934,0.0,255.0,255.0,255.0,255.0,0,0.0,0,0.0,20.730022,19.292131,743.3559,801.9201,5.3170973975220015,0.6328193334544627,0.1586385332214537,0.9996483219241292,0.0251661842226542,4.557134118514494,96.383995,93.7587,106.28136,83.86135,1.0280006,1.2673461,39.315193,106.8021,2.7165606,-67.48691,48.902715,1.0,23.98903,0.0,30.632375000000003,-1.0,0.0,88.0,58.0,15.0,-26603.0,-0.0096220341435185,-31.0,-13177.0,-11.375542,-11.600693,-26.831099999999992,-1183.2138,2.9555516153311725,-0.1111770820660577,0.07591446203615299,2.0676492524795975e-05,0.0183229122691835,-0.33995968250356245,22.123165,25.85488000000001,28.245456000000004,19.732600000000005,-0.06561729999999999,0.05048319999999995,-2.2077469999999977,29.17156,0.8469788000000003,-31.379312999999996,48.902715
45,2026-03-25 16:49:04.505475,2026-03-25,16:49:04.505475,LG,Spectroscopy- 1,1X10X,-5 DegC,NO,Full-Frame,VS1_T26_0219_003442_20260325_164904_LG_lev1_V2_1.fits,72.97097,49.0,56.59246,1.0,255.0,170.0,200.0,241.0,26884,0.0097236689814814,49,11736.0,33.227528,32.320915,771.32227,2148.7102,2.445262201829551,0.7383866648704809,0.0802699086297371,0.9996183202292168,0.0064432582314263,4.922980541551253,76.55488,69.38707,80.22281,65.71913,1.1033018,1.2206919,43.308746,79.48869,1.8353958,-36.179947,0.0,1.0,-22.100390000000004,2.0,-30.34688,1.0,0.0,-85.0,-55.0,-14.0,26884.0,0.0097236689814814,49.0,11736.0,12.497505999999998,13.028783999999998,27.966369999999984,1346.7901,-2.8718351956924506,0.10556733141601815,-0.07836862459171659,-3.0001694912407117e-05,-0.0187229259912279,0.36584642303675885,-19.829115,-24.37163000000001,-26.05855000000001,-18.142219999999995,0.07530120000000018,-0.04665419999999987,3.9935529999999986,-27.31340999999999,-0.8811648000000003,31.306962999999996,-48.902715
46,2026-03-25 16:49:53.408065,2026-03-25,16:49:53.408065,HG,Spectroscopy- 1,1X10X,-5 DegC,NO,Full-Frame,VS1_T26_0219_003442_20260325_164953_HG_lev1_V2_1.fits,95.08976,47.0,86.95124,1.0,255.0,255.0,255.0,255.0,0,0.0,0,0.0,20.754622,19.33128,743.7123,804.4527,5.31680501679018,0.6329914418620075,0.1588272001278561,0.9996484387084426,0.025226079500454,4.554528144304243,95.77396,94.405594,106.16671,84.0128,1.0144945,1.2636968,39.135975,106.86698,2.7306585,-67.731,48.90259,1.0,22.118790000000004,-2.0,30.358779999999996,0.0,0.0,85.0,55.0,14.0,-26884.0,-0.0097236689814814,-49.0,-11736.0,-12.472905999999998,-12.989635,-27.609969999999976,-1344.2575,2.8715428149606295,-0.10539522300847337,0.07855729149811899,3.011847922573807e-05,0.0187828212690277,-0.36845239724700996,19.219080000000005,25.018524,25.9439,18.29366999999999,-0.08880730000000003,0.0430048999999999,-4.172770999999997,27.378289999999993,0.8952627000000002,-31.551052999999996,48.90259
47,2026-03-25 16:49:53.408065,2026-03-25,16:49:53.408065,LG,Spectroscopy- 1,1X10X,-5 DegC,NO,Full-Frame,VS1_T26_0219_003442_20260325_164953_LG_lev1_V2_1.fits,71.08349,47.0,56.29672,1.0,255.0,167.0,197.0,239.0,27473,0.0099367042824074,33,13078.0,32.05395,30.881197,776.1237,1981.1041,2.366251013200556,0.7438190438286612,0.0826031446228879,0.999626767810585,0.0068232795015897,4.898153303565495,74.35412,67.81285,78.25463,63.91235,1.0964606,1.2244055,41.50632,77.61291,1.8699057,-36.106586,0.0,1.0,-24.00627,0.0,-30.654519999999998,0.0,0.0,-88.0,-58.0,-16.0,27473.0,0.0099367042824074,33.0,13078.0,11.299328,11.549917,32.41139999999996,1176.6514,-2.9505540035896245,0.11082760196665364,-0.07622405550496819,-2.1670897857539728e-05,-0.0184027999988643,0.3436251592612525,-21.419840000000008,-26.592743999999996,-27.91207999999999,-20.100449999999995,0.08196609999999982,-0.03929129999999992,2.3703450000000004,-29.25407,-0.8607528000000002,31.624413999999994,-48.90259
49,2026-03-25 16:50:42.310780,2026-03-25,16:50:42.310780,HG,Spectroscopy- 1,1X10X,-5 DegC,NO,Full-Frame,VS1_T26_0219_003442_20260325_165042_HG_lev1_V2_1.fits,95.20402,47.0,86.87295,1.0,255.0,255.0,255.0,255.0,0,0.0,0,0.0,20.731562,19.30481,756.25525,802.4733,5.3044150214219545,0.6332193564333308,0.1587945758459817,0.999648624960458,0.0252157173181052,4.556054626668251,96.41062,93.9974,106.65147,83.75656,1.0256733,1.2733506,39.563328,106.91307,2.7023275,-67.34975,0.0,2.0,24.120530000000002,0.0,30.576230000000002,0.0,0.0,88.0,58.0,16.0,-27473.0,-0.0099367042824074,-33.0,-13078.0,-11.322388,-11.576387,-19.86844999999994,-1178.6308,2.9381640082213987,-0.11059968739533033,0.0761914312230938,2.18571498730169e-05,0.0183924378165155,-0.34209867689724405,22.0565,26.18455,28.396839999999997,19.84420999999999,-0.07078729999999989,0.048945100000000075,-1.9429920000000038,29.300160000000005,0.8324218000000001,-31.243164,0.0
48,2026-03-25 16:50:42.310780,2026-03-25,16:50:42.310780,LG,Spectroscopy- 1,1X10X,-5 DegC,NO,Full-Frame,VS1_T26_0219_003442_20260325_165042_LG_lev1_V2_1.fits,72.48983,49.0,56.523205,1.0,255.0,169.0,199.0,241.0,26422,0.009556568287037,36,11532.0,32.86643,31.909868,770.48035,2098.442,2.4134487899490504,0.7397209568144978,0.0810067849509264,0.99962236549732,0.0065620992080856,4.91667931429903,76.02121,68.958435,79.941055,65.0386,1.1024208,1.2291325,42.87907,79.02945,1.8430775,-36.15038,48.902715,-1.0,-22.714190000000002,2.0,-30.349745000000006,0.0,0.0,-86.0,-56.0,-14.0,26422.0,0.009556568287037,36.0,11532.0,12.134868,12.605058,14.225099999999998,1295.9687,-2.890966231472904,0.10650160038116696,-0.07778779089505529,-2.6259463138056383e-05,-0.0186536181100196,0.3606246876307786,-20.389409999999998,-25.038965000000005,-26.710414999999998,-18.71795999999999,0.07674749999999997,-0.04421810000000015,3.315742,-27.883620000000008,-0.8592500000000001,31.199370000000002,48.902715
50,2026-03-25 16:51:31.213360,2026-03-25,16:51:31.213360,HG,Spectroscopy- 1,1X10X,-5 DegC,NO,Full-Frame,VS1_T26_0219_003442_20260325_165131_HG_lev1_V2_1.fits,95.14435,47.0,86.96748,1.0,255.0,255.0,255.0,255.0,0,0.0,0,0.0,20.734676,19.303478,741.0533,802.5511,5.301081229735988,0.6330711584617493,0.158869788165215,0.9996496098183288,0.0252396095916603,4.559566707068769,95.997215,94.29147,106.75455,83.53414,1.0180901,1.2779751,39.310535,106.89212,2.7191722,-67.58159,48.90258,2.0,22.654520000000005,-2.0,30.444274999999998,0.0,0.0,86.0,56.0,14.0,-26422.0,-0.009556568287037,-36.0,-11532.0,-12.131754,-12.606390000000001,-29.42705000000001,-1295.8908999999999,2.887632439786938,-0.10664979835274846,0.07786300321428859,2.7244321008867978e-05,0.0186775103835747,-0.3571126072302606,19.976005,25.33303500000001,26.81349499999999,18.49553999999999,-0.08433069999999998,0.04884259999999996,-3.568534999999997,27.86267000000001,0.8760947000000001,-31.431210000000007,-0.00013500000000021828
51,2026-03-25 16:51:31.213360,2026-03-25,16:51:31.213360,LG,Spectroscopy- 1,1X10X,-5 DegC,NO,Full-Frame,VS1_T26_0219_003442_20260325_165131_LG_lev1_V2_1.fits,71.30861,48.0,56.346535,1.0,255.0,168.0,198.0,239.0,27527,0.0099562355324074,33,12321.0,32.072536,30.998125,765.3875,1989.5311,2.3644131397637795,0.7433150394395034,0.0827425520177142,0.999627715465096,0.0068463299144041,4.898718147769516,74.65882,67.95841,78.745,63.872223,1.0985957,1.2328521,41.714855,77.842224,1.8660553,-36.12737,0.0,1.0,-23.83574,1.0,-30.620944999999992,0.0,0.0,-87.0,-57.0,-16.0,27527.0,0.0099562355324074,33.0,12321.0,11.33786,11.694647000000003,24.33420000000001,1186.98,-2.936668089972209,0.11024388097775406,-0.07612723614750079,-2.1894353232854158e-05,-0.0183932796772562,0.3391514407007472,-21.33839499999999,-26.333060000000003,-28.00954999999999,-19.661916999999995,0.08050559999999995,-0.045123000000000024,2.4043199999999985,-29.049896000000004,-0.8531169000000001,31.454220000000007,-48.90258
52,2026-03-25 16:52:20.115825,2026-03-25,16:52:20.115825,HG,Spectroscopy- 1,1X10X,-5 DegC,NO,Full-Frame,VS1_T26_0219_003442_20260325_165220_HG_lev1_V2_1.fits,95.32289,47.0,86.88148,1.0,255.0,255.0,255.0,255.0,0,0.0,0,0.0,20.71976,19.28679,739.3511,801.2888,5.322070041106994,0.6330886914664864,0.1589915545896654,0.9996475247047644,0.0252783144308385,4.557673606464721,96.38895,94.25686,107.266075,83.3797,1.02262,1.2864771,39.553654,107.05311,2.706529,-67.49945,48.902465,1.0,24.01428,-1.0,30.534944999999993,0.0,0.0,87.0,57.0,16.0,-27527.0,-0.0099562355324074,-33.0,-12321.0,-11.352775999999999,-11.711335000000002,-26.03640000000007,-1188.2423,2.957656901343215,-0.110226347973017,0.0762490025719512,1.9809239668377998e-05,0.0184319845164344,-0.3410445413047949,21.73012999999999,26.298450000000003,28.521074999999996,19.507477,-0.07597569999999987,0.053625000000000034,-2.1612009999999984,29.210886000000002,0.8404737000000002,-31.372079999999997,48.902465
53,2026-03-25 16:52:20.115825,2026-03-25,16:52:20.115825,LG,Spectroscopy- 1,1X10X,-5 DegC,NO,Full-Frame,VS1_T26_0219_003442_20260325_165220_LG_lev1_V2_1.fits,71.70766,48.0,56.45996,1.0,255.0,168.0,199.0,240.0,27064,0.0097887731481481,37,11150.0,32.39415,31.32196,762.56934,2030.4463,2.3879743949745253,0.7420477459033028,0.0821534858017293,0.9996255147056754,0.0067491952293749,4.904966586697888,75.17718,68.238106,79.33041,64.08491,1.1016891,1.2378953,42.054577,78.2342,1.8603016,-36.179623,0.0,1.0,-23.615229999999997,1.0,-30.421519999999994,0.0,0.0,-87.0,-56.0,-15.0,27064.0,0.0097887731481481,37.0,11150.0,11.674390000000002,12.03517,23.218240000000037,1229.1575,-2.934095646132469,0.10895905443681642,-0.0768380687879361,-2.2009999088967724e-05,-0.0185291192014636,0.347292980233167,-21.211769999999987,-26.018754,-27.935665,-19.294790000000006,0.07906909999999989,-0.04858180000000001,2.5009230000000002,-28.818910000000002,-0.8462274000000001,31.319826999999997,-48.902465
54,2026-03-25 16:53:09.018540,2026-03-25,16:53:09.018540,HG,Spectroscopy- 1,1X10X,-5 DegC,NO,Full-Frame,VS1_T26_0219_003442_20260325_165309_HG_lev1_V2_1.fits,95.37058,47.0,86.883026,1.0,255.0,255.0,255.0,255.0,0,0.0,0,0.0,20.706507,19.281155,738.33594,800.52234,5.311925370541918,0.6330953158197969,0.1591286298193664,0.9996482102732768,0.0253219208281889,4.555057897428463,95.92178,94.81939,107.29492,83.44625,1.0116262,1.2857968,39.467705,107.14995,2.7148767,-67.68224,48.902715,1.0,23.66292,-1.0,30.423066,0.0,0.0,87.0,56.0,15.0,-27064.0,-0.0097887731481481,-37.0,-11150.0,-11.687643000000005,-12.040805000000002,-24.23339999999996,-1229.92396,2.9239509755673923,-0.10895243008350586,0.0769751440176371,2.2695567601371813e-05,0.018572725598814,-0.34990868926942564,20.74459999999999,26.581283999999997,27.964510000000004,19.361340000000013,-0.09006289999999995,0.04790150000000004,-2.5868719999999996,28.915750000000003,0.8545750999999999,-31.502616999999994,48.902715
55,2026-03-25 16:53:09.018540,2026-03-25,16:53:09.018540,LG,Spectroscopy- 1,1X10X,-5 DegC,NO,Full-Frame,VS1_T26_0219_003442_20260325_165309_LG_lev1_V2_1.fits,70.10247,46.0,56.23897,1.0,255.0,166.0,197.0,239.0,27038,0.0097793692129629,17,12085.0,31.194752,29.988379,771.59576,1872.4155,2.3376574079434924,0.7473865985790964,0.0846534614841929,0.9996305220696924,0.0071662085412557,4.880372195064961,73.245766,66.95919,77.71316,62.491783,1.0938866,1.243574,40.354183,76.66143,1.8997146,-36.307247,0.0,1.0,-25.268110000000007,-1.0,-30.644056,0.0,0.0,-89.0,-58.0,-16.0,27038.0,0.0097793692129629,17.0,12085.0,10.488245000000003,10.707224,33.25981999999999,1071.89316,-2.974267962598425,0.11429128275929945,-0.07447516833517351,-1.7688203584387274e-05,-0.0181557122869332,0.3253142976364982,-22.676013999999995,-27.860199999999992,-29.581760000000003,-20.954467000000008,0.08226040000000001,-0.042222800000000005,0.8864779999999968,-30.48852000000001,-0.8151621,31.374992999999996,-48.902715
56,2026-03-25 16:53:57.921120,2026-03-25,16:53:57.921120,HG,Spectroscopy- 1,1X10X,-5 DegC,NO,Full-Frame,VS1_T26_0219_003442_20260325_165357_HG_lev1_V2_1.fits,95.43073,47.0,86.87233,2.0,255.0,255.0,255.0,255.0,0,0.0,0,0.0,20.671873,19.257399,761.4145,798.17377,5.304060039370079,0.6333604339592178,0.1591411485323595,0.9996486436196996,0.0253259051561985,4.558972328173036,96.6397,94.221756,107.755844,83.10561,1.0256623,1.2966133,39.756393,107.13939,2.6948972,-67.382996,48.90258,1.0,25.32826,1.0,30.633360000000003,1.0,0.0,89.0,58.0,16.0,-27038.0,-0.0097793692129629,-17.0,-12085.0,-10.522879,-10.730979999999999,-10.181260000000066,-1074.2417300000002,2.966402631426587,-0.11402616461987858,0.0744876870481666,1.8121550007244025e-05,0.0181596966149428,-0.3213998668919249,23.393934,27.262565999999993,30.042683999999994,20.613827,-0.06822430000000002,0.05303930000000001,-0.5977899999999963,30.47796000000001,0.7951826000000002,-31.07574900000001,48.90258
57,2026-03-25 16:53:57.921120,2026-03-25,16:53:57.921120,LG,Spectroscopy- 1,1X10X,-5 DegC,NO,Full-Frame,VS1_T26_0219_003442_20260325_165357_LG_lev1_V2_1.fits,71.81725,48.0,56.49132,1.0,255.0,169.0,199.0,240.0,27007,0.0097681568287037,34,10164.0,32.395058,31.32598,764.0118,2030.7567,2.3968178265400644,0.7407899098773444,0.0817730023828301,0.9996245437090786,0.0066868239187023,4.907252304013018,75.36338,68.271126,79.6594,63.975098,1.1038836,1.2451626,42.20263,78.32729,1.8559813,-36.124664,0.0,1.0,-23.613479999999996,1.0,-30.381010000000003,-1.0,0.0,-86.0,-56.0,-15.0,27007.0,0.0097681568287037,34.0,10164.0,11.723184999999997,12.068581000000002,2.5973000000000184,1232.58293,-2.907242212830015,0.10742947591812657,-0.0773681461495294,-2.409991062102268e-05,-0.0186390812374962,0.34827997583998194,-21.27632,-25.950630000000004,-28.09644399999999,-19.130511999999996,0.07822130000000005,-0.05145069999999996,2.4462369999999964,-28.8121,-0.8389159000000002,31.258332000000003,-48.90258
58,2026-03-25 16:54:46.823835,2026-03-25,16:54:46.823835,HG,Spectroscopy- 1,1X10X,-5 DegC,NO,Full-Frame,VS1_T26_0219_003442_20260325_165446_HG_lev1_V2_1.fits,95.61423,48.0,86.87024,1.0,255.0,255.0,255.0,255.0,0,0.0,0,0.0,20.72949,19.274027,772.17224,801.1999,5.348138967693377,0.6326033486997849,0.159357428072233,0.9996457065925404,0.0253947898817969,4.55872017825435,96.12229,95.10615,107.95637,83.27209,1.0106844,1.2964293,39.592514,107.42121,2.7131698,-67.8287,48.902715,1.0,23.796980000000005,0.0,30.378919999999994,0.0,0.0,86.0,56.0,15.0,-27007.0,-0.0097681568287037,-34.0,-10164.0,-11.665568,-12.051953000000001,8.160439999999994,-1229.5567999999998,2.9513211411533122,-0.10818656117755954,0.0775844256894029,2.11628834617672e-05,0.0187079659630946,-0.348532125758668,20.75891,26.835024000000004,28.29697,19.296992000000003,-0.09319920000000015,0.0512667,-2.610115999999998,29.093919999999997,0.8571885000000001,-31.704035999999995,48.902715
59,2026-03-25 16:54:46.823835,2026-03-25,16:54:46.823835,LG,Spectroscopy- 1,1X10X,-5 DegC,NO,Full-Frame,VS1_T26_0219_003442_20260325_165446_LG_lev1_V2_1.fits,69.70369,46.0,56.17042,1.0,255.0,166.0,196.0,239.0,26944,0.0097453703703703,21,11196.0,30.883438,29.557236,762.2729,1827.417,2.312105213640574,0.7482182140234354,0.0852672656925234,0.9996336672737992,0.0072705065986793,4.872931674594657,72.71114,66.696205,77.57349,61.83389,1.0901841,1.2545464,40.043945,76.248184,1.9041127,-36.20424,0.0,1.0,-25.91054000000001,-2.0,-30.699819999999995,0.0,0.0,-89.0,-59.0,-16.0,26944.0,0.0097453703703703,21.0,11196.0,10.153948000000003,10.283209,-9.899339999999938,1026.2170999999998,-3.0360337540528026,0.1156148653236505,-0.0740901623797096,-1.2039318741163818e-05,-0.0181242832831176,0.3142114963403069,-23.411150000000006,-28.409944999999993,-30.38288,-21.43820000000001,0.07949970000000017,-0.041882900000000056,0.45143099999999947,-31.173026000000007,-0.8090571000000002,31.62446,-48.902715
61,2026-03-25 16:55:35.726425,2026-03-25,16:55:35.726425,HG,Spectroscopy- 1,1X10X,-5 DegC,NO,Full-Frame,VS1_T26_0219_003442_20260325_165535_HG_lev1_V2_1.fits,95.99957,48.0,86.81731,1.0,255.0,255.0,255.0,255.0,0,0.0,0,0.0,20.6372,19.232811,756.9848,795.795,5.337286504168596,0.6330425457670461,0.1596376111361714,0.9996459934370469,0.0254841668892634,4.562821876501083,96.58193,95.41724,108.94073,83.05841,1.0122063,1.3116158,39.98969,107.77149,2.694982,-67.7818,0.0,2.0,26.29588000000001,2.0,30.646890000000006,0.0,0.0,89.0,59.0,16.0,-26944.0,-0.0097453703703703,-21.0,-11196.0,-10.246238000000002,-10.324424999999998,-5.2881000000000995,-1031.6219999999998,3.0251812905280224,-0.11517566825638925,0.074370345443648,1.2326163247644573e-05,0.0182136602905841,-0.3101097980935741,23.87079,28.721035,31.367239999999995,21.22452,-0.07797780000000021,0.05706940000000005,-0.05425499999999772,31.523306000000005,0.7908693,-31.577560000000005,0.0
60,2026-03-25 16:55:35.726425,2026-03-25,16:55:35.726425,LG,Spectroscopy- 1,1X10X,-5 DegC,NO,Full-Frame,VS1_T26_0219_003442_20260325_165535_LG_lev1_V2_1.fits,69.67036,46.0,56.127693,1.0,255.0,166.0,196.0,238.0,27304,0.0098755787037037,18,9683.0,30.695541,29.379986,750.4052,1805.3998,2.306024924733673,0.748688222519407,0.0851477133448063,0.9996340738370998,0.0072501330878493,4.872215103397667,72.76447,66.57624,77.820465,61.52025,1.0929495,1.264957,40.02841,76.1986,1.9036129,-36.17019,48.90259,-1.0,-26.329210000000003,-2.0,-30.689617000000005,0.0,0.0,-89.0,-59.0,-17.0,27304.0,0.0098755787037037,18.0,9683.0,10.058340999999999,10.147174999999997,-6.579599999999914,1009.6048,-3.0312615794349234,0.11564567675236093,-0.0744898977913651,-1.1919599947063375e-05,-0.018234033801414102,0.3093932268965842,-23.817459999999997,-28.841000000000008,-31.120265000000003,-21.538159999999998,0.08074320000000013,-0.04665879999999989,0.03871999999999787,-31.57289,-0.7913691,31.611610000000006,48.90259
62,2026-03-25 16:56:24.629130,2026-03-25,16:56:24.629130,HG,Spectroscopy- 1,1X10X,-5 DegC,NO,Full-Frame,VS1_T26_0219_003442_20260325_165624_HG_lev1_V2_1.fits,96.57111,49.0,86.75101,1.0,255.0,255.0,255.0,255.0,0,0.0,0,0.0,20.584467,19.149017,762.21387,790.4052,5.371149114173228,0.6327176745193916,0.1601106308069651,0.9996432005437036,0.0256354140974042,4.572250958035679,96.55973,96.58248,110.10795,83.03427,0.99976444,1.3260542,40.52692,108.26173,2.6713533,-67.7348,48.902705,2.0,26.900750000000002,3.0,30.623316999999993,0.0,0.0,89.0,59.0,17.0,-27304.0,-0.0098755787037037,-18.0,-9683.0,-10.111073999999999,-10.230968999999998,11.808670000000006,-1014.9945999999999,3.065124189439555,-0.11597054800001538,0.07496291746215882,9.126706603801438e-06,0.018385281009554902,-0.29996414536198834,23.79526,30.006240000000005,32.287485000000004,21.51402000000001,-0.09318506000000004,0.06109719999999985,0.498509999999996,32.06313,0.7677403999999999,-31.56461000000001,0.00011500000000097543
63,2026-03-25 16:56:24.629130,2026-03-25,16:56:24.629130,LG,Spectroscopy- 1,1X10X,-5 DegC,NO,Full-Frame,VS1_T26_0219_003442_20260325_165624_LG_lev1_V2_1.fits,68.01911,44.0,56.09014,1.0,255.0,164.0,194.0,236.0,27644,0.0099985532407407,29,9142.0,29.610666,28.19074,750.4052,1671.5096,2.26167351783233,0.752040445831617,0.0873278122112319,0.9996406327720327,0.0076261467856001,4.852518142568055,70.85308,65.18509,76.50641,59.531807,1.0869523,1.285135,38.106,74.5942,1.9575448,-36.4882,0.0,1.0,-28.552000000000007,-5.0,-30.660869999999996,0.0,0.0,-91.0,-61.0,-19.0,27644.0,0.0099985532407407,29.0,9142.0,9.026198999999998,9.041723000000001,-11.808670000000006,881.1044,-3.109475596340898,0.11932277131222535,-0.07278281859573321,-2.5677716708472076e-06,-0.018009267311804102,0.2802671845323763,-25.706649999999996,-31.39739,-33.60154,-23.502463000000006,0.08718786000000012,-0.040919200000000044,-2.4209199999999953,-33.66753,-0.7138084999999998,31.246600000000008,-48.902705
64,2026-03-25 16:57:13.531720,2026-03-25,16:57:13.531720,HG,Spectroscopy- 1,1X10X,-5 DegC,NO,Full-Frame,VS1_T26_0219_003442_20260325_165713_HG_lev1_V2_1.fits,95.65534,48.0,86.85519,1.0,255.0,255.0,255.0,255.0,0,0.0,0,0.0,20.71107,19.28983,751.2882,801.04584,5.351908073761001,0.63267553177161,0.1593329749160752,0.999645333010553,0.0253869968956066,4.558406926990923,96.357475,94.95319,107.81801,83.492676,1.0147892,1.2913469,39.68992,107.47928,2.7079742,-67.78936,48.90259,1.0,27.636229999999998,4.0,30.765049999999995,0.0,0.0,91.0,61.0,19.0,-27644.0,-0.0099985532407407,-29.0,-9142.0,-8.899595999999999,-8.900910000000003,0.8829999999999245,-870.4637600000001,3.090234555928671,-0.11936491406000704,0.0720051627048433,4.700238520283229e-06,0.017760850110006502,-0.29411121557713216,25.504394999999988,29.768100000000004,31.3116,23.960869000000002,-0.07216310000000004,0.006211900000000048,1.583919999999999,32.88508,0.7504294000000002,-31.301160000000003,48.90259
65,2026-03-25 16:57:13.531720,2026-03-25,16:57:13.531720,LG,Spectroscopy- 1,1X10X,-5 DegC,NO,Full-Frame,VS1_T26_0219_003442_20260325_165713_LG_lev1_V2_1.fits,70.4776,47.0,56.275074,1.0,255.0,167.0,197.0,239.0,27353,0.0098933015046296,32,11030.0,31.414644,30.152792,765.93994,1896.0708,2.3540488217924964,0.7449736523656076,0.0836768136504861,0.999628406554688,0.0070018091426981,4.8868229472989695,73.64531,67.309875,78.29116,62.66404,1.0941234,1.2493794,40.788017,77.05456,1.8891469,-36.26654,0.0,1.0,-25.17774,-1.0,-30.580115999999997,0.0,0.0,-88.0,-58.0,-16.0,27353.0,0.0098933015046296,32.0,11030.0,10.703574,10.862962000000003,14.651740000000018,1095.02496,-2.9978592519685043,0.11229812059399769,-0.0756561612655891,-1.69264558650406e-05,-0.0183851877529085,0.3284160203080466,-22.712165,-27.643315,-29.526849999999996,-20.828636000000003,0.07933419999999991,-0.041967499999999935,1.0980970000000028,-30.424720000000008,-0.8188273000000001,31.522820000000003,-48.90259
66,2026-03-25 16:58:02.434310,2026-03-25,16:58:02.434310,HG,Spectroscopy- 1,1X10X,-5 DegC,NO,Full-Frame,VS1_T26_0219_003442_20260325_165802_HG_lev1_V2_1.fits,95.49508,47.0,86.863716,1.0,255.0,255.0,255.0,255.0,0,0.0,0,0.0,20.712921,19.280045,757.2384,800.7452,5.296740389069013,0.6332030374974129,0.159149661476221,0.999649058601481,0.0253286147479957,4.557185924381837,96.32454,94.66556,107.46007,83.53008,1.0175246,1.2864834,39.554752,107.28326,2.7122722,-67.7285,48.90259,1.0,25.017480000000006,0.0,30.588642,0.0,0.0,88.0,58.0,16.0,-27353.0,-0.0098933015046296,-32.0,-11030.0,-10.701722999999998,-10.872747,-8.701540000000023,-1095.3256000000001,2.942691567276517,-0.11177061486819473,0.0754728478257349,2.0652046793023793e-05,0.0183268056052976,-0.32963702291713215,22.679230000000004,27.355684999999994,29.168909999999997,20.866039999999998,-0.07659879999999997,0.037104000000000026,-1.233265000000003,30.228700000000003,0.8231253000000001,-31.461959999999998,48.90259
67,2026-03-25 16:58:02.434310,2026-03-25,16:58:02.434310,LG,Spectroscopy- 1,1X10X,-5 DegC,NO,Full-Frame,VS1_T26_0219_003442_20260325_165802_LG_lev1_V2_1.fits,70.90443,47.0,56.355637,1.0,255.0,167.0,198.0,240.0,26514,0.00958984375,28,11087.0,31.744694,30.547552,767.3656,1940.8785,2.358513417670218,0.7446532980989783,0.0833483839903384,0.9996287641188704,0.0069469531138009,4.8921820672163,74.138985,67.6699,78.58897,63.219883,1.0955977,1.2431052,41.19872,77.45607,1.8800602,-36.25735,0.0,1.0,-24.590649999999997,0.0,-30.508078999999995,0.0,0.0,-88.0,-57.0,-15.0,26514.0,0.00958984375,28.0,11087.0,11.031772999999998,11.267506999999998,10.127200000000016,1140.1333,-2.9382269713987954,0.11145026060156538,-0.0758012774858826,-2.0294482610649922e-05,-0.0183816616341948,0.3349961428344628,-22.185554999999994,-26.99566,-28.8711,-20.310196999999995,0.0780730999999999,-0.04337820000000003,1.643968000000001,-29.82719,-0.8322120000000002,31.471149999999994,-48.90259
68,2026-03-25 16:58:51.337025,2026-03-25,16:58:51.337025,HG,Spectroscopy- 1,1X10X,-5 DegC,NO,Full-Frame,VS1_T26_0219_003442_20260325_165851_HG_lev1_V2_1.fits,95.149124,47.0,86.9541,1.0,255.0,255.0,255.0,255.0,0,0.0,0,0.0,20.749067,19.279284,752.67255,802.2146,5.312181203682261,0.6328999577197276,0.1588220075855304,0.999648767408165,0.0252244300934983,4.557032360583604,96.0356,94.262596,106.53884,83.75941,1.0188092,1.2719626,39.225025,106.90285,2.7253735,-67.677826,48.902715,1.0,24.244693999999996,0.0,30.598462999999995,0.0,0.0,88.0,57.0,15.0,-26514.0,-0.00958984375,-28.0,-11087.0,-10.995626999999999,-11.268267999999999,-14.693049999999971,-1138.6639,2.9536677860120433,-0.11175334037925067,0.07547362359519198,2.0003289294634463e-05,0.0182774769796974,-0.33514970663269583,21.896614999999997,26.592696000000004,27.94986999999999,20.539527,-0.07678849999999993,0.028857399999999922,-1.9736949999999993,29.446780000000004,0.8453132999999999,-31.420475999999994,48.902715
69,2026-03-25 16:58:51.337025,2026-03-25,16:58:51.337025,LG,Spectroscopy- 1,1X10X,-5 DegC,NO,Full-Frame,VS1_T26_0219_003442_20260325_165851_LG_lev1_V2_1.fits,71.43204,48.0,56.40074,1.0,255.0,168.0,198.0,240.0,26568,0.009609375,30,12163.0,32.23074,31.152805,765.0948,2009.3177,2.3710973685734134,0.7434057290748199,0.0826882857350809,0.9996273814873488,0.0068373525978063,4.900620732181545,74.76307,68.10102,78.77264,64.09143,1.097826,1.2290666,41.765877,77.97418,1.8669351,-36.208305,0.0,1.0,-23.717084,1.0,-30.553359999999998,0.0,0.0,-87.0,-57.0,-15.0,26568.0,0.009609375,30.0,12163.0,11.481672999999997,11.873521,12.422249999999963,1207.1031,-2.9410838351088477,0.11050577135509232,-0.07613372185044949,-2.1385920816241466e-05,-0.018387077495692,0.3435883715979404,-21.272530000000003,-26.161575999999997,-27.766199999999998,-19.66798,0.0790168,-0.042896000000000045,2.540852000000001,-28.928669999999997,-0.8584383999999998,31.469520999999993,-48.902715
70,2026-03-25 16:59:40.239605,2026-03-25,16:59:40.239605,HG,Spectroscopy- 1,1X10X,-5 DegC,NO,Full-Frame,VS1_T26_0219_003442_20260325_165940_HG_lev1_V2_1.fits,95.085014,47.0,86.96654,1.0,255.0,255.0,255.0,255.0,0,0.0,0,0.0,20.736374,19.364971,754.39246,804.9993,5.3234631918712365,0.6327771149428707,0.1587774236874062,0.9996481216596872,0.0252102702728101,4.555978552991543,95.98075,94.189255,106.26945,83.90059,1.0190202,1.2666115,39.17423,106.83065,2.7270646,-67.65642,48.90258,1.0,23.652974,-1.0,30.565799999999996,0.0,0.0,87.0,57.0,15.0,-26568.0,-0.009609375,-30.0,-12163.0,-11.494365999999996,-11.787834,-10.702339999999936,-1204.3184,2.952365823297823,-0.11062861413194924,0.07608913795232529,2.0740172338440388e-05,0.018372917675003802,-0.34464217919000184,21.21768,26.088234999999997,27.49681000000001,19.80915999999999,-0.07880580000000004,0.0375449000000001,-2.591647000000002,28.85647,0.8601294999999998,-31.448114999999994,48.90258
71,2026-03-25 16:59:40.239605,2026-03-25,16:59:40.239605,LG,Spectroscopy- 1,1X10X,-5 DegC,NO,Full-Frame,VS1_T26_0219_003442_20260325_165940_LG_lev1_V2_1.fits,71.5986,48.0,56.399357,1.0,255.0,168.0,198.0,240.0,26757,0.009677734375,30,12465.0,32.31935,31.278183,766.82465,2022.8652,2.3862002084298286,0.7425808946599479,0.0822521696965979,0.9996249869527142,0.0067654194197979,4.903002121389529,74.947235,68.24998,78.77815,64.41905,1.0981283,1.2229015,41.93771,78.11692,1.8626893,-36.17921,0.0,1.0,-23.486413999999996,1.0,-30.567182999999993,0.0,0.0,-87.0,-57.0,-15.0,26757.0,0.009677734375,30.0,12465.0,11.582975999999999,11.913211999999998,12.432189999999991,1217.8659,-2.937262983441408,0.10980377971707722,-0.07652525399080828,-2.3134706973015895e-05,-0.0184448508530122,0.34702356839798654,-21.033514999999994,-25.93927500000001,-27.49130000000001,-19.481539999999995,0.07910810000000001,-0.043709999999999916,2.7634800000000013,-28.713730000000012,-0.8643752999999998,31.47721,-48.90258
72,2026-03-25 17:00:29.142320,2026-03-25,17:00:29.142320,HG,Spectroscopy- 1,1X10X,-5 DegC,NO,Full-Frame,VS1_T26_0219_003442_20260325_170029_HG_lev1_V2_1.fits,94.97866,47.0,86.94563,1.0,255.0,255.0,255.0,255.0,0,0.0,0,0.0,20.768126,19.35947,752.64465,806.10406,5.320827422996757,0.6326640704604971,0.1585445871911124,0.9996481278621842,0.0251363861276002,4.552615544480049,95.82899,94.12834,105.52043,84.43689,1.0180674,1.2496959,39.047104,106.70976,2.732847,-67.66266,48.902715,1.0,23.38006,-1.0,30.546272999999992,0.0,0.0,87.0,57.0,15.0,-26757.0,-0.009677734375,-30.0,-12465.0,-11.551224000000001,-11.918712999999997,-14.180000000000064,-1216.76114,2.9346272145669285,-0.10991682419945081,0.07629241749451449,2.314090946997638e-05,0.018370966707802302,-0.3503865769094805,20.881755,25.87836,26.742280000000008,20.017840000000007,-0.08006089999999988,0.026794399999999996,-2.8906060000000053,28.59284000000001,0.8701577,-31.483450000000005,48.902715
73,2026-03-25 17:00:29.142320,2026-03-25,17:00:29.142320,LG,Spectroscopy- 1,1X10X,-5 DegC,NO,Full-Frame,VS1_T26_0219_003442_20260325_170029_LG_lev1_V2_1.fits,72.057205,49.0,56.424496,1.0,255.0,169.0,199.0,240.0,27625,0.0099916811342592,46,13347.0,32.654903,31.708237,763.17755,2071.7551,2.3931380992357574,0.7424197701264369,0.0814240366055482,0.9996242324895084,0.0066298737371416,4.912574270415449,75.500465,68.613976,78.91148,65.20293,1.1003658,1.2102445,42.431152,78.55635,1.8513838,-36.1252,0.0,1.0,-22.92145500000001,2.0,-30.521133999999996,0.0,0.0,-86.0,-56.0,-15.0,27625.0,0.0099916811342592,46.0,13347.0,11.886776999999999,12.348766999999999,10.53290000000004,1265.6510399999997,-2.9276893237609998,0.10975569966593979,-0.07712055058556419,-2.389537267577513e-05,-0.018506512390458602,0.35995872593540046,-20.328525,-25.514364,-26.608950000000007,-19.23396000000001,0.0822984,-0.039451400000000136,3.384048,-28.153410000000008,-0.8814632,31.537460000000003,-48.902715
75,2026-03-25 17:01:18.044910,2026-03-25,17:01:18.044910,HG,Spectroscopy- 1,1X10X,-5 DegC,NO,Full-Frame,VS1_T26_0219_003442_20260325_170118_HG_lev1_V2_1.fits,94.94025,47.0,86.92199,1.0,255.0,255.0,255.0,255.0,0,0.0,0,0.0,20.78004,19.386457,766.0392,807.64484,5.326561414427976,0.6324445695390917,0.1584418353874905,0.99964755537576,0.0251038152009566,4.55333480012229,96.23494,93.645584,105.38155,84.49894,1.0276506,1.2471347,39.194572,106.60197,2.7198145,-67.407394,0.0,2.0,22.88304500000001,-2.0,30.497493999999996,0.0,0.0,86.0,56.0,15.0,-27625.0,-0.0099916811342592,-46.0,-13347.0,-11.874862999999998,-12.32178,2.861650000000054,-1264.11026,2.933423315192219,-0.10997520058734522,0.07701779878194229,2.3322886251619934e-05,0.018473941463815,-0.3592394702931596,20.73447499999999,25.031608000000006,26.470070000000007,19.29601000000001,-0.07271519999999998,0.036890199999999984,-3.2365799999999965,28.04562,0.8684307,-31.282193999999997,0.0
74,2026-03-25 17:01:18.044910,2026-03-25,17:01:18.044910,LG,Spectroscopy- 1,1X10X,-5 DegC,NO,Full-Frame,VS1_T26_0219_003442_20260325_170118_LG_lev1_V2_1.fits,73.54242,50.0,56.60854,1.0,255.0,170.0,200.0,242.0,26299,0.0095120804398148,42,12483.0,33.660378,32.780804,770.7788,2207.6023,2.461685820981936,0.7380851744430218,0.0794739319455435,0.999615975346686,0.0063161058588848,4.930829623478904,77.222565,69.862274,80.32767,66.75717,1.1053543,1.2032815,43.993103,80.02199,1.8189666,-36.028885,48.90259,-1.0,-21.39783,3.0,-30.313449999999996,0.0,0.0,-85.0,-55.0,-13.0,26299.0,0.0095120804398148,42.0,12483.0,12.880338000000002,13.394347000000003,4.739599999999996,1399.95746,-2.8648755934460404,0.10564060490393012,-0.07896790344194698,-3.1580029073996485e-05,-0.0187877093420718,0.37749482335661444,-19.01237499999999,-23.78331,-25.053880000000007,-17.741770000000002,0.07770369999999982,-0.04385320000000004,4.798530999999997,-26.579979999999992,-0.9008479,31.378508999999994,48.90259
76,2026-03-25 17:02:06.947615,2026-03-25,17:02:06.947615,HG,Spectroscopy- 1,1X10X,-5 DegC,NO,Full-Frame,VS1_T26_0219_003442_20260325_170206_HG_lev1_V2_1.fits,94.87918,47.0,86.97424,1.0,255.0,255.0,255.0,255.0,0,0.0,0,0.0,20.789392,19.378382,754.7516,807.7206,5.328455013895322,0.6325305082381876,0.1583618178464587,0.9996478544054896,0.0250784653516349,4.554736000393542,95.84025,93.91812,105.00177,84.75659,1.020466,1.2388626,39.02532,106.57022,2.730797,-67.54491,48.902705,2.0,21.336759999999998,-3.0,30.365699999999997,0.0,0.0,85.0,55.0,13.0,-26299.0,-0.0095120804398148,-42.0,-12483.0,-12.870986000000002,-13.402422000000005,-16.027199999999993,-1399.8817,2.8667691929133863,-0.10555466620483422,0.0788878859009152,3.187905880364106e-05,0.0187623594927501,-0.376093623085362,18.617684999999994,24.055846000000003,24.674099999999996,17.99942,-0.0848882999999998,0.03558110000000014,-4.967782999999997,26.548230000000004,0.9118303999999999,-31.516025,0.00011500000000097543
77,2026-03-25 17:02:06.947615,2026-03-25,17:02:06.947615,LG,Spectroscopy- 1,1X10X,-5 DegC,NO,Full-Frame,VS1_T26_0219_003442_20260325_170206_LG_lev1_V2_1.fits,72.844185,50.0,56.51082,1.0,255.0,169.0,199.0,241.0,27565,0.0099699797453703,50,13516.0,33.273415,32.31665,770.187,2151.4858,2.435633901690597,0.7386300977173041,0.0799603931348608,0.9996187260811056,0.0063936644702815,4.924167599126712,76.33506,69.3533,79.49821,66.19016,1.1006694,1.2010578,43.234257,79.32839,1.8348504,-36.094135,0.0,1.0,-22.03499500000001,3.0,-30.463419999999992,0.0,0.0,-86.0,-56.0,-14.0,27565.0,0.0099699797453703,50.0,13516.0,12.484023,12.938268000000004,15.435399999999959,1343.7651999999998,-2.892821112204725,0.10609958947911657,-0.0784014247115979,-2.912832438406454e-05,-0.0186848008813534,0.3694315987331702,-19.50519,-24.564819999999997,-25.503559999999993,-18.566429999999997,0.08020339999999981,-0.03780479999999997,4.208936999999999,-27.241830000000007,-0.8959465999999998,31.450775,-48.902705
78,2026-03-25 17:02:55.850205,2026-03-25,17:02:55.850205,HG,Spectroscopy- 1,1X10X,-5 DegC,NO,Full-Frame,VS1_T26_0219_003442_20260325_170255_HG_lev1_V2_1.fits,94.85735,47.0,86.98061,1.0,255.0,255.0,255.0,255.0,0,0.0,0,0.0,20.763021,19.324848,752.0492,804.55286,5.300098787054192,0.632884549416288,0.1583462427454311,0.9996497798646146,0.0250735325915949,4.553807075932332,95.89734,93.81737,104.84915,84.865555,1.0221704,1.2354736,38.862343,106.57604,2.7423987,-67.7137,48.90259,1.0,22.013165,-3.0,30.469789999999996,0.0,0.0,86.0,56.0,14.0,-27565.0,-0.0099699797453703,-50.0,-13516.0,-12.510394000000002,-12.991802000000003,-18.13779999999997,-1346.93294,2.864464885363595,-0.10574554830101612,0.07838584961057031,3.1053783508983024e-05,0.0186798681213134,-0.37036052319438006,19.56228,24.464069999999992,25.350939999999994,18.675394999999995,-0.07849899999999987,0.034415799999999885,-4.371913999999997,27.247650000000007,0.9075482999999998,-31.619565,48.90259
79,2026-03-25 17:02:55.850205,2026-03-25,17:02:55.850205,LG,Spectroscopy- 1,1X10X,-5 DegC,NO,Full-Frame,VS1_T26_0219_003442_20260325_170255_LG_lev1_V2_1.fits,73.13722,50.0,56.548088,1.0,255.0,170.0,200.0,242.0,26358,0.0095334201388888,49,13199.0,33.44222,32.52993,771.0318,2176.5786,2.431806898448356,0.7378181720459364,0.0797251591430156,0.9996198261194232,0.0063561010003791,4.926468933610815,76.658325,69.61609,79.70875,66.5657,1.1011581,1.1974448,43.56927,79.6199,1.8274325,-36.050632,0.0,1.0,-21.720129999999997,3.0,-30.432522,0.0,0.0,-85.0,-55.0,-13.0,26358.0,0.0095334201388888,49.0,13199.0,12.679199,13.205082,18.982599999999934,1372.0257399999998,-2.8682918886058357,0.10493362262964834,-0.0786210836024155,-2.9953745191324543e-05,-0.0187174315912158,0.3726618576784828,-19.239014999999995,-24.201279999999997,-25.1404,-18.299854999999994,0.07898769999999988,-0.038028799999999974,4.706927,-26.956140000000005,-0.9149661999999998,31.663068000000003,-48.90259
80,2026-03-25 17:03:44.752795,2026-03-25,17:03:44.752795,HG,Spectroscopy- 1,1X10X,-5 DegC,NO,Full-Frame,VS1_T26_0219_003442_20260325_170344_HG_lev1_V2_1.fits,94.870674,47.0,86.96016,1.0,255.0,255.0,255.0,255.0,0,0.0,0,0.0,20.80055,19.361696,738.14496,807.53827,5.311944187123668,0.6325811158177149,0.1583454273328292,0.9996488320339548,0.0250732743572163,4.553795220681759,95.90255,93.8388,104.67026,85.0711,1.0219926,1.2303857,38.92401,106.5913,2.738446,-67.66729,48.90259,1.0,21.733453999999995,-3.0,30.412072000000002,0.0,0.0,85.0,55.0,13.0,-26358.0,-0.0095334201388888,-49.0,-13199.0,-12.641669999999998,-13.168234000000002,-32.88684000000001,-1369.0403299999998,2.880137288675312,-0.10523705622822144,0.07862026818981359,2.9005914531587962e-05,0.018717173356837202,-0.37267371292905604,19.244225,24.222710000000006,24.961510000000004,18.505399999999995,-0.0791655,0.03294090000000005,-4.64526,26.971400000000003,0.9110135000000001,-31.616657999999994,48.90259
81,2026-03-25 17:03:44.752795,2026-03-25,17:03:44.752795,LG,Spectroscopy- 1,1X10X,-5 DegC,NO,Full-Frame,VS1_T26_0219_003442_20260325_170344_LG_lev1_V2_1.fits,73.32083,50.0,56.532146,1.0,255.0,170.0,200.0,242.0,26589,0.0096169704861111,50,13303.0,33.52442,32.569416,770.48035,2184.6538,2.4396801904817043,0.7371208152014971,0.0796387315717468,0.9996183790738288,0.0063423275663567,4.927067891159718,76.84864,69.79305,79.77747,66.86419,1.1010929,1.193127,43.722767,79.818924,1.8255689,-36.096157,0.0,1.0,-21.549843999999993,3.0,-30.428014000000005,0.0,0.0,-85.0,-55.0,-13.0,26589.0,0.0096169704861111,50.0,13303.0,12.723869999999998,13.207719999999998,32.335390000000075,1377.11553,-2.872263996641964,0.10453969938378216,-0.0787066957610824,-3.0452960126048367e-05,-0.018730946790859602,0.37327267047795853,-19.053910000000002,-24.045750000000012,-24.892790000000005,-18.206910000000008,0.07910030000000012,-0.03725869999999998,4.798756999999995,-26.77237600000001,-0.9128771000000002,31.571132999999996,-48.90259
82,2026-03-25 17:04:33.655500,2026-03-25,17:04:33.655500,HG,Spectroscopy- 1,1X10X,-5 DegC,NO,Full-Frame,VS1_T26_0219_003442_20260325_170433_HG_lev1_V2_1.fits,94.86424,47.0,86.92421,1.0,255.0,255.0,255.0,255.0,0,0.0,0,0.0,20.794401,19.362173,741.2422,807.3009,5.317590247220935,0.6320532223507043,0.1581501312148272,0.9996481675465484,0.025011464003267,4.553776282709623,95.97739,93.75113,104.29789,85.43059,1.0237465,1.2208495,38.983154,106.56125,2.7335205,-67.578094,48.902705,1.0,21.543409999999994,-3.0,30.392064000000005,0.0,0.0,85.0,55.0,13.0,-26589.0,-0.0096169704861111,-50.0,-13303.0,-12.730018999999999,-13.207242999999998,-29.23815000000002,-1377.3529,2.877910056739231,-0.10506759285079281,0.07851139964308042,2.9788472719616266e-05,0.0186691364369103,-0.3732916084500948,19.128749999999997,23.95808000000001,24.52042,18.5664,-0.07734640000000015,0.027722499999999872,-4.7396129999999985,26.742326000000006,0.9079516000000001,-31.481936999999995,48.902705
83,2026-03-25 17:04:33.655500,2026-03-25,17:04:33.655500,LG,Spectroscopy- 1,1X10X,-5 DegC,NO,Full-Frame,VS1_T26_0219_003442_20260325_170433_LG_lev1_V2_1.fits,73.898285,51.0,56.547474,1.0,255.0,170.0,200.0,242.0,27392,0.0099074074074074,50,13551.0,33.84168,32.96659,758.0831,2232.0554,2.450999449976841,0.736717765219761,0.0790608908860377,0.9996168159607094,0.0062506244676939,4.934141270954248,77.55925,70.23731,80.20875,67.58783,1.1042457,1.1867336,44.466793,80.3493,1.8069506,-35.882504,0.0,1.0,-20.965954999999994,4.0,-30.376736,0.0,0.0,-85.0,-55.0,-13.0,27392.0,0.0099074074074074,50.0,13551.0,13.047278999999996,13.604416999999998,16.84089999999992,1424.7545000000002,-2.8665907972440943,0.10466454286905669,-0.07908924032878951,-3.135158583900122e-05,-0.018760839535573098,0.38036498824462495,-18.418139999999994,-23.51382000000001,-24.08914,-17.84276,0.08049920000000022,-0.03411589999999998,5.483639000000004,-26.21195,-0.9265699000000001,31.695589999999996,-48.902705
84,2026-03-25 17:05:22.558215,2026-03-25,17:05:22.558215,HG,Spectroscopy- 1,1X10X,-5 DegC,NO,Full-Frame,VS1_T26_0219_003442_20260325_170522_HG_lev1_V2_1.fits,94.751114,47.0,86.98535,1.0,255.0,255.0,255.0,255.0,0,0.0,0,0.0,20.782475,19.354116,744.82886,806.493,5.310648737841594,0.6324244656601933,0.1579876275001879,0.9996491197976252,0.0249600904431381,4.556552063666323,95.95984,93.54234,104.07658,85.42565,1.0258439,1.2183293,38.8954,106.43707,2.736495,-67.54167,48.902715,1.0,20.852829,-4.0,30.437875999999996,0.0,0.0,85.0,55.0,13.0,-27392.0,-0.0099074074074074,-50.0,-13551.0,-13.059204999999995,-13.612473999999995,-13.254239999999982,-1425.5624000000003,2.8596492878647526,-0.10429329955956768,0.07892673661415021,3.230383691577021e-05,0.0187094659754442,-0.377589207287925,18.400589999999994,23.305030000000002,23.867830000000012,17.837820000000008,-0.07840180000000019,0.031595700000000004,-5.5713930000000005,26.087770000000006,0.9295444000000002,-31.659166,48.902715
85,2026-03-25 17:05:22.558215,2026-03-25,17:05:22.558215,LG,Spectroscopy- 1,1X10X,-5 DegC,NO,Full-Frame,VS1_T26_0219_003442_20260325_170522_LG_lev1_V2_1.fits,74.20333,51.0,56.609776,1.0,255.0,171.0,200.0,243.0,26238,0.0094900173611111,51,13031.0,34.051056,33.24322,769.0527,2264.5862,2.4806862262621583,0.7358274252348391,0.0788930694611683,0.9996130265675822,0.0062241164090047,4.937800128310568,77.86559,70.54104,80.443726,67.96294,1.1038339,1.1836411,44.625378,80.64357,1.8071235,-36.018192,0.0,1.0,-20.547784000000007,4.0,-30.375574,0.0,0.0,-84.0,-55.0,-12.0,26238.0,0.0094900173611111,51.0,13031.0,13.268581000000001,13.889104,24.223839999999996,1458.0932000000003,-2.8299625115794353,0.10340295957464585,-0.07909455803901962,-3.609323004294396e-05,-0.0187359740341334,0.3812480646442449,-18.094250000000002,-23.0013,-23.63285400000001,-17.46271,0.07799,-0.03468819999999995,5.729977999999996,-25.79350000000001,-0.9293715,31.523477999999997,-48.902715
87,2026-03-25 17:06:11.460680,2026-03-25,17:06:11.460680,HG,Spectroscopy- 1,1X10X,-5 DegC,NO,Full-Frame,VS1_T26_0219_003442_20260325_170611_HG_lev1_V2_1.fits,94.917595,47.0,86.90541,1.0,255.0,255.0,255.0,255.0,0,0.0,0,0.0,20.804056,19.368454,731.4602,807.94574,5.320351580592867,0.6321444211061251,0.1581264519103502,0.9996478325744336,0.0250039747937563,4.553869386107879,95.933945,93.9013,104.28905,85.546135,1.0216466,1.2190971,38.99564,106.63453,2.7345245,-67.638885,0.0,2.0,20.71426500000001,-4.0,30.295634000000007,0.0,0.0,84.0,55.0,12.0,-26238.0,-0.0094900173611111,-51.0,-13031.0,-13.247000000000003,-13.874766000000001,-37.59249999999997,-1456.64046,2.8396653543307084,-0.10368300412871401,0.07923338244918192,3.480600685135116e-05,0.0187798583847516,-0.38393074220268897,18.068354999999997,23.36026000000001,23.845324000000005,17.583195000000003,-0.08218729999999996,0.03545599999999993,-5.629737999999996,25.99096,0.9274009999999999,-31.620693000000003,0.0
86,2026-03-25 17:06:11.460680,2026-03-25,17:06:11.460680,LG,Spectroscopy- 1,1X10X,-5 DegC,NO,Full-Frame,VS1_T26_0219_003442_20260325_170611_LG_lev1_V2_1.fits,73.56237,50.0,56.53754,1.0,255.0,170.0,200.0,242.0,27153,0.0098209635416666,43,13667.0,33.610012,32.727917,763.11597,2200.7495,2.437875607920333,0.7378501772912112,0.0794213545014374,0.9996187343685216,0.006307751550843,4.930862923675306,77.15369,69.97106,79.85638,67.26837,1.1026514,1.1871312,44.06981,80.05133,1.8164665,-35.98152,48.902465,-1.0,-21.355225000000004,3.0,-30.367870000000003,0.0,0.0,-85.0,-55.0,-13.0,27153.0,0.0098209635416666,43.0,13667.0,12.805955999999998,13.359462999999998,31.65576999999996,1392.8037599999998,-2.8824759726725335,0.10570575618508604,-0.07870509740891281,-2.909820591201484e-05,-0.0186962232429133,0.3769935375674276,-18.780254999999997,-23.930240000000012,-24.43267,-18.277765000000002,0.0810048000000001,-0.03196589999999988,5.074169999999995,-26.583200000000005,-0.918058,31.657365,48.902465
88,2026-03-25 17:07:00.363260,2026-03-25,17:07:00.363260,HG,Spectroscopy- 1,1X10X,-5 DegC,NO,Full-Frame,VS1_T26_0219_003442_20260325_170700_HG_lev1_V2_1.fits,94.7711,47.0,86.96746,0.0,255.0,255.0,255.0,255.0,0,0.0,0,0.0,20.787914,19.344183,747.83954,806.3347,5.321556565539602,0.6322024254662242,0.157961702191193,0.9996482546061932,0.0249518993591391,4.556441938512956,96.044754,93.49744,103.95509,85.587105,1.0272448,1.2146116,38.949055,106.455475,2.733198,-67.506424,48.90258,2.0,21.208730000000003,-3.0,30.429920000000003,-1.0,0.0,85.0,55.0,13.0,-27153.0,-0.0098209635416666,-43.0,-13667.0,-12.822097999999997,-13.383733999999997,-15.276429999999891,-1394.4148,2.883680957619269,-0.10564775182498698,0.07854034768975558,2.9520237671665228e-05,0.0186441478082961,-0.37442098516235056,18.891064,23.526380000000003,24.098709999999997,18.31873499999999,-0.07540659999999999,0.02748039999999996,-5.1207549999999955,26.404145000000014,0.9167314999999998,-31.524903999999992,0.00011500000000097543
89,2026-03-25 17:07:00.363260,2026-03-25,17:07:00.363260,LG,Spectroscopy- 1,1X10X,-5 DegC,NO,Full-Frame,VS1_T26_0219_003442_20260325_170700_LG_lev1_V2_1.fits,74.42261,51.0,56.62116,1.0,255.0,171.0,201.0,243.0,26572,0.0096108217592592,60,12923.0,34.3827,33.563984,764.3206,2308.7112,2.480262491315424,0.7345155986584119,0.0784410039768142,0.999613246566487,0.0061529911048905,4.94178441765996,78.11104,70.73418,80.568726,68.276474,1.1042899,1.1800364,44.928463,80.87789,1.8001482,-35.94943,0.0,1.0,-20.348489999999998,4.0,-30.3463,1.0,0.0,-84.0,-54.0,-12.0,26572.0,0.0096108217592592,60.0,12923.0,13.594786,14.219800999999997,16.481059999999957,1502.3765000000003,-2.841294074224178,0.10231317319218769,-0.0795206982143788,-3.5008039706241334e-05,-0.0187989082542486,0.38534247914700437,-17.933713999999995,-22.763260000000002,-23.386364,-17.310631,0.07704509999999987,-0.03457519999999992,5.979407999999999,-25.577585000000013,-0.9330497999999998,31.556993999999996,-48.90258
90,2026-03-25 17:07:49.265975,2026-03-25,17:07:49.265975,HG,Spectroscopy- 1,1X10X,-5 DegC,NO,Full-Frame,VS1_T26_0219_003442_20260325_170749_HG_lev1_V2_1.fits,94.882126,47.0,86.94094,0.0,255.0,255.0,255.0,255.0,0,0.0,0,0.0,20.822704,19.349031,747.20013,807.97,5.343807173459935,0.6315631956328231,0.1581595993700508,0.9996465691368732,0.0250144588728949,4.553847138260135,95.56872,94.195496,103.71229,86.05197,1.0145785,1.2052284,38.84154,106.607834,2.744686,-67.7663,48.902715,1.0,20.459515999999994,-4.0,30.319779999999994,-1.0,0.0,84.0,54.0,12.0,-26572.0,-0.0096108217592592,-60.0,-12923.0,-13.559995999999998,-14.214952999999998,-17.12047000000007,-1500.7412000000002,2.863544682144511,-0.10295240302558872,0.07971859539323661,3.3322570386240535e-05,0.0188614677680044,-0.38793727939982503,17.457679999999996,23.46131600000001,23.143563999999998,17.775496000000004,-0.08971139999999989,0.02519199999999988,-6.086922999999999,25.729944000000003,0.9445378000000002,-31.81687,48.902715
91,2026-03-25 17:07:49.265975,2026-03-25,17:07:49.265975,LG,Spectroscopy- 1,1X10X,-5 DegC,NO,Full-Frame,VS1_T26_0219_003442_20260325_170749_LG_lev1_V2_1.fits,72.899,49.0,56.482624,1.0,255.0,169.0,199.0,243.0,26221,0.0094838686342592,23,18782.0,33.295,32.34033,770.48035,2154.4539,2.4310828219082903,0.7388843407957372,0.0802267073014713,0.9996190585141222,0.0064363245644359,4.923443689124472,76.27793,69.520096,78.934654,66.86336,1.097207,1.1805367,43.296513,79.3708,1.8331914,-36.074284,0.0,1.0,-21.983126,2.0,-30.458315999999996,1.0,0.0,-86.0,-56.0,-12.0,26221.0,0.0094838686342592,23.0,18782.0,12.472296,12.991299000000001,23.2802200000001,1346.4839,-2.912724351551645,0.10732114516291402,-0.0779328920685795,-2.751062275097027e-05,-0.018578134308458998,0.36959655086433685,-19.29079,-24.67540000000001,-24.777636,-19.188609999999997,0.0826285,-0.024691699999999983,4.454972999999995,-27.237033999999994,-0.9114946000000002,31.692016000000002,-48.902715
92,2026-03-25 17:08:38.168565,2026-03-25,17:08:38.168565,HG,Spectroscopy- 1,1X10X,-5 DegC,NO,Full-Frame,VS1_T26_0219_003442_20260325_170838_HG_lev1_V2_1.fits,94.913445,47.0,86.911354,1.0,255.0,255.0,255.0,255.0,0,0.0,0,0.0,20.74276,19.300804,755.4734,802.78314,5.283897348309403,0.6321383281881638,0.1579249264408983,0.9996502927065596,0.0249402823913631,4.5559894571275175,96.280174,93.546715,104.28313,85.54376,1.0292202,1.2190617,39.10017,106.647446,2.7275443,-67.54727,48.90259,1.0,22.014444999999995,-2.0,30.42873,0.0,0.0,86.0,56.0,12.0,-26221.0,-0.0094838686342592,-23.0,-18782.0,-12.552240000000001,-13.039526000000002,-15.006950000000074,-1351.67076,2.852814526401113,-0.10674601260757333,0.07769821913942701,3.123419243733494e-05,0.0185039578269272,-0.3674542319969545,20.002244000000005,24.02661900000001,25.348476000000005,18.680400000000006,-0.06798680000000012,0.03852499999999992,-4.196342999999999,27.276646,0.8943528999999999,-31.472986,48.90259
93,2026-03-25 17:08:38.168565,2026-03-25,17:08:38.168565,LG,Spectroscopy- 1,1X10X,-5 DegC,NO,Full-Frame,VS1_T26_0219_003442_20260325_170838_LG_lev1_V2_1.fits,74.5233,51.0,56.69562,1.0,255.0,171.0,201.0,243.0,26360,0.0095341435185185,64,12561.0,34.448513,33.633175,776.1765,2317.8906,2.485515212482631,0.7333060577780023,0.0779383865304902,0.999613445956236,0.0060743920949761,4.947251869554709,78.31132,70.73526,80.83744,68.20915,1.1071044,1.1851407,44.949345,81.02592,1.802605,-36.076572,0.0,1.0,-20.39014499999999,4.0,-30.215734000000005,0.0,0.0,-84.0,-54.0,-12.0,26360.0,0.0095341435185185,64.0,12561.0,13.705752999999998,14.332371000000002,20.703100000000063,1515.1074600000002,-2.798382135826772,0.10116772958983844,-0.0799865399104081,-3.684675032356033e-05,-0.018865890296386998,0.3912624124271913,-17.968854000000007,-22.81145500000001,-23.44569,-17.334610000000012,0.07788420000000018,-0.03392099999999987,5.8491750000000025,-25.621526000000003,-0.9249392999999999,31.470698,-48.90259
94,2026-03-25 17:09:27.071280,2026-03-25,17:09:27.071280,HG,Spectroscopy- 1,1X10X,-5 DegC,NO,Full-Frame,VS1_T26_0219_003442_20260325_170927_HG_lev1_V2_1.fits,95.030655,47.0,86.94379,1.0,255.0,255.0,255.0,255.0,0,0.0,0,0.0,20.77455,19.330927,745.69696,805.26666,5.31864361394164,0.6322193358234899,0.1583134666200411,0.999648255100883,0.0250631537132548,4.555768353251397,96.02165,94.03966,104.7677,85.29361,1.0210762,1.2283183,39.016426,106.83806,2.738284,-67.82163,48.902715,1.0,20.50735499999999,-4.0,30.24817000000001,0.0,0.0,84.0,54.0,12.0,-26360.0,-0.0095341435185185,-64.0,-12561.0,-13.673962999999997,-14.302248000000002,-30.479540000000043,-1512.6239400000002,2.8331284014590095,-0.1010867219545124,0.08037508008955088,3.480914464693008e-05,0.0189887616182787,-0.39148351630331213,17.71033,23.3044,23.930260000000004,17.084460000000007,-0.08602820000000011,0.04317759999999993,-5.932918999999998,25.81214,0.9356790000000001,-31.745058,48.902715
95,2026-03-25 17:09:27.071280,2026-03-25,17:09:27.071280,LG,Spectroscopy- 1,1X10X,-5 DegC,NO,Full-Frame,VS1_T26_0219_003442_20260325_170927_LG_lev1_V2_1.fits,73.1509,50.0,56.547672,1.0,255.0,170.0,199.0,242.0,26299,0.0095120804398148,37,13110.0,33.486805,32.488693,766.5246,2176.8816,2.460854996526169,0.7372873455023342,0.0796560281016627,0.999615278540538,0.0063450828129328,4.92752206848793,76.62501,69.67678,79.684906,66.6169,1.0997208,1.1961665,43.532738,79.68811,1.8305329,-36.155373,0.0,1.0,-21.879755000000003,3.0,-30.39611800000001,0.0,0.0,-85.0,-56.0,-13.0,26299.0,0.0095120804398148,37.0,13110.0,12.712254999999995,13.157765999999999,20.827639999999974,1371.6149400000002,-2.8577886174154714,0.10506800967884433,-0.07865743851837839,-3.2976560344955e-05,-0.018718070900322,0.3717537152365331,-19.39663999999999,-24.362880000000004,-25.082794000000007,-18.67671,0.07864460000000006,-0.032151800000000064,4.516311999999999,-27.149950000000004,-0.9077511000000003,31.666257,-48.902715
96,2026-03-25 17:10:15.973860,2026-03-25,17:10:15.973860,HG,Spectroscopy- 1,1X10X,-5 DegC,NO,Full-Frame,VS1_T26_0219_003442_20260325_171015_HG_lev1_V2_1.fits,95.00415,47.0,86.94825,1.0,255.0,255.0,255.0,255.0,0,0.0,0,0.0,20.759094,19.283537,748.0762,802.7948,5.293572328045391,0.6321771295133636,0.1580697719728531,0.9996499488613548,0.0249860528115497,4.557975480258481,96.35026,93.65802,104.95463,85.05367,1.0287454,1.2339811,39.041225,106.801155,2.7355995,-67.75993,48.90258,1.0,21.853250000000003,-3.0,30.400578000000003,0.0,0.0,85.0,56.0,13.0,-26299.0,-0.0095120804398148,-37.0,-13110.0,-12.727710999999996,-13.205155999999999,-18.448399999999992,-1374.0868,2.832717331519222,-0.10511021598897063,0.0784137438711904,3.467032081683197e-05,0.0186409699986169,-0.36954658822944886,19.725250000000003,23.98124,25.269723999999997,18.436769999999996,-0.07097540000000002,0.03781460000000014,-4.491513000000005,27.113045,0.9050666000000003,-31.604557,48.90258
97,2026-03-25 17:10:15.973860,2026-03-25,17:10:15.973860,LG,Spectroscopy- 1,1X10X,-5 DegC,NO,Full-Frame,VS1_T26_0219_003442_20260325_171015_LG_lev1_V2_1.fits,74.132286,51.0,56.664005,1.0,255.0,171.0,201.0,242.0,26996,0.0097641782407407,58,12310.0,33.914635,33.062897,771.32227,2243.3577,2.4557600451597965,0.7358814576877155,0.0788656444064514,0.99961764648539,0.0062197898676448,4.93857518456931,77.80145,70.46311,80.79808,67.46649,1.1041445,1.1976031,44.483746,80.66273,1.8133079,-36.17898,0.0,1.0,-20.871864000000002,4.0,-30.284245,0.0,0.0,-84.0,-54.0,-13.0,26996.0,0.0097641782407407,58.0,12310.0,13.155540999999996,13.77936,23.24607000000003,1440.5629,-2.8378122828855945,0.10370432817435193,-0.0792041275664017,-3.230237596485441e-05,-0.0187662629439049,0.38059970431082935,-18.548810000000003,-23.194909999999993,-24.156549999999996,-17.587180000000004,0.07539910000000005,-0.03637800000000002,5.442520999999999,-26.138424999999998,-0.9222916000000001,31.580949999999994,-48.90258
98,2026-03-25 17:11:04.876575,2026-03-25,17:11:04.876575,HG,Spectroscopy- 1,1X10X,-5 DegC,NO,Full-Frame,VS1_T26_0219_003442_20260325_171104_HG_lev1_V2_1.fits,95.05803,47.0,86.953766,2.0,255.0,255.0,255.0,255.0,0,0.0,0,0.0,20.738028,19.26651,765.17316,801.2643,5.302347730430754,0.6323899913097061,0.1583150637615983,0.9996494135596872,0.0250636594138389,4.556510127375782,95.97524,94.140785,104.888794,85.22726,1.0194863,1.2306954,39.023624,106.88701,2.7390335,-67.86339,48.902715,1.0,20.92574400000001,-4.0,30.289761,1.0,0.0,84.0,54.0,13.0,-26996.0,-0.0097641782407407,-58.0,-12310.0,-13.176606999999997,-13.796387,-6.149109999999951,-1442.0934,2.8465876852709577,-0.10349146637800943,0.07944941935514689,3.1767074297195386e-05,0.0188438695461941,-0.382065057193528,18.173789999999997,23.677674999999994,24.090714000000006,17.760770000000008,-0.08465820000000002,0.033092300000000074,-5.460121999999998,26.224280000000007,0.9257256,-31.684409999999993,48.902715
99,2026-03-25 17:11:04.876575,2026-03-25,17:11:04.876575,LG,Spectroscopy- 1,1X10X,-5 DegC,NO,Full-Frame,VS1_T26_0219_003442_20260325_171104_LG_lev1_V2_1.fits,72.84167,49.0,56.551945,1.0,255.0,169.0,199.0,241.0,27323,0.0098824508101851,40,13323.0,33.100685,32.121998,770.187,2127.4778,2.422019019221862,0.7391589211817524,0.0802222181202852,0.9996214076980452,0.0064356042801386,4.9242108167581335,76.303024,69.380325,79.45361,66.22972,1.099779,1.1996671,43.09361,79.42066,1.84298,-36.327053,0.0,1.0,-22.21636000000001,2.0,-30.401820999999998,-1.0,0.0,-86.0,-56.0,-14.0,27323.0,0.0098824508101851,40.0,13323.0,12.362656999999999,12.855487999999998,5.013839999999959,1326.2135,-2.8803287112088922,0.10676892987204634,-0.0780928456413131,-2.8005861641977603e-05,-0.0186280551337003,0.36770068938235134,-19.672216000000006,-24.760459999999995,-25.435184000000007,-18.99754,0.0802927,-0.03102830000000001,4.069986,-27.466350000000006,-0.8960535000000001,31.536336999999996,-48.902715
