UMAP1,UMAP2,Cluster,Probability
16.574915,4.1834497,5,1.0
-1.3538728,3.2324593,2,0.7776803191687094
16.450636,4.218204,5,1.0
-1.2052338,2.8298717,2,0.7702874658182404
16.478762,4.128158,5,1.0
-0.8698974,2.5100315,2,0.7702874658182404
16.43019,4.274199,5,1.0
-1.0407047,2.651055,2,0.9156883389197052
16.596764,4.4042335,5,1.0
-0.6682072,2.672076,2,0.9156883389197052
0.5471248,6.6424284,1,1.0
18.640291,1.0789444,4,0.7098553670229709
17.91765,-1.8035896,3,1.0
-0.87973315,3.1846445,2,1.0
17.767242,-1.7466697,3,1.0
-0.1580896,3.181259,2,1.0
17.966085,-2.009774,3,1.0
-0.96505684,3.4763997,2,0.937310057673867
17.903025,-1.8655823,3,1.0
-0.711447,3.4255207,2,1.0
17.807064,-1.6126257,3,1.0
-0.41035786,3.0119345,2,1.0
-0.7247733,3.1809382,2,1.0
17.700872,-1.4701328,3,0.8291925342102863
18.441626,0.9257463,4,1.0
-0.38957912,2.9447114,2,1.0
18.030344,-0.4836572,4,1.0
0.2046394,6.4384375,1,0.7662648621243006
18.86125,2.1855192,6,1.0
0.5301211,6.103554,1,1.0
18.376497,0.6398205,4,1.0
-0.32642132,2.9015718,2,1.0
18.455929,0.09818503,4,1.0
3.68901,10.338923,0,1.0
1.8731784,8.880042,0,0.7749618061553804
18.53317,0.7960383,4,1.0
19.0249,2.5207844,6,1.0
2.1784582,9.460075,0,1.0
18.15122,-0.4626466,4,1.0
0.85643387,6.609887,1,1.0
18.61501,-0.27466062,4,0.8970570351767472
3.611732,10.274389,0,1.0
19.299286,2.4566123,6,1.0
0.24647182,5.805978,1,0.7850697056328904
19.587887,3.486564,6,1.0
2.8607755,9.808506,0,1.0
19.777153,3.0759072,6,1.0
0.25419742,5.8756995,1,0.8560264848407425
2.075829,9.281471,0,1.0
18.51819,3.808186,6,1.0
19.772352,3.6242883,6,1.0
0.29260486,6.386224,1,0.9692109847780859
19.492601,3.6207566,6,1.0
0.65506,6.8463216,1,0.9913472024680682
19.750694,3.6594276,6,1.0
-1.0590817,4.009566,2,0.6593327771900351
17.916435,3.965109,6,1.0
0.7973233,6.514572,1,1.0
17.83122,4.2582617,6,1.0
-1.2891473,3.919275,2,0.7776803191687094
-1.5146126,3.7974741,2,0.7103861054081198
17.654232,4.307063,6,1.0
17.467876,4.2540317,6,1.0
-1.4863969,3.5895782,2,0.7776803191687094
17.972208,4.187309,6,1.0
-0.52080345,4.4623995,2,0.3793704406604725
18.117516,3.8995762,6,1.0
-0.1784526,5.14846,1,0.4228793275431757
18.813305,3.3704777,6,1.0
0.64096045,6.034323,1,0.8560264848407425
18.913607,3.4975052,6,1.0
0.75767666,6.247537,1,1.0
19.459095,2.644576,6,1.0
1.9992816,9.450756,0,1.0
3.4051409,9.819619,0,1.0
18.505182,3.31643,6,1.0
19.320374,2.290136,6,1.0
3.1814783,10.029459,0,1.0
19.489437,2.1128423,6,1.0
3.273497,10.179238,0,1.0
18.412607,-0.3144551,4,1.0
3.515704,10.158365,0,1.0
18.223457,-0.18143538,4,1.0
4.195132,10.295745,0,1.0
18.212027,0.1985756,4,0.9564744679123492
4.193855,10.252969,0,1.0
3.5630207,9.9279585,0,1.0
18.030994,-0.5528422,4,0.8692916239374318
18.415773,0.33928597,4,1.0
4.525572,10.352933,0,1.0
17.858406,-0.029156832,4,0.7483199760186275
2.4447093,9.610504,0,1.0
19.202648,2.2416663,6,1.0
4.4812655,10.487643,0,1.0
18.749445,0.32179004,4,0.7419066239606953
2.605191,9.55211,0,1.0
19.770739,2.5730546,6,1.0
4.493379,10.490618,0,1.0
18.725927,2.8849502,6,1.0
2.3528233,9.765689,0,1.0
