,mean,median,std,min,max,p90,p95,p99,bright_pixels,bright_fraction,num_regions,largest_region,grad_mean,grad_std,grad_max,grad_energy,contrast,homogeneity,energy,correlation,ASM,entropy,left_mean,right_mean,top_mean,bottom_mean,LR_ratio,TB_ratio,inner_mean,outer_mean,outer_inner_ratio,radial_slope
mean,1.0,-0.10551298355655075,0.9957999756930994,-0.058006775550803726,,0.9977952796794245,0.9985195034594885,0.996961026655278,-0.9956874852998655,-0.9956874852998653,-0.8770056559734714,-0.9552935326360832,-0.9717096417801865,-0.9675284724718153,-0.4247837600714329,-0.9610258770236533,0.9971205634511336,-0.9990025061173745,0.9898973787974711,0.8642851338877495,0.9912613843679445,-0.9791598679606056,0.9927880561388296,0.9949821465446751,0.9962633668628456,0.9933278390246871,-0.7685349783092057,0.43300847206209775,-0.6260731868304994,0.9997903567994307,0.9810766286342729,-0.9939783848530332
median,-0.10551298355655075,1.0,-0.19377342552773716,0.10755548739992166,,-0.16797839332938275,-0.15495091419438595,-0.10436934747556159,0.1915884482748848,0.1915884482748846,0.41827791457209323,0.09775655036868224,0.3120172274855955,0.32679639754464185,0.4055861350411952,0.3482348944989655,-0.17735757526948095,0.1428135395507377,-0.24142868754437785,-0.5307447872243243,-0.2327809618941275,0.3005585462517537,-0.05080155994986195,-0.15000997557148965,-0.11487775329835667,-0.09177789565966758,0.35335977224792736,-0.16354545220634792,0.8116758059932048,-0.12306795487059749,-0.28426850507879314,0.21104703222486523
std,0.9957999756930994,-0.19377342552773716,1.0,-0.06789929087264078,,0.9996286018003201,0.9991125281058109,0.9921630403721537,-0.9996762920605498,-0.9996762920605505,-0.9045857905979491,-0.9526799985130908,-0.9876927605892705,-0.9849538954897465,-0.45637538408782496,-0.9805693895236637,0.9997139421087405,-0.9985196065652607,0.9985438896472526,0.9024775098597458,0.99897149380422,-0.9933460570709586,0.9842703201196253,0.9944319872863959,0.9925494584573429,0.988527691713697,-0.7874639682557752,0.43862775468131904,-0.6924106867295549,0.9972739868388444,0.9935807369906094,-0.9996762755970543
min,-0.058006775550803726,0.10755548739992166,-0.06789929087264078,1.0,,-0.06514790851928974,-0.06503860594311937,-0.0654069007449665,0.06361796093126876,0.06361796093126892,0.07519541133585309,0.06428948131895464,0.04905553133066645,0.04858816200614088,0.05081797342478765,0.04830707345146603,-0.07168424567234587,0.06378124355556314,-0.06868988396772528,-0.02679811022099828,-0.07091605048641053,0.08203894573939238,-0.017424882496471453,-0.09123568779726339,-0.04976876632727173,-0.06833035176924994,0.260106611942788,0.04294532082592142,0.1784918009306794,-0.057067430640201755,-0.09814795429422672,0.07397161172671905
max,,,,,,,,,,,,,,,,,,,,,,,,,,,,,,,,
p90,0.9977952796794245,-0.16797839332938275,0.9996286018003201,-0.06514790851928974,,1.0,0.9998356049595808,0.9940871196078498,-0.9993845047487759,-0.9993845047487762,-0.8983392738330944,-0.9552244785404339,-0.9840510145674248,-0.9808791814977106,-0.4470076730455611,-0.9758947148809982,0.9997583264302433,-0.9995456318931726,0.9968384986113564,0.892639826348997,0.9974832858687361,-0.9900259426316976,0.9878393982526172,0.9950918162254456,0.9943622257799739,0.9907434648939404,-0.7811610399746877,0.43754941864394836,-0.6734676602450027,0.9987974718747467,0.9906096963643924,-0.9987885988803522
p95,0.9985195034594885,-0.15495091419438595,0.9991125281058109,-0.06503860594311937,,0.9998356049595808,1.0,0.9946919964754222,-0.9987794760078339,-0.9987794760078336,-0.8933789573822798,-0.9574813238736432,-0.9812541227277066,-0.9778331804915927,-0.4410608755127564,-0.9725001711077302,0.9995256692675891,-0.9997480225734608,0.995533193917203,0.8861948744913247,0.9963732806728814,-0.9879877025648929,0.9888191399261447,0.9955947949838653,0.9951143604664312,0.9914219730674226,-0.7803542470850929,0.4383905305205714,-0.6644327397212886,0.9992433060717782,0.9891575929244589,-0.9981072861456058
p99,0.996961026655278,-0.10436934747556159,0.9921630403721537,-0.0654069007449665,,0.9940871196078498,0.9946919964754222,1.0,-0.9927055775312567,-0.9927055775312572,-0.8729372423774782,-0.9350263442631451,-0.9654405114712774,-0.9611815789758581,-0.421028536187485,-0.9543660518408158,0.9937928822376402,-0.9957972732565485,0.9857482154325253,0.855670882569353,0.9873756639135878,-0.9752344734218752,0.9881803360031353,0.9932859948990643,0.9898399174629066,0.9948435418935394,-0.7745550108488741,0.391096058601726,-0.6225708697891116,0.9965041151935968,0.9783181053233051,-0.9905368486302054
bright_pixels,-0.9956874852998655,0.1915884482748848,-0.9996762920605498,0.06361796093126876,,-0.9993845047487759,-0.9987794760078339,-0.9927055775312567,1.0,0.9999999999999998,0.9055125483711381,0.951300482032344,0.9881244067534316,0.9854429666337216,0.45873564375974557,0.9810552239726845,-0.999306655680056,0.9983796606026378,-0.9982412349319708,-0.9032176032156305,-0.998551715540142,0.9926477153404438,-0.9855410289882578,-0.9931663374744232,-0.9922040210665573,-0.9887275625713519,0.7801281761801582,-0.43560330180393436,0.6883357108836609,-0.9972026412220731,-0.9922577683209693,0.9991187388896734
bright_fraction,-0.9956874852998653,0.1915884482748846,-0.9996762920605505,0.06361796093126892,,-0.9993845047487762,-0.9987794760078336,-0.9927055775312572,0.9999999999999998,1.0,0.9055125483711383,0.951300482032344,0.9881244067534313,0.9854429666337207,0.4587356437597457,0.9810552239726847,-0.9993066556800559,0.9983796606026379,-0.9982412349319707,-0.9032176032156306,-0.9985517155401427,0.9926477153404439,-0.9855410289882576,-0.9931663374744237,-0.9922040210665576,-0.9887275625713521,0.7801281761801587,-0.4356033018039337,0.688335710883661,-0.9972026412220731,-0.992257768320969,0.9991187388896736
num_regions,-0.8770056559734714,0.41827791457209323,-0.9045857905979491,0.07519541133585309,,-0.8983392738330944,-0.8933789573822798,-0.8729372423774782,0.9055125483711381,0.9055125483711383,1.0,0.8195042436164318,0.9323921780480483,0.9335714595542093,0.3808490663030378,0.9366345703497275,-0.8994437000050193,0.889668595447635,-0.917982628807162,-0.9164748826536933,-0.9143399519840044,0.9289012798451374,-0.8557388334834134,-0.8850754053211004,-0.8793475286988801,-0.863651301688988,0.7666317182160008,-0.44887931345535226,0.7989103600627261,-0.8826256085139774,-0.9163868712382052,0.9072208971656425
largest_region,-0.9552935326360832,0.09775655036868224,-0.9526799985130908,0.06428948131895464,,-0.9552244785404339,-0.9574813238736432,-0.9350263442631451,0.951300482032344,0.951300482032344,0.8195042436164318,1.0,0.9289256560750512,0.9248447672003597,0.4169509888949762,0.918669624194921,-0.9538468106639548,0.9553699673030759,-0.9460814048100609,-0.8261546047616138,-0.9475209673607333,0.9363392314749007,-0.9488427101388892,-0.9501337385168098,-0.9614475690574483,-0.9359358505255763,0.7281314695496302,-0.5398378469534004,0.6082214254068019,-0.9554439579189319,-0.9404492625476034,0.951087264922776
grad_mean,-0.9717096417801865,0.3120172274855955,-0.9876927605892705,0.04905553133066645,,-0.9840510145674248,-0.9812541227277066,-0.9654405114712774,0.9881244067534316,0.9881244067534313,0.9323921780480483,0.9289256560750512,1.0,0.9998351750220227,0.5210311992703929,0.9991113319294048,-0.9842256024005283,0.9794679647569945,-0.9936951804206356,-0.9552541047955871,-0.9919563891234344,0.9945219589528218,-0.9621209835454348,-0.9689876045425276,-0.9704544893545247,-0.9620539191983075,0.7578357367144725,-0.450137422239452,0.7598424105618291,-0.976163196456129,-0.9881097314518749,0.9884257986835413
grad_std,-0.9675284724718153,0.32679639754464185,-0.9849538954897465,0.04858816200614088,,-0.9808791814977106,-0.9778331804915927,-0.9611815789758581,0.9854429666337216,0.9854429666337207,0.9335714595542093,0.9248447672003597,0.9998351750220227,1.0,0.5282127022932743,0.9996834302322586,-0.9811662134346056,0.975915137690807,-0.9918113544921557,-0.9596355567465517,-0.9898730517571646,0.9934875355716116,-0.9576782463434226,-0.9650708828506099,-0.9663513348530728,-0.9578173375964627,0.755716858579721,-0.44913873718758335,0.7682771528122004,-0.9723211001563316,-0.9866064710359511,0.9859149064387114
grad_max,-0.4247837600714329,0.4055861350411952,-0.45637538408782496,0.05081797342478765,,-0.4470076730455611,-0.4410608755127564,-0.421028536187485,0.45873564375974557,0.4587356437597457,0.3808490663030378,0.4169509888949762,0.5210311992703929,0.5282127022932743,1.0,0.5352638108174915,-0.4459096199835481,0.43964288904538684,-0.47164297831230656,-0.6062293954823822,-0.4666245000742044,0.4804420130081888,-0.44690429447959407,-0.4016340183343582,-0.41573705241642417,-0.4319100742285281,0.1525344993831115,-0.10274641207303943,0.4749688034646105,-0.43573273916294347,-0.46721090660713005,0.45760198808875635
grad_energy,-0.9610258770236533,0.3482348944989655,-0.9805693895236637,0.04830707345146603,,-0.9758947148809982,-0.9725001711077302,-0.9543660518408158,0.9810552239726845,0.9810552239726847,0.9366345703497275,0.918669624194921,0.9991113319294048,0.9996834302322586,0.5352638108174915,1.0,-0.976314592520059,0.9702905050936155,-0.9886894438848405,-0.9655857406711512,-0.9864541347882329,0.9916763073763577,-0.9506134713209741,-0.959109245920017,-0.9602071332991304,-0.9509120166512506,0.7536752772130014,-0.45024968156248124,0.7805878481334875,-0.9662834822202535,-0.9840319771979972,0.9818552203741573
contrast,0.9971205634511336,-0.17735757526948095,0.9997139421087405,-0.07168424567234587,,0.9997583264302433,0.9995256692675891,0.9937928822376402,-0.999306655680056,-0.9993066556800559,-0.8994437000050193,-0.9538468106639548,-0.9842256024005283,-0.9811662134346056,-0.4459096199835481,-0.976314592520059,1.0,-0.9991621875542537,0.9973420006958648,0.8924838488922517,0.9980649957415365,-0.9912503614116094,0.9850655423478487,0.996176464867782,0.993440048014802,0.9904070481523375,-0.7912802736163289,0.4346344794210688,-0.682530326331864,0.9981857689103485,0.9925141361939533,-0.9993208974213637
homogeneity,-0.9990025061173745,0.1428135395507377,-0.9985196065652607,0.06378124355556314,,-0.9995456318931726,-0.9997480225734608,-0.9957972732565485,0.9983796606026378,0.9983796606026379,0.889668595447635,0.9553699673030759,0.9794679647569945,0.975915137690807,0.43964288904538684,0.9702905050936155,-0.9991621875542537,1.0,-0.9942680209179369,-0.8811314148058286,-0.9951488434750285,0.9857873130723387,-0.9904794024136893,-0.9950899424097357,-0.9943309457424562,-0.9935903688740862,0.7745915091108004,-0.4249800267791564,0.6548545084246467,-0.9995565147689899,-0.9872381397574821,0.9972385483154511
energy,0.9898973787974711,-0.24142868754437785,0.9985438896472526,-0.06868988396772528,,0.9968384986113564,0.995533193917203,0.9857482154325253,-0.9982412349319708,-0.9982412349319707,-0.917982628807162,-0.9460814048100609,-0.9936951804206356,-0.9918113544921557,-0.47164297831230656,-0.9886894438848405,0.9973420006958648,-0.9942680209179369,1.0,0.9214056587887476,0.9998819179617244,-0.9977231793630051,0.9761687108395679,0.9904298036390269,0.9880483070478048,0.9808226029714546,-0.7943561307096484,0.4505320056871098,-0.7250619589049594,0.9922917306271852,0.9962278936304387,-0.999041880784055
correlation,0.8642851338877495,-0.5307447872243243,0.9024775098597458,-0.02679811022099828,,0.892639826348997,0.8861948744913247,0.855670882569353,-0.9032176032156305,-0.9032176032156306,-0.9164748826536933,-0.8261546047616138,-0.9552541047955871,-0.9596355567465517,-0.6062293954823822,-0.9655857406711512,0.8924838488922517,-0.8811314148058286,0.9214056587887476,1.0,0.9162874202062926,-0.9363002650130857,0.8541222119888734,0.8632279859533538,0.8677225157643306,0.8496162966327027,-0.679664421169721,0.45060859370404294,-0.8536176160307841,0.8738911317226454,0.9199612082319999,-0.9058027600552455
ASM,0.9912613843679445,-0.2327809618941275,0.99897149380422,-0.07091605048641053,,0.9974832858687361,0.9963732806728814,0.9873756639135878,-0.998551715540142,-0.9985517155401427,-0.9143399519840044,-0.9475209673607333,-0.9919563891234344,-0.9898730517571646,-0.4666245000742044,-0.9864541347882329,0.9980649957415365,-0.9951488434750285,0.9998819179617244,0.9162874202062926,1.0,-0.9972281057360294,0.9769115782144341,0.9922971479192567,0.989487309550432,0.9820705595931517,-0.7984819007919671,0.45149725532615786,-0.7202837247776492,0.9934030791576149,0.9964296491274192,-0.9994858354563391
entropy,-0.9791598679606056,0.3005585462517537,-0.9933460570709586,0.08203894573939238,,-0.9900259426316976,-0.9879877025648929,-0.9752344734218752,0.9926477153404438,0.9926477153404439,0.9289012798451374,0.9363392314749007,0.9945219589528218,0.9934875355716116,0.4804420130081888,0.9916763073763577,-0.9912503614116094,0.9857873130723387,-0.9977231793630051,-0.9363002650130857,-0.9972281057360294,1.0,-0.9602763325430332,-0.9841129888122883,-0.978290527694687,-0.9689020897537007,0.8137560502255636,-0.45660543066935144,0.7676289128266203,-0.9824516823954008,-0.9979115574349854,0.9951424007470013
left_mean,0.9927880561388296,-0.05080155994986195,0.9842703201196253,-0.017424882496471453,,0.9878393982526172,0.9888191399261447,0.9881803360031353,-0.9855410289882578,-0.9855410289882576,-0.8557388334834134,-0.9488427101388892,-0.9621209835454348,-0.9576782463434226,-0.44690429447959407,-0.9506134713209741,0.9850655423478487,-0.9904794024136893,0.9761687108395679,0.8541222119888734,0.9769115782144341,-0.9602763325430332,1.0,0.9758118063925864,0.9880423567198409,0.987547391851894,-0.6868499670854636,0.4183066774993815,-0.5641099958219847,0.992499926404269,0.9584749744346346,-0.9798002963549187
right_mean,0.9949821465446751,-0.15000997557148965,0.9944319872863959,-0.09123568779726339,,0.9950918162254456,0.9955947949838653,0.9932859948990643,-0.9931663374744232,-0.9931663374744237,-0.8850754053211004,-0.9501337385168098,-0.9689876045425276,-0.9650708828506099,-0.4016340183343582,-0.959109245920017,0.996176464867782,-0.9950899424097357,0.9904298036390269,0.8632279859533538,0.9922971479192567,-0.9841129888122883,0.9758118063925864,1.0,0.9921288836626423,0.9871889487136157,-0.8282260487828126,0.44049907579838293,-0.6708770202790586,0.9948403215391423,0.9891116897029902,-0.994840849463343
top_mean,0.9962633668628456,-0.11487775329835667,0.9925494584573429,-0.04976876632727173,,0.9943622257799739,0.9951143604664312,0.9898399174629066,-0.9922040210665573,-0.9922040210665576,-0.8793475286988801,-0.9614475690574483,-0.9704544893545247,-0.9663513348530728,-0.41573705241642417,-0.9602071332991304,0.993440048014802,-0.9943309457424562,0.9880483070478048,0.8677225157643306,0.989487309550432,-0.978290527694687,0.9880423567198409,0.9921288836626423,1.0,0.979655852130188,-0.771541081975269,0.5085940782377916,-0.6285741485207367,0.9960966367478796,0.9778694670853345,-0.9908873617615851
bottom_mean,0.9933278390246871,-0.09177789565966758,0.988527691713697,-0.06833035176924994,,0.9907434648939404,0.9914219730674226,0.9948435418935394,-0.9887275625713519,-0.9887275625713521,-0.863651301688988,-0.9359358505255763,-0.9620539191983075,-0.9578173375964627,-0.4319100742285281,-0.9509120166512506,0.9904070481523375,-0.9935903688740862,0.9808226029714546,0.8496162966327027,0.9820705595931517,-0.9689020897537007,0.987547391851894,0.9871889487136157,0.979655852130188,1.0,-0.7555585829416204,0.3270306684226467,-0.6154326620675571,0.993063340233052,0.9739181497221199,-0.9865143738605541
LR_ratio,-0.7685349783092057,0.35335977224792736,-0.7874639682557752,0.260106611942788,,-0.7811610399746877,-0.7803542470850929,-0.7745550108488741,0.7801281761801582,0.7801281761801587,0.7666317182160008,0.7281314695496302,0.7578357367144725,0.755716858579721,0.1525344993831115,0.7536752772130014,-0.7912802736163289,0.7745915091108004,-0.7943561307096484,-0.679664421169721,-0.7984819007919671,0.8137560502255636,-0.6868499670854636,-0.8282260487828126,-0.771541081975269,-0.7555585829416204,1.0,-0.3992980935451634,0.777102830886721,-0.7682976325783204,-0.8334391089028197,0.7995684353772616
TB_ratio,0.43300847206209775,-0.16354545220634792,0.43862775468131904,0.04294532082592142,,0.43754941864394836,0.4383905305205714,0.391096058601726,-0.43560330180393436,-0.4356033018039337,-0.44887931345535226,-0.5398378469534004,-0.450137422239452,-0.44913873718758335,-0.10274641207303943,-0.45024968156248124,0.4346344794210688,-0.4249800267791564,0.4505320056871098,0.45060859370404294,0.45149725532615786,-0.45660543066935144,0.4183066774993815,0.44049907579838293,0.5085940782377916,0.3270306684226467,-0.3992980935451634,1.0,-0.34107508184551644,0.4338202954629321,0.43451702967046557,-0.4396793389352312
inner_mean,-0.6260731868304994,0.8116758059932048,-0.6924106867295549,0.1784918009306794,,-0.6734676602450027,-0.6644327397212886,-0.6225708697891116,0.6883357108836609,0.688335710883661,0.7989103600627261,0.6082214254068019,0.7598424105618291,0.7682771528122004,0.4749688034646105,0.7805878481334875,-0.682530326331864,0.6548545084246467,-0.7250619589049594,-0.8536176160307841,-0.7202837247776492,0.7676289128266203,-0.5641099958219847,-0.6708770202790586,-0.6285741485207367,-0.6154326620675571,0.777102830886721,-0.34107508184551644,1.0,-0.6385187265279365,-0.7640787332527399,0.7072679174522507
outer_mean,0.9997903567994307,-0.12306795487059749,0.9972739868388444,-0.057067430640201755,,0.9987974718747467,0.9992433060717782,0.9965041151935968,-0.9972026412220731,-0.9972026412220731,-0.8826256085139774,-0.9554439579189319,-0.976163196456129,-0.9723211001563316,-0.43573273916294347,-0.9662834822202535,0.9981857689103485,-0.9995565147689899,0.9922917306271852,0.8738911317226454,0.9934030791576149,-0.9824516823954008,0.992499926404269,0.9948403215391423,0.9960966367478796,0.993063340233052,-0.7682976325783204,0.4338202954629321,-0.6385187265279365,1.0,0.9838210988391716,-0.9956735940847623
outer_inner_ratio,0.9810766286342729,-0.28426850507879314,0.9935807369906094,-0.09814795429422672,,0.9906096963643924,0.9891575929244589,0.9783181053233051,-0.9922577683209693,-0.992257768320969,-0.9163868712382052,-0.9404492625476034,-0.9881097314518749,-0.9866064710359511,-0.46721090660713005,-0.9840319771979972,0.9925141361939533,-0.9872381397574821,0.9962278936304387,0.9199612082319999,0.9964296491274192,-0.9979115574349854,0.9584749744346346,0.9891116897029902,0.9778694670853345,0.9739181497221199,-0.8334391089028197,0.43451702967046557,-0.7640787332527399,0.9838210988391716,1.0,-0.9959716830593895
radial_slope,-0.9939783848530332,0.21104703222486523,-0.9996762755970543,0.07397161172671905,,-0.9987885988803522,-0.9981072861456058,-0.9905368486302054,0.9991187388896734,0.9991187388896736,0.9072208971656425,0.951087264922776,0.9884257986835413,0.9859149064387114,0.45760198808875635,0.9818552203741573,-0.9993208974213637,0.9972385483154511,-0.999041880784055,-0.9058027600552455,-0.9994858354563391,0.9951424007470013,-0.9798002963549187,-0.994840849463343,-0.9908873617615851,-0.9865143738605541,0.7995684353772616,-0.4396793389352312,0.7072679174522507,-0.9956735940847623,-0.9959716830593895,1.0
