,Variance
bright_pixels,183684659.0
largest_region,58382028.37686869
grad_energy,383906.60410350363
p90,1927.7418181818182
p95,831.2398989898988
num_regions,411.589797979798
radial_slope,249.81030734342445
std,235.48975274666043
outer_mean,210.78765543316544
top_mean,187.0761978128557
grad_max,177.92763982733248
right_mean,170.36011269842476
mean,141.6259492086316
left_mean,118.66152323482237
bottom_mean,104.92339794748077
p99,53.125151515151515
grad_std,36.44783138708423
grad_mean,34.26622046137312
inner_mean,3.6415795258398704
contrast,2.1864457718123425
median,2.182929292929293
outer_inner_ratio,0.18746270443578786
min,0.10101010101010101
entropy,0.029861673618326447
homogeneity,0.0031081814315907044
LR_ratio,0.002307388348829616
energy,0.0014611357498369054
TB_ratio,0.0014037971339104875
ASM,8.428905866788657e-05
bright_fraction,2.4029539314971008e-05
correlation,1.4879258078660066e-10
max,0.0
