,count,mean,std,min,25%,50%,75%,max,variance,missing
mean,100.0,83.40342612999999,11.90067011594858,68.01911,71.51575125,84.637207,95.018025,96.57111,141.6259492086316,0
median,100.0,47.67,1.4774739567685424,44.0,47.0,47.0,49.0,51.0,2.182929292929293,0
std,100.0,71.60001187,15.34567537603544,55.859818,56.37134,71.3573125,86.9489975,87.07304,235.48975274666043,0
min,100.0,1.0,0.3178208630818641,0.0,1.0,1.0,1.0,2.0,0.10101010101010101,0
max,100.0,255.0,0.0,255.0,255.0,255.0,255.0,255.0,0.0,0
p90,100.0,211.34,43.9060567368765,164.0,168.0,213.0,255.0,255.0,1927.7418181818182,0
p95,100.0,226.35,28.831231312413607,194.0,198.0,228.0,255.0,255.0,831.2398989898988,0
p99,100.0,247.81,7.28870026240286,236.0,241.0,249.0,255.0,255.0,53.125151515151515,0
bright_pixels,100.0,13481.7,13553.031358334563,0.0,0.0,13110.5,26983.25,27644.0,183684659.0,0
bright_fraction,100.0,0.00487619357638887,0.004901993402175385,0.0,0.0,0.0047419343171296,0.009759566695601775,0.0099985532407407,2.4029539314971008e-05,0
num_regions,100.0,18.31,20.28767601229372,0.0,0.0,8.5,33.25,64.0,411.589797979798,0
largest_region,100.0,7230.63,7640.813332157035,0.0,0.0,4571.0,13308.0,21296.0,58382028.37686869,0
grad_mean,100.0,26.483523010000003,5.853735598861049,20.243895,20.764941,25.2355135,32.24836575,34.448513,34.26622046137312,0
grad_std,100.0,25.215082579999994,6.037203937841112,18.847418,19.33119175,23.797224,31.16713975,33.633175,36.44783138708423,0
grad_max,100.0,756.2493322000003,13.338951976348534,716.49426,747.71013,758.6209249999999,766.7962625,776.1765,177.92763982733248,0
grad_energy,100.0,1407.1842998999998,619.6019723205403,765.04034,804.855485,1241.42285,2011.3491250000002,2317.8906,383906.60410350363,0
contrast,100.0,3.846347831750811,1.4786635086497342,2.26167351783233,2.3790491836498378,3.8418408406669755,5.3190706056044466,5.394598555465493,2.1864457718123425,0
homogeneity,100.0,0.6873520887865757,0.055751066640833916,0.6287714274403264,0.6322151082341735,0.6833332458686101,0.742930404468191,0.752040445831617,0.0031081814315907044,0
energy,100.0,0.12013660414269532,0.038224805425756,0.0779383865304902,0.08232998371097247,0.1205868392773495,0.15839514904025698,0.1601106308069651,0.0014611357498369054,0
correlation,100.0,0.9996367645315312,1.2198056434801433e-05,0.9996130265675822,0.9996264545343576,0.9996419166578682,0.9996482444663004,0.9996502927065596,1.4879258078660066e-10,0
ASM,100.0,0.01587932804727717,0.00918090729001696,0.0060743920949761,0.006778228236189225,0.015647348688286,0.025089023249415275,0.0256354140974042,8.428905866788657e-05,0
entropy,100.0,4.7336825841041,0.1728053055271349,4.552615544480049,4.557108679031772,4.732373239705247,4.90205201619688,4.947251869554709,0.029861673618326447,0
left_mean,100.0,85.74996877,10.893187009999524,70.85308,75.14983500000001,86.452925,95.97577749999999,102.643585,118.66152323482237,0
right_mean,100.0,81.05688165,13.05220719642562,64.21971,68.2658395,80.271815,94.202061,96.58248,170.36011269842476,0
top_mean,100.0,91.71521155000002,13.677580115387945,74.60507,78.59176000000001,91.50807,104.93170624999999,110.10795,187.0761978128557,0
bottom_mean,100.0,75.09164078999999,10.243212286557414,59.531807,64.98381499999999,75.655372,85.24049,87.68023,104.92339794748077,0
LR_ratio,100.0,1.0642408654,0.04803528233319355,0.9922658,1.0187667,1.0845525500000002,1.100775275,1.1524332,0.002307388348829616,0
TB_ratio,100.0,1.2197224039999999,0.03746728084489836,1.1606405,1.189356225,1.217376,1.240105575,1.3260542,0.0014037971339104875,0
inner_mean,100.0,40.72933613,1.9082923061836912,38.106,39.0218245,40.0856975,42.2229075,44.949345,3.6415795258398704,0
outer_mean,100.0,92.56964409,14.518528005041194,74.5942,78.00831,93.731495,106.8041675,108.26173,210.78765543316544,0
outer_inner_ratio,100.0,2.288145268,0.4329696345424098,1.8001482,1.865293925,2.2376741,2.7332786249999996,2.7731054,0.18746270443578786,0
radial_slope,100.0,-51.84030793,15.805388554016142,-68.334984,-67.729125,-50.874015,-36.1268275,-35.81967,249.81030734342445,0
