,Mean
bright_pixels,13481.7
largest_region,7230.63
grad_energy,1407.1842998999998
grad_max,756.2493322000003
max,255.0
p99,247.81
p95,226.35
p90,211.34
outer_mean,92.56964409
top_mean,91.71521155000002
left_mean,85.74996877
mean,83.40342612999999
right_mean,81.05688165
bottom_mean,75.09164078999999
std,71.60001187
median,47.67
inner_mean,40.72933613
grad_mean,26.483523010000003
grad_std,25.215082579999994
num_regions,18.31
entropy,4.7336825841041
contrast,3.846347831750811
outer_inner_ratio,2.288145268
TB_ratio,1.2197224039999999
LR_ratio,1.0642408654
min,1.0
correlation,0.9996367645315312
homogeneity,0.6873520887865757
energy,0.12013660414269532
ASM,0.01587932804727717
bright_fraction,0.00487619357638887
radial_slope,-51.84030793
