mean,median,std,min,max,p90,p95,p99,bright_pixels,bright_fraction,num_regions,largest_region,grad_mean,grad_std,grad_max,grad_energy,contrast,homogeneity,energy,correlation,ASM,entropy,left_mean,right_mean,top_mean,bottom_mean,LR_ratio,TB_ratio,inner_mean,outer_mean,outer_inner_ratio,radial_slope,DATE-OBS,GAIN,TEMP,CHANNEL,FRAMEBIN,ROI,filename
0.9887041188007841,0.8571428571428571,0.9662311375608709,0.5,0.0,1.0,1.0,1.0,0.0,0.0,0.0,0.0,0.0,0.0,0.22663877897344287,0.0,0.9387800807609141,0.006219001039394263,0.9282723483325255,0.9508335040583996,0.9052886040168999,0.14939098803026749,1.0,0.7920783665922292,0.8964484008057936,0.9426388824695441,0.9370015371417661,0.459409347593337,0.7145964436982201,0.9998315884770878,0.7376020240150338,0.09457555907348801,2026-03-24T03:56:21.921680000,1X10X,-5 DegC,Spectroscopy- 1,NO,Full-Frame,VS1_T26_0212_003435_20260324_035621_HG_lev1_V2_1.fits
0.03835878397310162,0.14285714285714285,0.0018500493156394305,0.5,0.0,0.0,0.0,0.15789473684210525,0.9759441470120098,0.9759441470120048,0.671875,0.6937922614575507,0.6845753965365349,0.6503000827079735,0.08198988509814592,0.6073746994768188,0.00037434015473278905,0.979016135964626,0.08862032621280129,0.6760704833555372,0.06074041166987163,0.8261254461931404,0.0992702066230153,0.0,0.0264434885282548,0.11201206547166072,1.0,0.2690164115789688,0.26096010065253183,0.04366313774725958,0.10957665969273889,0.9891521884118973,2026-03-24T03:56:21.921680000,1X10X,-5 DegC,Spectroscopy- 1,NO,Full-Frame,VS1_T26_0212_003435_20260324_035621_LG_lev1_V2_1.fits
0.9803320257775288,0.8571428571428571,0.9685690890866697,1.0,0.0,1.0,1.0,1.0,0.0,0.0,0.0,0.0,0.003425928103100151,0.002072737973442842,0.6732770083696574,0.0020149141746610075,0.9373007383660312,0.006074752124411634,0.9271625154537464,0.9752622136970952,0.9038510508799367,0.14431937228482153,0.9862086179505485,0.7908541203364235,0.868566719094338,0.9608214286107611,0.9096701326237432,0.34609346142429614,0.655406091611631,0.9923980167241258,0.7561735500801064,0.08981503300260321,2026-03-24T03:57:10.824395000,1X10X,-5 DegC,Spectroscopy- 1,NO,Full-Frame,VS1_T26_0212_003435_20260324_035710_HG_lev1_V2_1.fits
0.07284708601849271,0.2857142857142857,0.0057116500180597616,0.5,0.0,0.01098901098901099,0.01639344262295082,0.21052631578947367,0.9671899869772826,0.9671899869772861,0.59375,0.7266153268219384,0.7322149036320443,0.7044348152076353,0.2560734985818213,0.6635431545086646,0.009128309505964527,0.9641947156182447,0.07231669841652429,0.6006607892805778,0.04915890981000566,0.8612796264996525,0.1315697878973608,0.029127296581843806,0.04235205707255293,0.16191240980000923,0.9942984652307534,0.16261772755219261,0.4214386385605278,0.07188172105289574,0.08089245857885627,0.9937088105623092,2026-03-24T03:57:10.824395000,1X10X,-5 DegC,Spectroscopy- 1,NO,Full-Frame,VS1_T26_0212_003435_20260324_035710_LG_lev1_V2_1.fits
0.9802178481367331,0.8571428571428571,0.9681298521504764,0.5,0.0,1.0,1.0,1.0,0.0,0.0,0.0,0.0,0.004678548905715263,0.005851374400377378,0.35886119555834195,0.0038406729570950172,0.9416154100168157,0.00799217190869312,0.9274003102476631,0.9477770321866801,0.9041589920265367,0.1430967485845575,0.9853281663817545,0.7915178459693034,0.8661067778163348,0.9636923176833034,0.9060264448320944,0.3331350426234346,0.6578512408770856,0.992070401362975,0.7548840791763501,0.09066890757997942,2026-03-24T03:57:59.726975000,1X10X,-5 DegC,Spectroscopy- 1,NO,Full-Frame,VS1_T26_0212_003435_20260324_035759_HG_lev1_V2_1.fits
0.07760927430652859,0.2857142857142857,0.005640302048920345,0.5,0.0,0.01098901098901099,0.01639344262295082,0.21052631578947367,0.9767399797424395,0.9767399797424421,0.8125,0.7309823441021788,0.7328166093590128,0.7078560806862982,0.0,0.6657888958333947,0.007599185992078252,0.9711935789250912,0.07216581085029586,0.6203495183819823,0.04905258182513648,0.865323973110655,0.1361990002989883,0.03298172560630626,0.04499832126295118,0.16823617436756605,0.9946356124904329,0.151570275013497,0.44623279989537284,0.0757703342062813,0.07620109085990638,0.9949006489680524,2026-03-24T03:57:59.726975000,1X10X,-5 DegC,Spectroscopy- 1,NO,Full-Frame,VS1_T26_0212_003435_20260324_035759_LG_lev1_V2_1.fits
0.9763543709722607,0.8571428571428571,0.9701193936338901,0.5,0.0,1.0,1.0,1.0,0.0,0.0,0.0,0.0,0.00632308450674281,0.0037638925081751634,0.5267268788839027,0.0036999446424409136,0.9385905429041058,0.0054094600911005685,0.9259476690683632,0.9785278704602163,0.9022784498769838,0.14978123007921335,0.9792386122837621,0.7906820089874875,0.8539869159910406,0.9711411896858311,0.8947064134149653,0.28544914961699036,0.6384965247258462,0.9880056541124342,0.7596961099624937,0.09080410541322192,2026-03-24T03:58:48.629690000,1X10X,-5 DegC,Spectroscopy- 1,NO,Full-Frame,VS1_T26_0212_003435_20260324_035848_HG_lev1_V2_1.fits
0.08248339871112383,0.2857142857142857,0.007130824238523136,0.5,0.0,0.01098901098901099,0.03278688524590164,0.21052631578947367,0.9878092895384171,0.9878092895384162,0.78125,0.7337997746055598,0.7563336796526313,0.7261742499893648,0.06816098055300848,0.6893220084208247,0.01199724967980127,0.9546574485959627,0.06328222722096213,0.5777847125319626,0.042820171092580336,0.8774778609654663,0.14155232828166753,0.03632445553949771,0.04186843433546813,0.18207176295453578,0.9989898069145164,0.09800518336752027,0.45242757744933176,0.07946915024654304,0.07732529241779589,0.992374669978583,2026-03-24T03:58:48.629690000,1X10X,-5 DegC,Spectroscopy- 1,NO,Full-Frame,VS1_T26_0212_003435_20260324_035848_LG_lev1_V2_1.fits
0.9741103950686463,0.7142857142857143,0.9702055750604663,1.0,0.0,1.0,1.0,1.0,0.0,0.0,0.0,0.0,0.010613449794989332,0.010646529629832197,0.6437474531786997,0.007782714348774337,0.9589930630992436,0.0,0.9237605773256027,0.8635390166418023,0.8994498597165242,0.15105753975159672,0.9745565224585138,0.791323177836755,0.8303368628122562,0.9964179165561073,0.8827233257204659,0.16816805379481828,0.6104821545603796,0.9849077137526868,0.768993538461918,0.08811601819376569,2026-03-24T03:59:37.532405000,1X10X,-5 DegC,Spectroscopy- 1,NO,Full-Frame,VS1_T26_0212_003435_20260324_035937_HG_lev1_V2_1.fits
0.08383090501541052,0.42857142857142855,0.00628275414822612,1.0,0.0,0.01098901098901099,0.03278688524590164,0.21052631578947367,0.9813702792649399,0.9813702792649427,0.75,0.7257700976709242,0.7545191993195455,0.72592820239099,0.3404096428016092,0.6881551219239902,0.01804883192820061,0.9568217192202302,0.06464539926123909,0.48754532158105457,0.043772986031042474,0.876423229137256,0.1426943044786484,0.03757929250184676,0.031528146448964366,0.19784742470297523,0.997988354683913,0.015385061817733121,0.4556835874853601,0.07941316158328197,0.07623654976806796,0.9931178274950689,2026-03-24T03:59:37.532405000,1X10X,-5 DegC,Spectroscopy- 1,NO,Full-Frame,VS1_T26_0212_003435_20260324_035937_LG_lev1_V2_1.fits
0.9397719949565702,0.42857142857142855,0.998789615503327,0.0,0.0,1.0,1.0,1.0,0.0,0.0,0.0,0.0,0.040729852784496,0.03609162520390403,0.8620616451393239,0.028437680784494934,0.9917741032150863,0.020638470481003205,0.9773333037828767,0.8762851474574727,0.9696863286526493,0.02014509044469157,0.7630671485086503,0.9384823981383545,0.7976975389038861,0.9679238158386354,0.08259483515372004,0.15384638636340334,0.06131212148444896,0.9516814568814521,0.9946501243836833,0.006938392168072069,2026-03-25T16:35:13.160620000,1X10X,-5 DegC,Spectroscopy- 1,NO,Full-Frame,VS1_T26_0219_003442_20260325_163513_HG_lev1_V2_1.fits
0.12344301625105081,0.5714285714285714,0.012818894505668256,0.5,0.0,0.03296703296703297,0.04918032786885246,0.2631578947368421,0.9989147735494139,0.9989147735494084,0.296875,0.9397539444027048,0.8488329640402861,0.8361239806659881,0.8568887494839335,0.806518884827955,0.03999872486414432,0.924259323893647,0.05089877790303335,0.2677311004250248,0.03422328641682432,0.8894019888458884,0.12017534795373618,0.1295964467812858,0.07130294781719103,0.22804059040891914,0.6195511695888174,0.05420832736345328,0.5509419735524074,0.10163293832366072,0.06460880293603867,0.9901592523449105,2026-03-25T16:35:13.160620000,1X10X,-5 DegC,Spectroscopy- 1,NO,Full-Frame,VS1_T26_0219_003442_20260325_163513_LG_lev1_V2_1.fits
0.9436848557018771,0.42857142857142855,0.9985499734695765,0.5,0.0,1.0,1.0,1.0,0.0,0.0,0.0,0.0,0.0422202835725678,0.037446848341955025,0.5599729500769408,0.029506231978864463,1.0,0.011491802319097499,0.9791012022502631,0.82899608615014,0.9720379024142497,0.025766268629960697,0.7468094640207824,0.9613555947157798,0.7908818946519268,0.98445788597109,0.0,0.09882736435978473,0.057508426069414545,0.9550210544105849,0.9995753153376119,0.0026797834398894636,2026-03-25T16:36:02.063210000,1X10X,-5 DegC,Spectroscopy- 1,NO,Full-Frame,VS1_T26_0219_003442_20260325_163602_HG_lev1_V2_1.fits
0.04992259736620926,0.2857142857142857,0.0004319964148528267,0.5,0.0,0.0,0.0,0.21052631578947367,0.9779337288380842,0.9779337288380877,0.46875,0.9710274229902329,0.7457929526862322,0.7220529865329179,0.7529415786002669,0.6810413645421292,0.004438489190393839,0.980682249978832,0.0925884359250614,0.6059923978256623,0.0635869791979327,0.8031208039930191,0.04029740955672146,0.07833538352866543,0.007888655793558413,0.15887437104380614,0.5514049675526984,0.0566404112839506,0.2727248151306119,0.038130507346395795,0.10083989306004422,0.9973569377186393,2026-03-25T16:36:02.063210000,1X10X,-5 DegC,Spectroscopy- 1,NO,Full-Frame,VS1_T26_0219_003442_20260325_163602_LG_lev1_V2_1.fits
0.9410230456710564,0.42857142857142855,0.9982552265831446,0.0,0.0,1.0,1.0,1.0,0.0,0.0,0.0,0.0,0.043398984752705254,0.0368043381208008,0.5165295404462028,0.029718486829502812,0.9930247527662884,0.01788937075568797,0.9777758753314953,0.8657044307099503,0.9702748136309276,0.023054699713758887,0.7566602040452015,0.9469842970796378,0.7839914959011776,0.9877483367363067,0.05098353347809892,0.07434813440482885,0.06207096091165971,0.9513118425973035,0.9939348822332575,0.007480598219042296,2026-03-25T16:36:50.965800000,1X10X,-5 DegC,Spectroscopy- 1,NO,Full-Frame,VS1_T26_0219_003442_20260325_163650_HG_lev1_V2_1.fits
0.09351253852619802,0.42857142857142855,0.005878982951519847,0.5,0.0,0.02197802197802198,0.03278688524590164,0.2631578947368421,0.9555418897409926,0.9555418897409932,0.4375,0.9011551465063862,0.8083283901052463,0.7894598835893217,0.7529415786002669,0.7553679773347881,0.02583189620671348,0.9460759321881567,0.0675682029918093,0.3789668684572602,0.04582025932790439,0.8573390527225516,0.09115124154208903,0.10529475690739691,0.038577433718053535,0.20859687237185554,0.6136180021652345,0.0059849939878017745,0.4333947798919966,0.07455729600597368,0.0792997883154573,0.9934546533980881,2026-03-25T16:36:50.965800000,1X10X,-5 DegC,Spectroscopy- 1,NO,Full-Frame,VS1_T26_0219_003442_20260325_163650_LG_lev1_V2_1.fits
0.9425035023816192,0.42857142857142855,0.9984668356249793,0.5,0.0,1.0,1.0,1.0,0.0,0.0,0.0,0.0,0.04218663254443025,0.035261975426756915,0.4739255765199145,0.02868673892613443,0.9919016168006541,0.015496396389778948,0.9801809928176155,0.8733933197265131,0.9734752494742454,0.02551697829170841,0.7480683304653387,0.9580354215662008,0.7766589640051738,1.0,0.009614940368639226,0.02850912590674199,0.06231353234419657,0.9523226087568645,0.9947200144055668,0.006485221086900849,2026-03-25T16:37:39.868505000,1X10X,-5 DegC,Spectroscopy- 1,NO,Full-Frame,VS1_T26_0219_003442_20260325_163739_HG_lev1_V2_1.fits
0.04984029139815074,0.2857142857142857,0.0,0.5,0.0,0.0,0.0,0.21052631578947367,0.9669005932571263,0.9669005932571217,0.375,0.9158527422990232,0.7493915711073681,0.7228962304736917,0.8143216474448668,0.6835474658065227,0.009439008369349581,0.9742441356678371,0.08990247883946818,0.5339521514649666,0.06165898931280714,0.8047233357178096,0.04235163927090798,0.07617147728701835,0.0,0.16865680183930726,0.5646036584223757,0.0,0.27552899934169606,0.036147884920574865,0.09818838896510548,1.0,2026-03-25T16:37:39.868505000,1X10X,-5 DegC,Spectroscopy- 1,NO,Full-Frame,VS1_T26_0219_003442_20260325_163739_LG_lev1_V2_1.fits
0.9423816195012606,0.42857142857142855,0.9973809176124144,0.5,0.0,1.0,1.0,1.0,0.0,0.0,0.0,0.0,0.04285493633126934,0.03762336957113529,0.5477666387856747,0.02981340905336228,0.9956114074300455,0.018735994816130315,0.9785148071162568,0.8453685144922382,0.9712576685700874,0.023323469637714048,0.7535542452062335,0.9524308333310156,0.7823236875430949,0.9926084669112728,0.03291306470605157,0.05916559511092549,0.07059632387377782,0.9521072677443221,0.9903481879778475,0.00845152533357061,2026-03-25T16:38:28.771095000,1X10X,-5 DegC,Spectroscopy- 1,NO,Full-Frame,VS1_T26_0219_003442_20260325_163828_HG_lev1_V2_1.fits
0.07302977024376606,0.2857142857142857,0.0035756001094664897,0.5,0.0,0.01098901098901099,0.01639344262295082,0.21052631578947367,0.9922225437708002,0.9922225437707987,0.359375,0.9357156273478587,0.7808949878131184,0.7596913029207769,0.6673633563351495,0.7223657611391325,0.022116446006947628,0.9550922726193366,0.07505823462248967,0.403109904617026,0.05109356250999764,0.8328726644684621,0.06887182194809426,0.0910397966552305,0.021634301217253293,0.18841385892204315,0.5945467055093606,0.011432547606396238,0.3640272410641284,0.0566127066642547,0.0865660894436056,0.9974356698508279,2026-03-25T16:38:28.771095000,1X10X,-5 DegC,Spectroscopy- 1,NO,Full-Frame,VS1_T26_0219_003442_20260325_163828_LG_lev1_V2_1.fits
0.9405841972541324,0.42857142857142855,0.9988972621922847,0.5,0.0,1.0,1.0,1.0,0.0,0.0,0.0,0.0,0.04183829512345921,0.03580249560438472,0.6682270973743603,0.028753396995277573,0.9870718087444057,0.01983388747086248,0.9784008189847623,0.9031083032247471,0.9711060280929572,0.024506512266142255,0.7530849226836757,0.9497212383241607,0.7895734092558127,0.9798181944331307,0.03768307408374008,0.10627112506400654,0.05742031126590864,0.951132619470451,0.9961248038454311,0.006687433496720972,2026-03-25T16:39:17.673685000,1X10X,-5 DegC,Spectroscopy- 1,NO,Full-Frame,VS1_T26_0219_003442_20260325_163917_HG_lev1_V2_1.fits
0.08072008966096955,0.2857142857142857,0.005301759619689496,0.5,0.0,0.02197802197802198,0.01639344262295082,0.2631578947368421,0.9613659383591376,0.9613659383591395,0.40625,0.9427122464312547,0.7852211161187158,0.7658973429632314,0.8426717897987732,0.7284087134067904,0.015800365469644334,0.9609441591843195,0.07894328056702278,0.5068352081560724,0.05384405620872778,0.8340229584230253,0.07319418172186912,0.10036131023395078,0.03161180163412091,0.19143072420078402,0.5769039142796855,0.035225014614872124,0.3781089511050519,0.0643345383519375,0.08854582709290815,0.9924040715091973,2026-03-25T16:39:17.673685000,1X10X,-5 DegC,Spectroscopy- 1,NO,Full-Frame,VS1_T26_0219_003442_20260325_163917_LG_lev1_V2_1.fits
0.9432407537125242,0.42857142857142855,1.0,0.5,0.0,1.0,1.0,1.0,0.0,0.0,0.0,0.0,0.04032970122815012,0.03499049795015551,0.46023875779461354,0.027878934057685597,0.9912814895896825,0.021541410204241284,0.9813543207367534,0.8872971913051463,0.9750380199423481,0.02084231916000718,0.7505325882681008,0.9569162343025642,0.8108350646482763,0.958390564188978,0.017113969509401118,0.2086840449128463,0.05793541024162829,0.9557343826529597,1.0,0.002031165991508035,2026-03-25T16:40:06.576390000,1X10X,-5 DegC,Spectroscopy- 1,NO,Full-Frame,VS1_T26_0219_003442_20260325_164006_HG_lev1_V2_1.fits
0.0581248248809192,0.2857142857142857,0.005563283405987372,0.5,0.0,0.01098901098901099,0.01639344262295082,0.21052631578947367,0.997901895528867,0.997901895528863,0.421875,1.0,0.7562489184855238,0.7354073247653129,0.7148607357900778,0.6944879282822801,0.008776838635599983,0.9723729244019871,0.08486052182065133,0.6037826870935561,0.058053303936217646,0.819145046374932,0.04993708026972203,0.08333835453516475,0.025856662896080514,0.15285080091342956,0.5636727573775937,0.13584183172252387,0.29538917006230164,0.04676553343830076,0.1007451304127252,0.9931859799969948,2026-03-25T16:40:06.576390000,1X10X,-5 DegC,Spectroscopy- 1,NO,Full-Frame,VS1_T26_0219_003442_20260325_164006_LG_lev1_V2_1.fits
0.9456507425049031,0.42857142857142855,0.9988418369625537,0.5,0.0,1.0,1.0,1.0,0.0,0.0,0.0,0.0,0.039149380856282286,0.03440594891421509,0.7367367578696781,0.027214188700976204,0.9868657541822208,0.02488851821967971,0.9809554669900022,0.903866670235917,0.9745066749037703,0.0176024173038758,0.7592704173777671,0.9525847138548398,0.8263622556817924,0.9436959576740767,0.044522793027795035,0.282104807521989,0.07387469139726253,0.958472748075074,0.9944024259237716,0.0025503059881262576,2026-03-25T16:40:55.479105000,1X10X,-5 DegC,Spectroscopy- 1,NO,Full-Frame,VS1_T26_0219_003442_20260325_164055_HG_lev1_V2_1.fits
0.08359099187447468,0.2857142857142857,0.010387969559823242,0.5,0.0,0.02197802197802198,0.03278688524590164,0.2631578947368421,0.9828534220807409,0.982853422080743,0.421875,0.9861945905334335,0.7837076646482151,0.7642021304692075,0.8379512900320097,0.7265660373460606,0.023055357181838793,0.9533660801869018,0.07835822911485064,0.46600094615464266,0.05342919122763462,0.8354040829472664,0.07386073294526127,0.10477335530920241,0.05188948051538344,0.17167885390950663,0.5645580811076409,0.16375789913411107,0.3799720750597841,0.0698958313841257,0.09266604944184603,0.9870378000962869,2026-03-25T16:40:55.479105000,1X10X,-5 DegC,Spectroscopy- 1,NO,Full-Frame,VS1_T26_0219_003442_20260325_164055_LG_lev1_V2_1.fits
0.9460990473521992,0.42857142857142855,0.9979175491719499,0.5,0.0,1.0,1.0,1.0,0.0,0.0,0.0,0.0,0.03679986325573843,0.03273427258408205,0.4373585843962959,0.025705002618861654,0.9783408241789778,0.027223036246472616,0.9806403013932631,0.9449467994357645,0.9740868952359503,0.01086035358377559,0.7671573634957984,0.9456276455939957,0.8360713271712041,0.9323592657393279,0.07584814387946649,0.3335515740231919,0.07279101082876872,0.9590828314402632,0.9954955880895892,0.001690588010314509,2026-03-25T16:41:44.381695000,1X10X,-5 DegC,Spectroscopy- 1,NO,Full-Frame,VS1_T26_0219_003442_20260325_164144_HG_lev1_V2_1.fits
0.11331094144017921,0.42857142857142855,0.014680477395124597,0.5,0.0,0.03296703296703297,0.04918032786885246,0.2631578947368421,0.9982274634640428,0.9982274634640455,0.359375,0.9706517655897822,0.8226108579618264,0.8117386211608915,0.8426717897987732,0.7767026809139986,0.02907228899937759,0.9367012299059057,0.06160246701387218,0.4333915955403196,0.041647835258723925,0.8710508888275281,0.10624946033414698,0.12539779505895174,0.08240694839404587,0.19348057260614573,0.5926305852501819,0.19674609781414706,0.5072443373817915,0.09555111408529238,0.07331894969275109,0.9872596955391544,2026-03-25T16:41:44.381695000,1X10X,-5 DegC,Spectroscopy- 1,NO,Full-Frame,VS1_T26_0219_003442_20260325_164144_LG_lev1_V2_1.fits
0.944437517511908,0.42857142857142855,0.9993566828826577,0.5,0.0,1.0,1.0,1.0,0.0,0.0,0.0,0.0,0.038715930270000996,0.03433358197351679,0.7927323103154293,0.027022605515099662,0.9802855218603219,0.023341196674402126,0.9805420124075598,0.9438785375839441,0.9739559948550202,0.010979895486807762,0.771407877918265,0.9385213317648643,0.8471383166661408,0.9150296981113294,0.10001348589038687,0.4034405856346843,0.08682888265899218,0.9575249505978014,0.9870391010005375,0.006258097338380404,2026-03-25T16:42:33.284275000,1X10X,-5 DegC,Spectroscopy- 1,NO,Full-Frame,VS1_T26_0219_003442_20260325_164233_HG_lev1_V2_1.fits
0.11907305968058304,0.5714285714285714,0.016418362705394537,0.5,0.0,0.04395604395604396,0.06557377049180328,0.2631578947368421,0.9687816524381421,0.9687816524381404,0.390625,0.681301652892562,0.841317239224596,0.8267502976005894,0.8664895955647772,0.7965259702503446,0.03087769194866054,0.9285933044398902,0.05375945642193556,0.4286319401732413,0.03619983386292407,0.8846620237503456,0.1153857102930573,0.126589905623035,0.09145553825492488,0.19375696464416495,0.6153411992702644,0.2257672732065117,0.5285013396226556,0.10072761500472412,0.07090579112832507,0.9863737130141202,2026-03-25T16:42:33.284275000,1X10X,-5 DegC,Spectroscopy- 1,NO,Full-Frame,VS1_T26_0219_003442_20260325_164233_LG_lev1_V2_1.fits
0.9491054917343792,0.42857142857142855,0.9982677212881128,0.5,0.0,1.0,1.0,1.0,0.0,0.0,0.0,0.0,0.03888847978875614,0.034082056130098674,0.5996581227514236,0.026995558477093617,0.9775315056155064,0.02347709315105493,0.9820615580739833,0.9517996862769086,0.9759804575061682,0.012696850884113212,0.7641064525398382,0.953931322936819,0.8474791340871501,0.9240699914165706,0.05175709913503007,0.38222287513065745,0.08311900101485477,0.9628147951453521,0.9936341495802694,0.0,2026-03-25T16:43:22.186990000,1X10X,-5 DegC,Spectroscopy- 1,NO,Full-Frame,VS1_T26_0219_003442_20260325_164322_HG_lev1_V2_1.fits
0.08045811151583082,0.2857142857142857,0.011701195089696472,0.5,0.0,0.02197802197802198,0.03278688524590164,0.2631578947368421,0.9636087396903488,0.9636087396903489,0.390625,0.9600394440270473,0.7835234991887849,0.762011305880382,0.8573471773177401,0.7252031242213913,0.020003809237365878,0.9511898451802182,0.07189553985804108,0.5210631248283474,0.048862165596534654,0.8418180101496769,0.07271762433468727,0.10036965315391716,0.05933039798461442,0.15593864707802632,0.5754747845067106,0.23851228767629332,0.35924726869681406,0.0688057603275321,0.09852910282178916,0.9838046158803818,2026-03-25T16:43:22.186990000,1X10X,-5 DegC,Spectroscopy- 1,NO,Full-Frame,VS1_T26_0219_003442_20260325_164322_LG_lev1_V2_1.fits
0.9448837209302322,0.42857142857142855,0.9954612183260029,0.5,0.0,1.0,1.0,1.0,0.0,0.0,0.0,0.0,0.036726506830384496,0.032039076524793327,0.44401316036395366,0.025421259870864823,0.9725471566376196,0.026794254510556472,0.9767383995115289,0.9604964295953776,0.9688955007335722,0.00546462018980973,0.791537724864704,0.9195337729125163,0.8432548289040215,0.9208335756500463,0.1836890653154133,0.3795000051386309,0.11377666915813832,0.956241221140963,0.9724407199001149,0.013258798607942336,2026-03-25T16:44:11.089580000,1X10X,-5 DegC,Spectroscopy- 1,NO,Full-Frame,VS1_T26_0219_003442_20260325_164411_HG_lev1_V2_1.fits
0.1902793149341553,0.8571428571428571,0.022499984141336044,0.5,0.0,0.06593406593406594,0.09836065573770492,0.3157894736842105,0.9673708580523802,0.9673708580523764,0.78125,0.6299774605559729,0.9319405139934072,0.9277068465280474,0.9801247406263575,0.9121413033089228,0.05621755203715082,0.884061666605602,0.01967242256618141,0.16238522785051643,0.013015280579649508,0.9549664413096823,0.19293056212853482,0.17605847707102934,0.14671739306782988,0.26851092155322537,0.6795334131664745,0.17540989652005928,0.8498972359277513,0.15996480882321937,0.02137534929594039,0.9926800030287268,2026-03-25T16:44:11.089580000,1X10X,-5 DegC,Spectroscopy- 1,NO,Full-Frame,VS1_T26_0219_003442_20260325_164411_LG_lev1_V2_1.fits
0.9423371392546929,0.42857142857142855,0.9988852800905973,0.5,0.0,1.0,1.0,1.0,0.0,0.0,0.0,0.0,0.03744204877596864,0.035721471683864296,0.5996581227514236,0.02705003893936299,0.9789898267490011,0.026441280129004197,0.9785014432603033,0.9478844930419263,0.9712398899261313,0.012224525176277659,0.7752388331044126,0.9310516374216419,0.8439932197049929,0.9147358983485507,0.12420130438528654,0.39624408377298825,0.09306706004154418,0.9546542321340473,0.981348614306981,0.010543462689611649,2026-03-25T16:44:59.992295000,1X10X,-5 DegC,Spectroscopy- 1,NO,Full-Frame,VS1_T26_0219_003442_20260325_164459_HG_lev1_V2_1.fits
0.14613337069207044,0.7142857142857143,0.01728184293181914,0.5,0.0,0.054945054945054944,0.06557377049180328,0.2631578947368421,0.9912820141802923,0.9912820141802893,0.40625,0.6807851239669421,0.8718632912197992,0.8653600894428333,0.9377024052716514,0.8376942024017175,0.0431109110626236,0.9243223063864947,0.04616998212390003,0.27646957899431196,0.030968376976044786,0.9078275362342649,0.14352713176465728,0.14669479775680516,0.11231821193097592,0.22234059080325763,0.632078687673022,0.2052586938083128,0.6554765250034891,0.12324188914363468,0.05000415228953554,0.9897856130191454,2026-03-25T16:44:59.992295000,1X10X,-5 DegC,Spectroscopy- 1,NO,Full-Frame,VS1_T26_0219_003442_20260325_164459_LG_lev1_V2_1.fits
0.944752031381339,0.42857142857142855,0.9966754473472809,0.5,0.0,1.0,1.0,1.0,0.0,0.0,0.0,0.0,0.037379745094165986,0.033596115504941654,0.7159205150476916,0.026242813650300078,0.975579762346555,0.03051460972606031,0.9791897648584234,0.9518389628335179,0.972155760902401,0.00919420584329654,0.7869557278187308,0.9238031849560466,0.8600040334755942,0.899441080589133,0.16466147293394284,0.4743573234865076,0.12883684806187637,0.9561381544770288,0.964887972461687,0.016535408515507596,2026-03-25T16:45:48.894875000,1X10X,-5 DegC,Spectroscopy- 1,NO,Full-Frame,VS1_T26_0219_003442_20260325_164548_HG_lev1_V2_1.fits
0.15765620622022986,0.7142857142857143,0.019704950677632865,0.5,0.0,0.054945054945054944,0.08196721311475409,0.2631578947368421,0.9754015337867168,0.9754015337867141,0.65625,0.6216660405709993,0.89382558545397,0.8874471560705346,0.7763344673390264,0.8642447340672758,0.04738908425956812,0.8968280597163707,0.03496857830745814,0.24710557336299893,0.023319858860103355,0.9241284786199582,0.15767711145198823,0.15312579856421427,0.13099275326396065,0.2221622504393942,0.6521377009304016,0.26673727750482573,0.6965920905638976,0.13296550118170228,0.045381749577473804,0.9883706182262303,2026-03-25T16:45:48.894875000,1X10X,-5 DegC,Spectroscopy- 1,NO,Full-Frame,VS1_T26_0219_003442_20260325_164548_LG_lev1_V2_1.fits
0.9455898010647238,0.42857142857142855,0.9963076544933425,0.5,0.0,1.0,1.0,1.0,0.0,0.0,0.0,0.0,0.03913438573286522,0.03472544557576577,0.32165749810999006,0.027326240715572884,0.9796884949365903,0.026323792469929778,0.9793205144118146,0.9265313920480859,0.9723297713751197,0.004828198876886491,0.7783042137896206,0.9337797722506446,0.8553531431816237,0.907006513295612,0.12473636957333403,0.4438683132050129,0.1277492220544192,0.9568914024877978,0.966094089236402,0.01552634552445059,2026-03-25T16:46:37.797590000,1X10X,-5 DegC,Spectroscopy- 1,NO,Full-Frame,VS1_T26_0219_003442_20260325_164637_HG_lev1_V2_1.fits
0.1315862286354723,0.5714285714285714,0.01629687572785671,0.5,0.0,0.04395604395604396,0.06557377049180328,0.2631578947368421,0.9682752134278686,0.9682752134278678,0.46875,0.6524699474079639,0.8545808834845122,0.8469849058117213,0.8996435120397622,0.8163916332795668,0.038311248881224086,0.9252639131710206,0.04884504182196687,0.3289598482256156,0.03280776899907578,0.8979157975901702,0.13257795055473326,0.1317810558243313,0.1056839614138348,0.2011961025312147,0.6484609227595635,0.24934754497360284,0.5805900477032793,0.11093121473419644,0.06302260777760825,0.986771464055368,2026-03-25T16:46:37.797590000,1X10X,-5 DegC,Spectroscopy- 1,NO,Full-Frame,VS1_T26_0219_003442_20260325_164637_LG_lev1_V2_1.fits
0.9462853740543571,0.42857142857142855,0.9946618775850821,0.5,0.0,1.0,1.0,1.0,0.0,0.0,0.0,0.0,0.03494356553622229,0.031270228504363874,0.29404626904083897,0.02446163740217942,0.9668476227667652,0.030948653662801785,0.9785989841442646,0.9868059991286556,0.9713696565540909,0.006392367608563502,0.799132319540064,0.9145471787489142,0.8688024746161436,0.8914546651512235,0.2107288998884914,0.5165720856253142,0.16341379836907222,0.9560402856996045,0.9478194929848918,0.023913777981661572,2026-03-25T16:47:26.700180000,1X10X,-5 DegC,Spectroscopy- 1,NO,Full-Frame,VS1_T26_0219_003442_20260325_164726_HG_lev1_V2_1.fits
0.1826076982347995,0.8571428571428571,0.023898718305979415,0.5,0.0,0.06593406593406594,0.09836065573770492,0.2631578947368421,0.9941397771668354,0.9941397771668354,0.84375,0.5957926371149511,0.928305498958156,0.9235838246225742,0.8900677990638415,0.9073620916932453,0.0548957536012481,0.8901393072661724,0.024758097462478906,0.19548719287086724,0.016423428085195237,0.9479890825016445,0.1883571840082437,0.1670156788185927,0.15423959971698062,0.24346042405288562,0.6953905726134038,0.27612223171357636,0.8030093470371578,0.15310003436545536,0.029700381476184222,0.9899197036817792,2026-03-25T16:47:26.700180000,1X10X,-5 DegC,Spectroscopy- 1,NO,Full-Frame,VS1_T26_0219_003442_20260325_164726_LG_lev1_V2_1.fits
0.9445243765760718,0.42857142857142855,0.998499994649703,0.5,0.0,1.0,1.0,1.0,0.0,0.0,0.0,0.0,0.03563031402886028,0.030514839382251368,0.6369321928935632,0.02444444321373268,0.9729567247303937,0.03139503701039207,0.9817889900714819,0.9787878796116474,0.9756172028606738,0.009011871883613593,0.7779011374622704,0.9322968954758815,0.8752433605386379,0.8797580951515472,0.1271013951653085,0.5623941668676774,0.11444724765447245,0.9562801310342635,0.9721422483948936,0.013359674152309021,2026-03-25T16:48:15.602760000,1X10X,-5 DegC,Spectroscopy- 1,NO,Full-Frame,VS1_T26_0219_003442_20260325_164815_HG_lev1_V2_1.fits
0.10728565424488654,0.42857142857142855,0.014325563698614674,0.5,0.0,0.03296703296703297,0.04918032786885246,0.21052631578947367,0.962342642164665,0.9623426421646671,0.484375,0.6187546957175056,0.8350572327957009,0.8146627866263458,0.8996435120397622,0.7857123068646683,0.031878280890483654,0.9347441034570215,0.05823967322480189,0.39228276455170386,0.03930673246005033,0.8729005280313127,0.10719395618282859,0.1138379069529583,0.09663537155295582,0.1633108540396738,0.6327885699586805,0.33988962220178864,0.4993084522262135,0.0901860041410818,0.07136346799221999,0.9911448802247459,2026-03-25T16:48:15.602760000,1X10X,-5 DegC,Spectroscopy- 1,NO,Full-Frame,VS1_T26_0219_003442_20260325_164815_LG_lev1_V2_1.fits
0.9474730316615296,0.42857142857142855,0.9957165588352268,0.0,0.0,1.0,1.0,1.0,0.0,0.0,0.0,0.0,0.03422316601544676,0.030077120840008402,0.4500776110280039,0.023749720723233177,0.9752623643998702,0.03283798367962257,0.9820852211294311,0.9471160016990884,0.976011995963618,0.011449969876924117,0.803098755430277,0.912746035027286,0.892217476441348,0.8643305878982992,0.22310907213328032,0.6450832065300514,0.17669619170157272,0.956645765222456,0.9418835689791907,0.026082294638151458,2026-03-25T16:49:04.505475000,1X10X,-5 DegC,Spectroscopy- 1,NO,Full-Frame,VS1_T26_0219_003442_20260325_164904_HG_lev1_V2_1.fits
0.17343303446343497,0.7142857142857143,0.023472168300984926,0.5,0.0,0.06593406593406594,0.09836065573770492,0.2631578947368421,0.9725075965851541,0.9725075965851498,0.765625,0.5510894064613073,0.9140430949991053,0.9112483723356198,0.9186654187242297,0.8910516974122152,0.05859976915882961,0.8892359074540922,0.02837359645919252,0.1420501769129615,0.018857201653595234,0.9384969744007617,0.17935543961947104,0.15966989228672293,0.15823336022317055,0.21981064445422066,0.693249687514439,0.3630376444030941,0.7602635845481994,0.14537716310047114,0.03622728728457936,0.9889197748482454,2026-03-25T16:49:04.505475000,1X10X,-5 DegC,Spectroscopy- 1,NO,Full-Frame,VS1_T26_0219_003442_20260325_164904_LG_lev1_V2_1.fits
0.9481174698795178,0.42857142857142855,0.9960978075252851,0.5,0.0,1.0,1.0,1.0,0.0,0.0,0.0,0.0,0.03595499717063865,0.03272487164505669,0.4560492367578694,0.025380657115000923,0.9751690392394183,0.034234185335082004,0.9843812142359065,0.9502497933001417,0.9790739667436911,0.0048464870126487865,0.7839095352527429,0.9327348678744122,0.8889881609604627,0.8697109958877627,0.13878417205998292,0.6230215514192596,0.1505075368843746,0.9585728445181455,0.9563733122073614,0.018575370362408652,2026-03-25T16:49:53.408065000,1X10X,-5 DegC,Spectroscopy- 1,NO,Full-Frame,VS1_T26_0219_003442_20260325_164953_HG_lev1_V2_1.fits
0.1073262818716727,0.42857142857142855,0.013997337410409068,0.5,0.0,0.03296703296703297,0.04918032786885246,0.15789473684210525,0.9938142092316596,0.993814209231663,0.515625,0.6141059353869271,0.8314236257532587,0.8138764217483081,0.9991153147066858,0.7831172079656926,0.03338014606542621,0.9333052042577413,0.05676805025189224,0.3687326720683949,0.038284676870188106,0.8755852848063979,0.1101284801861433,0.11102696091836364,0.10279616752218433,0.1556230343703448,0.6505368757937006,0.3854880218506694,0.49687981535345666,0.08966235420299615,0.07169637061116349,0.9911759732660125,2026-03-25T16:49:53.408065000,1X10X,-5 DegC,Spectroscopy- 1,NO,Full-Frame,VS1_T26_0219_003442_20260325_164953_LG_lev1_V2_1.fits
0.95211929111796,0.42857142857142855,0.9935895755971619,0.5,0.0,1.0,1.0,1.0,0.0,0.0,0.0,0.0,0.034331581461747286,0.030934635270956953,0.6662114223594826,0.024105968852399184,0.9712142700638411,0.036083105479800384,0.9839841911028322,0.9552476820159622,0.9785442304984421,0.008714560646568928,0.8039362696503246,0.9201217942716274,0.9026422645148788,0.8606078216175733,0.20857864958786895,0.6813831018833395,0.21295550640805,0.9599418193137425,0.9272548679428037,0.03030061465806559,2026-03-25T16:50:42.310780000,1X10X,-5 DegC,Spectroscopy- 1,NO,Full-Frame,VS1_T26_0219_003442_20260325_165042_HG_lev1_V2_1.fits
0.15658167553936672,0.7142857142857143,0.02125339703796039,0.5,0.0,0.054945054945054944,0.08196721311475409,0.2631578947368421,0.9557951092461293,0.9557951092461295,0.5625,0.5415101427498121,0.8886219256301016,0.8834481724540717,0.9045587095926696,0.8586801279860685,0.04844522939220481,0.9000601353211585,0.03734105655082676,0.2506009475097186,0.02493259876958171,0.9225297994301586,0.16256835177673307,0.14642519784307673,0.15029724349123247,0.19563415684068705,0.6877491924074439,0.41406485678030297,0.6974761611463396,0.13173672081082266,0.044122495830237904,0.989829100220284,2026-03-25T16:50:42.310780000,1X10X,-5 DegC,Spectroscopy- 1,NO,Full-Frame,VS1_T26_0219_003442_20260325_165042_LG_lev1_V2_1.fits
0.9500294200056038,0.42857142857142855,0.9966180998552469,0.5,0.0,1.0,1.0,1.0,0.0,0.0,0.0,0.0,0.03455080594212403,0.030844548574685573,0.41149661942983357,0.02415607027042002,0.9701501553321062,0.03488087337382972,0.9848994918822565,0.9816753693975225,0.9797656530576587,0.01761409720051779,0.7909322296075509,0.9292084701031463,0.9055456909411291,0.8527061356154836,0.16123318478042367,0.7093402783445383,0.17601553041677717,0.9593195580430167,0.9445677569373042,0.023170435936740456,2026-03-25T16:51:31.213360000,1X10X,-5 DegC,Spectroscopy- 1,NO,Full-Frame,VS1_T26_0219_003442_20260325_165131_HG_lev1_V2_1.fits
0.11521084337349409,0.5714285714285714,0.015593295687321408,0.5,0.0,0.04395604395604396,0.06557377049180328,0.15789473684210525,0.9957676168427145,0.9957676168427179,0.515625,0.5785593538692713,0.8327320734707544,0.8217845728155819,0.8192259539856415,0.7885440029484876,0.03279351427095315,0.9292165500627521,0.05846457681087556,0.39416204406611977,0.03946306176293751,0.877016587928112,0.11971310301613644,0.11552472177134389,0.1166082864263408,0.15419748381641127,0.6638673038333643,0.4365515069187131,0.5273524862475878,0.0964734864719806,0.06773895090143739,0.9905367667678068,2026-03-25T16:51:31.213360000,1X10X,-5 DegC,Spectroscopy- 1,NO,Full-Frame,VS1_T26_0219_003442_20260325_165131_LG_lev1_V2_1.fits
0.9562825721490612,0.42857142857142855,0.9938628572212119,0.5,0.0,1.0,1.0,1.0,0.0,0.0,0.0,0.0,0.03350072490509794,0.029715894830410018,0.38297557196244525,0.023343177982917695,0.9768495851361665,0.035023107042645045,0.9863813356060414,0.9257234081347094,0.9817443246819427,0.01281702079431131,0.8032546195790219,0.9281390313622722,0.9199536769974718,0.847219504979018,0.18951546944009903,0.760738681257961,0.21154187024035762,0.9641013166098019,0.9315731462802271,0.0256966302093841,2026-03-25T16:52:20.115825000,1X10X,-5 DegC,Spectroscopy- 1,NO,Full-Frame,VS1_T26_0219_003442_20260325_165220_HG_lev1_V2_1.fits
0.12918709722611396,0.5714285714285714,0.019227172382268166,0.5,0.0,0.04395604395604396,0.08196721311475409,0.21052631578947367,0.9790189552886702,0.9790189552886694,0.578125,0.523572501878287,0.855373583436035,0.8436863936016261,0.7720065466711701,0.8148924546015145,0.040314043784977424,0.9189358359568132,0.05129590056049913,0.3351068405762595,0.0344973352780359,0.8928499984160847,0.13601860052238873,0.12416724526361606,0.1330973712555151,0.1617533955632255,0.6831808470387859,0.4670399126553602,0.5769951682985441,0.10811603940057381,0.061825330035072595,0.9889297393837255,2026-03-25T16:52:20.115825000,1X10X,-5 DegC,Spectroscopy- 1,NO,Full-Frame,VS1_T26_0219_003442_20260325_165220_LG_lev1_V2_1.fits
0.9579528579434015,0.42857142857142855,0.9939123875132146,0.5,0.0,1.0,1.0,1.0,0.0,0.0,0.0,0.0,0.03256771847014823,0.029334784820283274,0.36596615676623406,0.022849595298390177,0.9736115023722263,0.035076846038842216,0.9880494807432216,0.9441199614460274,0.9839735741222321,0.006188870089320398,0.7885593512905817,0.9455210416166476,0.9207661462957372,0.8495837582091192,0.1208760334500033,0.7566259626621011,0.19898236900229357,0.9669776784931952,0.940152865922571,0.020074971442687363,2026-03-25T16:53:09.018540000,1X10X,-5 DegC,Spectroscopy- 1,NO,Full-Frame,VS1_T26_0219_003442_20260325_165309_HG_lev1_V2_1.fits
0.07296721770804142,0.2857142857142857,0.012147159943949545,0.5,0.0,0.02197802197802198,0.04918032786885246,0.15789473684210525,0.9780784256981624,0.9780784256981601,0.265625,0.5674774605559729,0.7709363954736412,0.7534927701030117,0.9232478539679477,0.7131242390364155,0.0242533380781323,0.9622464159019424,0.0817195028908946,0.4694745039402022,0.05581592036162902,0.8305283364953923,0.07526417085856289,0.08464911996099223,0.08754472876566645,0.10515601531211884,0.6344661897489757,0.5013702008962981,0.3285210668174698,0.06140129673902407,0.10233379227781043,0.9850046965562137,2026-03-25T16:53:09.018540000,1X10X,-5 DegC,Spectroscopy- 1,NO,Full-Frame,VS1_T26_0219_003442_20260325_165309_LG_lev1_V2_1.fits
0.9600595404875313,0.42857142857142855,0.9935697122200329,1.0,0.0,1.0,1.0,1.0,0.0,0.0,0.0,0.0,0.03012949732263149,0.027728103471469086,0.7526567367444643,0.02133717001148583,0.9711009631549266,0.03722757412024311,0.9882018279634214,0.955748384318597,0.9841772612306616,0.01610795380223699,0.8111421948157163,0.9270543281678297,0.9337488676974937,0.8374821921640159,0.2085099714423788,0.8220165560651869,0.24116758690377313,0.966664023170099,0.9196180469192275,0.02927814260074499,2026-03-25T16:53:57.921120000,1X10X,-5 DegC,Spectroscopy- 1,NO,Full-Frame,VS1_T26_0219_003442_20260325_165357_HG_lev1_V2_1.fits
0.13302535724292527,0.5714285714285714,0.020231874812539522,0.5,0.0,0.054945054945054944,0.08196721311475409,0.21052631578947367,0.9769570250325568,0.9769570250325603,0.53125,0.4772727272727273,0.8554375063095678,0.8439582768741567,0.7961755456899734,0.8150923450919213,0.043136783384332786,0.908731844375038,0.04666558502939301,0.30905110678038983,0.031308784564026276,0.8986419571636662,0.1418756952744224,0.12518755347579918,0.142363943432195,0.15785221786669906,0.6968821370640975,0.5109740003397545,0.5986297636608995,0.1108810180016177,0.05738494971824051,0.9906199890919091,2026-03-25T16:53:57.921120000,1X10X,-5 DegC,Spectroscopy- 1,NO,Full-Frame,VS1_T26_0219_003442_20260325_165357_LG_lev1_V2_1.fits
0.9664864107593164,0.5714285714285714,0.9935027534164845,0.5,0.0,1.0,1.0,1.0,0.0,0.0,0.0,0.0,0.03418571340672449,0.028852699256453295,0.9329070088522139,0.02328592841913807,0.9851705396030747,0.031085842245411725,0.9908338546505082,0.8769361638994287,0.9876987912197311,0.015469011305906102,0.794866580445954,0.9543818406150029,0.9393970291987581,0.8433965554660029,0.11499593550248026,0.8209041935462422,0.21722037979964473,0.975034699605228,0.9383985235938438,0.015570632348806715,2026-03-25T16:54:46.823835000,1X10X,-5 DegC,Spectroscopy- 1,NO,Full-Frame,VS1_T26_0219_003442_20260325_165446_HG_lev1_V2_1.fits
0.05900042028579422,0.2857142857142857,0.009950975262983195,0.5,0.0,0.02197802197802198,0.03278688524590164,0.15789473684210525,0.9746780494863262,0.9746780494863231,0.328125,0.525732531930879,0.749020001805047,0.7243334243894308,0.767039574922121,0.68414623570981,0.01609731966212117,0.9689927618629297,0.0891892296062233,0.5538729469539808,0.06114785329492122,0.8116742168983268,0.058447011143735995,0.07652296141523114,0.0836106817249758,0.08178372905650866,0.6113497503237247,0.5677032797162508,0.2831868041140698,0.04912697783294451,0.106854135002033,0.988172649970411,2026-03-25T16:54:46.823835000,1X10X,-5 DegC,Spectroscopy- 1,NO,Full-Frame,VS1_T26_0219_003442_20260325_165446_LG_lev1_V2_1.fits
0.9799824880919026,0.5714285714285714,0.9918069976883515,0.5,0.0,1.0,1.0,1.0,0.0,0.0,0.0,0.0,0.027688530589136687,0.026065151753812844,0.6784353268241927,0.01980529661630088,0.9817065360299222,0.03464875750987111,0.9942435590635421,0.8846333526705804,0.992267929143885,0.02586262686057356,0.8093249855577946,0.9639944294014389,0.9671232305660836,0.8358053664320733,0.12449786910444897,0.9127133967742699,0.27525866370904895,0.9854387892429293,0.9197052038876942,0.01701302961429195,2026-03-25T16:55:35.726425000,1X10X,-5 DegC,Spectroscopy- 1,NO,Full-Frame,VS1_T26_0219_003442_20260325_165535_HG_lev1_V2_1.fits
0.05783307649201472,0.2857142857142857,0.008582100239443514,0.5,0.0,0.02197802197802198,0.03278688524590164,0.10526315789473684,0.9877007668933584,0.9877007668933621,0.28125,0.4546863260706236,0.7357921205624819,0.7123455363157934,0.5681914753869827,0.6699676632053368,0.01415654902960887,0.9728056298658186,0.0877343302205517,0.5647826712167529,0.06010631718154885,0.8098584408243571,0.06012455605848342,0.07281607847535895,0.09056715962197998,0.07064136417162685,0.6286154360999808,0.6306400255843388,0.280916715436676,0.047654223520406706,0.10634044334118702,0.9892198488379969,2026-03-25T16:55:35.726425000,1X10X,-5 DegC,Spectroscopy- 1,NO,Full-Frame,VS1_T26_0219_003442_20260325_165535_LG_lev1_V2_1.fits
1.0,0.7142857142857143,0.9896828978437403,0.5,0.0,1.0,1.0,1.0,0.0,0.0,0.0,0.0,0.023976146349025482,0.020397941072614646,0.766050503466358,0.01633438886760403,0.9925151604297623,0.0320132919898714,1.0,0.8096888207200535,1.0,0.049755717626640314,0.8086266638419238,1.0,1.0,0.8349477695428981,0.04681751717265813,1.0,0.35376267015618756,1.0,0.8954197574158451,0.018458502353690898,2026-03-25T16:56:24.629130000,1X10X,-5 DegC,Spectroscopy- 1,NO,Full-Frame,VS1_T26_0219_003442_20260325_165624_HG_lev1_V2_1.fits
0.0,0.0,0.007378988301816485,0.5,0.0,0.0,0.0,0.0,1.0,1.0,0.453125,0.429282494365139,0.6594173106239112,0.6319136720561551,0.5681914753869827,0.583745441109048,0.0,1.0,0.11426517266767401,0.7407852063046505,0.07932891698763904,0.7599467637229508,0.0,0.029829955841233498,0.05355452853402328,0.0,0.5911721111786802,0.7526250848629826,0.0,0.0,0.1617713502711116,0.9794395342453098,2026-03-25T16:56:24.629130000,1X10X,-5 DegC,Spectroscopy- 1,NO,Full-Frame,VS1_T26_0219_003442_20260325_165624_LG_lev1_V2_1.fits
0.967926239843093,0.5714285714285714,0.9930205859555283,0.5,0.0,1.0,1.0,1.0,0.0,0.0,0.0,0.0,0.03288895202954427,0.02992149810117922,0.5829864964853853,0.023186717307823346,0.9863736025625611,0.031671415755829206,0.9905362705164359,0.8669114605736544,0.9873003976087362,0.014675239309960416,0.8022645440832095,0.9496554219555372,0.935499880573069,0.8512330868411352,0.14062412201234514,0.7901788062294719,0.23145406230432622,0.9767595068601707,0.9330585148041458,0.016780523786422717,2026-03-25T16:57:13.531720000,1X10X,-5 DegC,Spectroscopy- 1,NO,Full-Frame,VS1_T26_0219_003442_20260325_165713_HG_lev1_V2_1.fits
0.08610570187727644,0.42857142857142855,0.013303849246963331,0.5,0.0,0.03296703296703297,0.04918032786885246,0.15789473684210525,0.9894733034293156,0.9894733034293167,0.5,0.5179376408715252,0.7864167132125623,0.7646124577862331,0.8284823089749973,0.728357710420836,0.029485322135238003,0.9426717795092895,0.06983412915787608,0.4127067500904639,0.047411482263395026,0.8468744045690499,0.08783220021198121,0.09548518251064415,0.10382509813288406,0.11127561213642413,0.6359446429173479,0.5364664474587054,0.39191608781962656,0.07307812601637229,0.09147236897984834,0.9862566297222288,2026-03-25T16:57:13.531720000,1X10X,-5 DegC,Spectroscopy- 1,NO,Full-Frame,VS1_T26_0219_003442_20260325_165713_LG_lev1_V2_1.fits
0.9623133230596805,0.42857142857142855,0.9932937394287584,0.5,0.0,1.0,1.0,1.0,0.0,0.0,0.0,0.0,0.03301926176402653,0.029259712573390734,0.6826844970966223,0.02299311203386728,0.9687646001034199,0.03595072074817128,0.9883054267386095,0.9668840101915805,0.9843157811810437,0.011581244835796048,0.8012285429250022,0.9407677402150679,0.9254178815915779,0.8525619001817616,0.15770250375544606,0.7607767675833386,0.21170231809151796,0.970937279925198,0.9374759753049776,0.018652257210248956,2026-03-25T16:58:02.434310000,1X10X,-5 DegC,Spectroscopy- 1,NO,Full-Frame,VS1_T26_0219_003442_20260325_165802_HG_lev1_V2_1.fits
0.10105491734379402,0.42857142857142855,0.01588490287865842,0.5,0.0,0.03296703296703297,0.06557377049180328,0.21052631578947367,0.9591231370279265,0.9591231370279304,0.4375,0.520614199849737,0.8096521145447206,0.7913111246181036,0.8523698172186556,0.7572128429176422,0.030910378855105863,0.9400729572682259,0.06583728493097796,0.42230163145424154,0.044607128334935096,0.8604542997201533,0.10336120800849184,0.1066098482917251,0.1122134316990623,0.13102247326608682,0.6451493874533766,0.498536094652378,0.4519310366494748,0.0850038598020109,0.08213310924673767,0.9865392657748899,2026-03-25T16:58:02.434310000,1X10X,-5 DegC,Spectroscopy- 1,NO,Full-Frame,VS1_T26_0219_003442_20260325_165802_LG_lev1_V2_1.fits
0.9501966237041187,0.42857142857142855,0.9961894353617192,0.5,0.0,1.0,1.0,1.0,0.0,0.0,0.0,0.0,0.03556392716791129,0.029208244123043507,0.6061818390194463,0.023939371977823542,0.9736931618876217,0.03349203500831061,0.9843180232841269,0.9590701254155826,0.9789896456404533,0.011192117458320074,0.7921396656014115,0.9283162720620021,0.8994698458265918,0.8607090706289303,0.1657228624551563,0.6729920194034713,0.16352017909370356,0.9596382627415793,0.9509414185947748,0.020210722861234237,2026-03-25T16:58:51.337025000,1X10X,-5 DegC,Spectroscopy- 1,NO,Full-Frame,VS1_T26_0219_003442_20260325_165851_HG_lev1_V2_1.fits
0.11953383300644446,0.5714285714285714,0.01732989948938952,0.5,0.0,0.04395604395604396,0.06557377049180328,0.21052631578947367,0.9610765446389813,0.9610765446389852,0.46875,0.5711401202103682,0.8438695781892902,0.8322459918690669,0.8143216474448668,0.8012861201439989,0.034927056800487646,0.9299522550801205,0.05780418006607302,0.3852000813728988,0.03900412272607707,0.8818376961007275,0.12299238404674584,0.1199313284987657,0.11738681481615004,0.16198502488043479,0.6590617066893764,0.41366646172596305,0.5348081968686369,0.10039287111350323,0.06864320444928111,0.9880476319558223,2026-03-25T16:58:51.337025000,1X10X,-5 DegC,Spectroscopy- 1,NO,Full-Frame,VS1_T26_0219_003442_20260325_165851_LG_lev1_V2_1.fits
0.9479512468478565,0.42857142857142855,0.9965879844125027,0.5,0.0,1.0,1.0,1.0,0.0,0.0,0.0,0.0,0.03467034453161662,0.035003483419888445,0.6349996246789663,0.02573265499533737,0.9772942656655463,0.03249549282390717,0.9837754568918279,0.9417421033687241,0.9782657662497732,0.008521791578253024,0.7904143076682801,0.9260500569018041,0.8918820106988504,0.8657246269178205,0.1670402341550151,0.6406422200821337,0.15609763938541749,0.9574937632787438,0.9526795217713584,0.020869058807182626,2026-03-25T16:59:40.239605000,1X10X,-5 DegC,Spectroscopy- 1,NO,Full-Frame,VS1_T26_0219_003442_20260325_165940_HG_lev1_V2_1.fits
0.12536739983188588,0.5714285714285714,0.017285591343309727,0.5,0.0,0.04395604395604396,0.06557377049180328,0.21052631578947367,0.9679134712776732,0.9679134712776772,0.46875,0.5853211870773855,0.8501076903300041,0.8407256388698933,0.8433059818130147,0.810010399843704,0.039747740243276,0.9232609191253409,0.05249684007161396,0.32094511157230066,0.035326749529550304,0.887872085376814,0.1287854659748249,0.12453414834391456,0.11754201349298982,0.17362404281049773,0.6609491069968045,0.37639566734798946,0.5599177010657802,0.10463256437285398,0.06427939481818935,0.9889424410909888,2026-03-25T16:59:40.239605000,1X10X,-5 DegC,Spectroscopy- 1,NO,Full-Frame,VS1_T26_0219_003442_20260325_165940_LG_lev1_V2_1.fits
0.9442263239002522,0.42857142857142855,0.9959180759999717,0.5,0.0,1.0,1.0,1.0,0.0,0.0,0.0,0.0,0.036905673915342205,0.0346314361855129,0.6057143632678652,0.026444095131233056,0.9764529532042464,0.031578437720776904,0.9809419393416633,0.9419085412431777,0.9744886555650285,0.0,0.7856405552538408,0.9241678014582803,0.8707845673365091,0.8847772040373277,0.16109145806200323,0.5383798319002605,0.13752105147409577,0.9539030632778823,0.9586226403381363,0.020677149234972887,2026-03-25T17:00:29.142320000,1X10X,-5 DegC,Spectroscopy- 1,NO,Full-Frame,VS1_T26_0219_003442_20260325_170029_HG_lev1_V2_1.fits
0.14142949705799934,0.7142857142857143,0.018090987210484088,0.5,0.0,0.054945054945054944,0.08196721311475409,0.21052631578947367,0.9993126899146288,0.999312689914627,0.71875,0.626737415477085,0.8737305008835858,0.8698113326223337,0.7821973505015891,0.841494375639284,0.041962249279588644,0.9219538223737503,0.042418825307122605,0.3006998372696155,0.028397373209669105,0.9121277061033374,0.1461878318699247,0.1357815168479085,0.12129748347176339,0.20147213930954483,0.6749188661363056,0.2998784260312174,0.6320230822792064,0.11768460590961066,0.05265966478278803,0.9906035045517322,2026-03-25T17:00:29.142320000,1X10X,-5 DegC,Spectroscopy- 1,NO,Full-Frame,VS1_T26_0219_003442_20260325_170029_LG_lev1_V2_1.fits
0.9428810591202018,0.42857142857142855,0.9951607046526625,0.5,0.0,1.0,1.0,1.0,0.0,0.0,0.0,0.0,0.03774441523172262,0.036456638642174286,0.8301454503048146,0.02743632216025776,0.9782831889623133,0.02979777195195673,0.9796914951737252,0.9265464339826721,0.972823562266756,0.0018225784007713237,0.7984100913150008,0.9092507841572275,0.8668727720117354,0.8869815904073919,0.22092385841313597,0.5228962292724241,0.15907016232558774,0.9507014622100283,0.9452279093057743,0.028527788475301488,2026-03-25T17:01:18.044910000,1X10X,-5 DegC,Spectroscopy- 1,NO,Full-Frame,VS1_T26_0219_003442_20260325_170118_HG_lev1_V2_1.fits
0.19344739422807536,0.8571428571428571,0.023987334598139228,0.5,0.0,0.06593406593406594,0.09836065573770492,0.3157894736842105,0.9513456807987267,0.951345680798729,0.65625,0.5861664162283997,0.9445155793700333,0.9423518863457584,0.909559359702317,0.9289768609112381,0.06384203284375728,0.8867901150612132,0.018686910994992843,0.0791275722332041,0.0123569087483617,0.9583863799849198,0.2003580943429492,0.17435355502634642,0.16118692342705715,0.25668802120815093,0.706064405116147,0.2577839683170132,0.8602668724140018,0.16121735096100015,0.019341446879677763,0.9935656472516304,2026-03-25T17:01:18.044910000,1X10X,-5 DegC,Spectroscopy- 1,NO,Full-Frame,VS1_T26_0219_003442_20260325_170118_LG_lev1_V2_1.fits
0.9407421546651723,0.42857142857142855,0.996834674741364,0.5,0.0,1.0,1.0,1.0,0.0,0.0,0.0,0.0,0.03840279266925735,0.035910504954193234,0.6410171602138259,0.027485109865003965,0.9788876079779615,0.030494935766655948,0.9787177169626474,0.9345706011717173,0.9715276254124059,0.0053731898934851995,0.7859947490610796,0.917672065771873,0.8561756116686869,0.8961348562937258,0.17606703985954775,0.47288767496283607,0.13433781286782986,0.9497584170861363,0.9565156617372275,0.024298519768254555,2026-03-25T17:02:06.947615000,1X10X,-5 DegC,Spectroscopy- 1,NO,Full-Frame,VS1_T26_0219_003442_20260325_170206_HG_lev1_V2_1.fits
0.16899253992715035,0.8571428571428571,0.020856610060954465,0.5,0.0,0.054945054945054944,0.08196721311475409,0.2631578947368421,0.9971422370134568,0.9971422370134538,0.78125,0.6346731780616078,0.9172735233006619,0.9109599190626494,0.8996435120397622,0.8928391202381611,0.05552650694435039,0.89121071710213,0.024606929288281208,0.15294081114285474,0.01632186576272795,0.9415049528863592,0.17244079639502405,0.15862640929685556,0.1378237483832298,0.2365444415838147,0.6768143829518364,0.2443407045486565,0.7493787029588598,0.14061589905763797,0.035666728197293905,0.9915589005229967,2026-03-25T17:02:06.947615000,1X10X,-5 DegC,Spectroscopy- 1,NO,Full-Frame,VS1_T26_0219_003442_20260325_170206_LG_lev1_V2_1.fits
0.9399775847576349,0.42857142857142855,0.997038754922513,0.5,0.0,1.0,1.0,1.0,0.0,0.0,0.0,0.0,0.03654628375081963,0.03228985840900796,0.5957373583833314,0.025445157860874486,0.9698365689328163,0.03336703763556695,0.9785281748470008,0.9862383933754646,0.9712754524922289,0.0030193151936989955,0.7877905682844609,0.9145589206362741,0.8518768054873292,0.9000059434945967,0.18670840632987779,0.45239965008944233,0.11052241265053876,0.9499312839403427,0.9684398244855991,0.019107427349463788,2026-03-25T17:02:55.850205000,1X10X,-5 DegC,Spectroscopy- 1,NO,Full-Frame,VS1_T26_0219_003442_20260325_170255_HG_lev1_V2_1.fits
0.179255743905856,0.8571428571428571,0.022050591252642953,0.5,0.0,0.06593406593406594,0.09836065573770492,0.3157894736842105,0.9534799594848792,0.9534799594848742,0.765625,0.6197877535687453,0.9291573346076607,0.9253846116908319,0.9137984767327758,0.9089983086971951,0.05430496375507187,0.8846241012438735,0.021744235273819006,0.18245925195387136,0.01440154330218692,0.9473364852058114,0.1826093986238973,0.16674654240041856,0.14375397150879018,0.24988586394342616,0.6798655656519365,0.22249849921741677,0.7983332712292018,0.14927438989435818,0.028042651824766843,0.9928968239396366,2026-03-25T17:02:55.850205000,1X10X,-5 DegC,Spectroscopy- 1,NO,Full-Frame,VS1_T26_0219_003442_20260325_170255_LG_lev1_V2_1.fits
0.9404442420846172,0.42857142857142855,0.9963835838543037,0.5,0.0,1.0,1.0,1.0,0.0,0.0,0.0,0.0,0.039188311857453875,0.034781986475227296,0.3627662098473503,0.027367693521202743,0.9736175084469086,0.03090548158090676,0.9785182516349833,0.9608042945998369,0.971262251015406,0.0029892742425245413,0.7879544536961587,0.9152211012839755,0.8468380593349046,0.9073081287715481,0.18559831776004324,0.4216410128060739,0.1195336491145779,0.9503845396439835,0.9643772614047157,0.020534754792772766,2026-03-25T17:03:44.752795000,1X10X,-5 DegC,Spectroscopy- 1,NO,Full-Frame,VS1_T26_0219_003442_20260325_170344_HG_lev1_V2_1.fits
0.18568646679742232,0.8571428571428571,0.021539846158784893,0.5,0.0,0.06593406593406594,0.09836065573770492,0.3157894736842105,0.9618362031543916,0.9618362031543943,0.78125,0.6246712997746056,0.9349441850530582,0.9280551547005673,0.9045587095926696,0.9141985525378344,0.05681804400396804,0.8789669064877209,0.020692449819620897,0.14362921390406677,0.013697416798945433,0.9488542308132113,0.18859593454083218,0.17221455394578364,0.14568958912629046,0.2604900103995167,0.679458491553213,0.19639546180274117,0.8207633839883852,0.15518584226404475,0.026127254107374882,0.9914967144404635,2026-03-25T17:03:44.752795000,1X10X,-5 DegC,Spectroscopy- 1,NO,Full-Frame,VS1_T26_0219_003442_20260325_170344_LG_lev1_V2_1.fits
0.9402188988512186,0.42857142857142855,0.9952318283578669,0.5,0.0,1.0,1.0,1.0,0.0,0.0,0.0,0.0,0.03875542446829631,0.034814247251594724,0.4146617151098883,0.027214832678071572,0.975419677355978,0.02662303110064925,0.9761415839447971,0.9429734319275408,0.9681023775721047,0.0029412858265248885,0.7903086157329051,0.9125121242711919,0.8363496144538132,0.9200793593303611,0.19654873588507976,0.3639904070823635,0.12817620622663295,0.9494919882747561,0.9593148598931177,0.023277954504760823,2026-03-25T17:04:33.655500000,1X10X,-5 DegC,Spectroscopy- 1,NO,Full-Frame,VS1_T26_0219_003442_20260325_170433_HG_lev1_V2_1.fits
0.20591114457831333,1.0,0.022030920101744185,0.5,0.0,0.06593406593406594,0.09836065573770492,0.3157894736842105,0.9908840978150774,0.9908840978150807,0.78125,0.63631667918858,0.9572791749837974,0.954917086761266,0.6968377862493081,0.9447240972223555,0.06043104442982188,0.8756972286157294,0.013660383325673051,0.10168461856151331,0.009009364270226975,0.9667780237970223,0.21094883519465957,0.18594205625785395,0.1578373360133036,0.2861980225322036,0.6991428967442823,0.15774449153848794,0.9294859458349684,0.17093918086655002,0.006991468895034629,0.9980675567211194,2026-03-25T17:04:33.655500000,1X10X,-5 DegC,Spectroscopy- 1,NO,Full-Frame,VS1_T26_0219_003442_20260325_170433_LG_lev1_V2_1.fits
0.9362567946203417,0.42857142857142855,0.9971906136444354,0.5,0.0,1.0,1.0,1.0,0.0,0.0,0.0,0.0,0.03791583835623057,0.03426933095140141,0.47475764984692126,0.026694563582711467,0.9732040133053035,0.029634682481782023,0.9741639853521076,0.9685261482244282,0.9654760546671706,0.0099750553513521,0.7897565641061693,0.9060605751609022,0.8301160356568258,0.9199038610440098,0.20964378518974494,0.3487546678419018,0.11535294508752673,0.9458035680075136,0.9623720344533143,0.024398165123055843,2026-03-25T17:05:22.558215000,1X10X,-5 DegC,Spectroscopy- 1,NO,Full-Frame,VS1_T26_0219_003442_20260325_170522_HG_lev1_V2_1.fits
0.2165949845895207,1.0,0.02402693320157718,0.5,0.0,0.07692307692307693,0.09836065573770492,0.3684210526315789,0.949139053682535,0.9491390536825377,0.796875,0.6118989481592787,0.9720191701036948,0.9736263080747235,0.8806378580964777,0.9656731873168505,0.06990678225588387,0.8684744893050647,0.011618070542968055,0.0,0.007654217351732149,0.9760494900150083,0.22058504575501373,0.19532722322594726,0.1644558413289288,0.2995241687251895,0.6965718367158359,0.13904894213719926,0.952659554647617,0.1796796497990793,0.007169174553618729,0.9938945076772133,2026-03-25T17:05:22.558215000,1X10X,-5 DegC,Spectroscopy- 1,NO,Full-Frame,VS1_T26_0219_003442_20260325_170522_LG_lev1_V2_1.fits
0.9420875945643038,0.42857142857142855,0.994629519502985,0.5,0.0,1.0,1.0,1.0,0.0,0.0,0.0,0.0,0.03943513299688881,0.035239047956759924,0.25076036020095654,0.027630094868258567,0.97630106881564,0.0273628662726254,0.975853417244648,0.9339847863630711,0.9677195136547813,0.0031772078446975494,0.788942012717319,0.9171523327576719,0.8361006205693736,0.9241842074065753,0.18343807791098557,0.3533963631791077,0.13000075255595037,0.9516685661229083,0.9603467655103431,0.021408343157934866,2026-03-25T17:06:11.460680000,1X10X,-5 DegC,Spectroscopy- 1,NO,Full-Frame,VS1_T26_0219_003442_20260325_170611_HG_lev1_V2_1.fits
0.1941461193611657,0.8571428571428571,0.021712657539808056,0.5,0.0,0.06593406593406594,0.09836065573770492,0.3157894736842105,0.9822384604254087,0.9822384604254062,0.671875,0.6417637114951165,0.9409698310788787,0.938774998128266,0.7811655527674549,0.9245638146719953,0.05624203834162562,0.8848837386263438,0.018047066670804784,0.1531631957580339,0.011929819200547538,0.9584707619697658,0.19819156694742637,0.17771501017990698,0.147912225712393,0.274848896508341,0.6891889360756316,0.16014816185116523,0.8714758645077803,0.1620888137621023,0.01677185800156472,0.9950223454708141,2026-03-25T17:06:11.460680000,1X10X,-5 DegC,Spectroscopy- 1,NO,Full-Frame,VS1_T26_0219_003442_20260325_170611_LG_lev1_V2_1.fits
0.9369567806108153,0.42857142857142855,0.9966174591011462,0.0,0.0,1.0,1.0,1.0,0.0,0.0,0.0,0.0,0.03829874200066501,0.033597535790693696,0.525202807401331,0.026592622008512257,0.9766856885981949,0.027833417274458965,0.9738484857667769,0.945309591433613,0.9650573094708315,0.009696000570101986,0.792427613213442,0.9046731784701987,0.8266940597495188,0.9256397063522883,0.2183902591913217,0.3262795040555894,0.12319340907114865,0.946350237157285,0.9589833961863892,0.0254821466586486,2026-03-25T17:07:00.363260000,1X10X,-5 DegC,Spectroscopy- 1,NO,Full-Frame,VS1_T26_0219_003442_20260325_170700_HG_lev1_V2_1.fits
0.22427500700476347,1.0,0.024391650435831518,0.5,0.0,0.07692307692307693,0.11475409836065574,0.3684210526315789,0.9612212414990595,0.9612212414990574,0.9375,0.6068275732531931,0.9953667884627381,0.9953204289776977,0.8013496142235944,0.9940886766506386,0.06977153007409075,0.8578325081037287,0.006116632821088506,0.005903453129228988,0.004018144343615741,0.986145593937116,0.22830590454602712,0.20129519197522305,0.16797668245505715,0.31066276785736785,0.6994188580197968,0.11725691402828262,0.9969485682805703,0.186639471324448,0.0,0.9960092650496932,2026-03-25T17:07:00.363260000,1X10X,-5 DegC,Spectroscopy- 1,NO,Full-Frame,VS1_T26_0219_003442_20260325_170700_LG_lev1_V2_1.fits
0.9408453348276826,0.42857142857142855,0.9957678191633017,0.0,0.0,1.0,1.0,1.0,0.0,0.0,0.0,0.0,0.04074794549209301,0.03392541890144678,0.5144892349884974,0.027645717752592582,0.9837878719102933,0.022647768506072263,0.9762568072213057,0.9000816884028078,0.9682554815166496,0.0031208322747613066,0.7774535195335839,0.9262429019518417,0.8198551779461271,0.942154485883632,0.1393086233528176,0.2695538519481761,0.10748252499325993,0.9508756359614143,0.9707906987069937,0.017489728070902363,2026-03-25T17:07:49.265975000,1X10X,-5 DegC,Spectroscopy- 1,NO,Full-Frame,VS1_T26_0219_003442_20260325_170749_HG_lev1_V2_1.fits
0.17091237041188015,0.7142857142857143,0.0199532749294515,0.5,0.0,0.054945054945054944,0.08196721311475409,0.3684210526315789,0.948524092027203,0.9485240920272009,0.359375,0.8819496619083396,0.9187930995398823,0.9125614603296943,0.9045587095926696,0.8947505086549683,0.054073845381230154,0.8932732230079203,0.02784785533277954,0.16186132251838967,0.018502738221697887,0.9396705804369818,0.1706437189343168,0.16378035625504211,0.12195021924981851,0.26046052384533236,0.6551970001386056,0.12028145189908715,0.7584760084432388,0.1418755697254893,0.03396161722221702,0.9921694128495885,2026-03-25T17:07:49.265975000,1X10X,-5 DegC,Spectroscopy- 1,NO,Full-Frame,VS1_T26_0219_003442_20260325_170749_LG_lev1_V2_1.fits
0.9419422457270942,0.42857142857142855,0.9948199516217838,0.5,0.0,1.0,1.0,1.0,0.0,0.0,0.0,0.0,0.03511991663556191,0.030663698855594494,0.6531112103030974,0.024305498715632753,0.9646652231297171,0.027313438459856298,0.9734009410925565,1.0,0.9644634259930378,0.008549422425394467,0.7998329689949877,0.9061957613640613,0.83593387353364,0.9240998332304446,0.23072360542782083,0.3531823543031802,0.14527544643737778,0.9520521998495287,0.9531725547639711,0.024225938583893367,2026-03-25T17:08:38.168565000,1X10X,-5 DegC,Spectroscopy- 1,NO,Full-Frame,VS1_T26_0219_003442_20260325_170838_HG_lev1_V2_1.fits
0.2278015550574393,1.0,0.026777177953624935,0.5,0.0,0.07692307692307693,0.11475409836065574,0.3684210526315789,0.9535523079149183,0.9535523079149203,1.0,0.5898290758827949,1.0,1.0,1.0,1.0,0.07144814892200775,0.848020303089082,0.0,0.011253879938026665,0.0,1.0,0.23460589883677502,0.20132856365508858,0.1755454768739889,0.30827101752734054,0.7169910980636519,0.14811469666660068,1.0,0.1910362892674336,0.0025250853788841244,0.9920990460064449,2026-03-25T17:08:38.168565000,1X10X,-5 DegC,Spectroscopy- 1,NO,Full-Frame,VS1_T26_0219_003442_20260325_170838_LG_lev1_V2_1.fits
0.9460473872233116,0.42857142857142855,0.9958591266226857,0.5,0.0,1.0,1.0,1.0,0.0,0.0,0.0,0.0,0.037357921205625026,0.03270099731789167,0.489303015436417,0.02590482871155908,0.9757559020367641,0.027970599816239415,0.978129303845258,0.945322865943589,0.9707448627132894,0.007989149936340112,0.7917008553340059,0.921427615744882,0.8495826254095443,0.9152130121108385,0.1798768038939261,0.40914265263397176,0.13303815604795624,0.9577138566446662,0.9642107587055219,0.01578806835449926,2026-03-25T17:09:27.071280000,1X10X,-5 DegC,Spectroscopy- 1,NO,Full-Frame,VS1_T26_0219_003442_20260325_170927_HG_lev1_V2_1.fits
0.17973486971140354,0.8571428571428571,0.022037263567343396,0.5,0.0,0.06593406593406594,0.08196721311475409,0.3157894736842105,0.9513456807987267,0.951345680798729,0.578125,0.6156085649887303,0.9322961025773449,0.9225956439024391,0.8382785230581146,0.9091934337570965,0.063576841546236,0.8803178566535487,0.020902940966214232,0.06042946807953365,0.013838270716279502,0.9500051064406035,0.1815614442110938,0.1686218454106366,0.143082364022299,0.2517047935509567,0.6708918294234664,0.2147706024349854,0.7929949461849433,0.15130037754477368,0.03122922570489219,0.9896755418077773,2026-03-25T17:09:27.071280000,1X10X,-5 DegC,Spectroscopy- 1,NO,Full-Frame,VS1_T26_0219_003442_20260325_170927_LG_lev1_V2_1.fits
0.9451190809750627,0.42857142857142855,0.9960020147871949,0.5,0.0,1.0,1.0,1.0,0.0,0.0,0.0,0.0,0.0362698243627532,0.029495885804155846,0.5291681411421544,0.024313007488564926,0.967753385029466,0.027628207942943826,0.9751636473838371,0.9907732538387698,0.9668033047673125,0.013581962525669528,0.8020375895255518,0.9096350528709375,0.8548478320632015,0.9066889111336718,0.22775920692975016,0.4433768182441968,0.13666196867175273,0.9566176966353039,0.9614516445327711,0.01768563575919976,2026-03-25T17:10:15.973860000,1X10X,-5 DegC,Spectroscopy- 1,NO,Full-Frame,VS1_T26_0219_003442_20260325_171015_HG_lev1_V2_1.fits
0.2141067525917622,1.0,0.025764305908566754,0.5,0.0,0.07692307692307693,0.11475409836065574,0.3157894736842105,0.976559108667342,0.9765591086673419,0.90625,0.5780428249436514,0.9624151807531888,0.9614305848527064,0.9186654187242297,0.952002519547506,0.061950581324503526,0.8689128188511381,0.01128431971313041,0.12397092734945667,0.00743303558733542,0.9780134659835051,0.21856746220294387,0.19291920932602477,0.17443683442019353,0.28188730146623114,0.6985110578057716,0.2234554937106181,0.9319632431216014,0.18024874411636363,0.013525466485062351,0.98894951468099,2026-03-25T17:10:15.973860000,1X10X,-5 DegC,Spectroscopy- 1,NO,Full-Frame,VS1_T26_0219_003442_20260325_171015_LG_lev1_V2_1.fits
0.9470061641916503,0.42857142857142855,0.9961787347682337,1.0,0.0,1.0,1.0,1.0,0.0,0.0,0.0,0.0,0.03478678553692901,0.0283443045898833,0.8156346008460811,0.023327400544080813,0.9705544103588153,0.02935501488211176,0.9781487403541579,0.9764089627598319,0.9707707151756012,0.00986878968882679,0.7902409854766382,0.9245523482693228,0.8529934472921634,0.9128558640745169,0.16995031448347228,0.4235132881980159,0.13408998085000778,0.959167779756935,0.9649810906379028,0.01450375044817375,2026-03-25T17:11:04.876575000,1X10X,-5 DegC,Spectroscopy- 1,NO,Full-Frame,VS1_T26_0219_003442_20260325_171104_HG_lev1_V2_1.fits
0.1689044550294198,0.7142857142857143,0.022174160681009036,0.5,0.0,0.054945054945054944,0.08196721311475409,0.2631578947368421,0.9883880769787295,0.9883880769787251,0.625,0.6256104432757326,0.9051133934048772,0.8977950875291671,0.8996435120397622,0.877378518132199,0.05118076540722742,0.8955007120363773,0.02779322397610149,0.2248993508038493,0.018465915795077704,0.9416144654392468,0.17143307412071587,0.15946147378608175,0.13656751226942712,0.23794984891338322,0.6712551992477878,0.23593329935791374,0.7288263268913079,0.143356521847608,0.04402228587238995,0.984395568192883,2026-03-25T17:11:04.876575000,1X10X,-5 DegC,Spectroscopy- 1,NO,Full-Frame,VS1_T26_0219_003442_20260325_171104_LG_lev1_V2_1.fits
