Frame_ID,DATE-OBS,DATE,TIME,Exposure,CHANNEL,GAIN,TEMP,FRAMEBIN,ROI,filename,mean,median,std,min,max,p90,p95,p99,bright_pixels,bright_fraction,num_regions,largest_region,grad_mean,grad_std,grad_max,grad_energy,contrast,homogeneity,energy,correlation,ASM,entropy,left_mean,right_mean,top_mean,bottom_mean,LR_ratio,TB_ratio,inner_mean,outer_mean,outer_inner_ratio,radial_slope,delta_seconds
0,2026-03-24 03:56:21.921680,2026-03-24,03:56:21.921680,HG,Spectroscopy- 1,1X10X,-5 DegC,NO,Full-Frame,VS1_T26_0212_003435_20260324_035621_HG_lev1_V2_1.fits,96.24859,50.0,86.019005,1.0,255.0,255.0,255.0,255.0,0,0.0,0,0.0,20.243895,18.847418,730.02057,765.04034,5.202801137679481,0.629538037593827,0.1542166086927675,0.9996484604610888,0.0237827623966981,4.611570654995586,102.643585,89.85356,106.43157,86.065605,1.1423429,1.2366331,42.99623,108.25606,2.5178034,-65.25983,0.0
1,2026-03-24 03:56:21.921680,2026-03-24,03:56:21.921680,LG,Spectroscopy- 1,1X10X,-5 DegC,NO,Full-Frame,VS1_T26_0212_003435_20260324_035621_LG_lev1_V2_1.fits,69.11433,45.0,55.917564,1.0,255.0,164.0,194.0,239.0,26979,0.0097580295138888,43,14775.0,29.968027,28.462597,721.3876,1708.2023,2.2628462974756838,0.7494537855099201,0.0852205176239094,0.9996382211041734,0.007262536624087,4.8786346546163735,74.00893,64.21971,75.54389,62.68477,1.1524332,1.2051395,39.89184,76.06423,1.9067616,-36.17239,0.0
2,2026-03-24 03:57:10.824395,2026-03-24,03:57:10.824395,HG,Spectroscopy- 1,1X10X,-5 DegC,NO,Full-Frame,VS1_T26_0212_003435_20260324_035710_HG_lev1_V2_1.fits,96.00955,50.0,86.09198,2.0,255.0,255.0,255.0,255.0,0,0.0,0,0.0,20.292559,18.878065,756.67694,768.1692,5.19816646885132,0.6295202561716731,0.1541254112343464,0.9996493708247772,0.0237546423881563,4.609569211195613,102.20515,89.81394,105.44169,86.577415,1.1379653,1.2178891,42.59117,108.00579,2.5358727,-65.41462,48.902715
3,2026-03-24 03:57:10.824395,2026-03-24,03:57:10.824395,LG,Spectroscopy- 1,1X10X,-5 DegC,NO,Full-Frame,VS1_T26_0212_003435_20260324_035710_LG_lev1_V2_1.fits,70.09904,46.0,56.038097,1.0,255.0,165.0,195.0,240.0,26737,0.0096705005787037,38,15474.0,30.644728,29.26302,731.7773,1795.4235,2.290271827234831,0.747626763572657,0.083880811938041,0.9996354108760338,0.007035990611385,4.892507771143547,75.03575,65.16235,76.10869,64.089386,1.15152,1.1875397,40.99005,77.01428,1.8788531,-36.02423,0.0
4,2026-03-24 03:57:59.726975,2026-03-24,03:57:59.726975,HG,Spectroscopy- 1,1X10X,-5 DegC,NO,Full-Frame,VS1_T26_0212_003435_20260324_035759_HG_lev1_V2_1.fits,96.00629,50.0,86.07827,1.0,255.0,255.0,255.0,255.0,0,0.0,0,0.0,20.310352,18.933935,737.9119,771.00433,5.211684011695229,0.6297566146263255,0.1541449513662398,0.9996483465581832,0.0237606660317004,4.609086719471591,102.17716,89.83542,105.354355,86.658226,1.1373817,1.2157456,42.607903,107.99476,2.5346181,-65.386856,48.90258
5,2026-03-24 03:57:59.726975,2026-03-24,03:57:59.726975,LG,Spectroscopy- 1,1X10X,-5 DegC,NO,Full-Frame,VS1_T26_0212_003435_20260324_035759_LG_lev1_V2_1.fits,70.23501,46.0,56.03587,1.0,255.0,165.0,195.0,240.0,27001,0.0097659866898148,52,15567.0,30.653275,29.313606,716.49426,1798.9108,2.285481197892543,0.7484895065823468,0.0838684131680906,0.9996361445989488,0.0070339107273335,4.894103817227442,75.182915,65.28709,76.20264,64.26739,1.151574,1.1857123,41.159725,77.1452,1.8742886,-35.985477,0.0
6,2026-03-24 03:58:48.629690,2026-03-24,03:58:48.629690,HG,Spectroscopy- 1,1X10X,-5 DegC,NO,Full-Frame,VS1_T26_0212_003435_20260324_035848_HG_lev1_V2_1.fits,95.89598,50.0,86.14037,1.0,255.0,255.0,255.0,255.0,0,0.0,0,0.0,20.333712,18.90307,747.9305,770.7858,5.202207329782307,0.6294382462757833,0.1540255845804083,0.999649492523196,0.0237238807053365,4.611724658683672,101.98357,89.80837,104.924065,86.8679,1.1355686,1.2078577,42.475452,107.85791,2.5393,-65.38246,48.902715
7,2026-03-24 03:58:48.629690,2026-03-24,03:58:48.629690,LG,Spectroscopy- 1,1X10X,-5 DegC,NO,Full-Frame,VS1_T26_0212_003435_20260324_035848_LG_lev1_V2_1.fits,70.374176,46.0,56.082394,1.0,255.0,165.0,196.0,240.0,27307,0.0098766637731481,50,15627.0,30.987326,29.584454,720.56226,1835.4542,2.299260001736916,0.7464511140286847,0.0831384291640505,0.9996345583729784,0.0069119984038658,4.898900182865834,75.3531,65.39527,76.09152,64.65684,1.1522714,1.1768519,41.202118,77.26973,1.8753824,-36.06761,0.0
8,2026-03-24 03:59:37.532405,2026-03-24,03:59:37.532405,HG,Spectroscopy- 1,1X10X,-5 DegC,NO,Full-Frame,VS1_T26_0212_003435_20260324_035937_HG_lev1_V2_1.fits,95.83191,49.0,86.14306,2.0,255.0,255.0,255.0,255.0,0,0.0,0,0.0,20.394655,19.004835,754.91455,777.12573,5.26612689613247,0.6287714274403264,0.1538458663434671,0.9996452073325888,0.0236685505909719,4.612228336842438,101.834724,89.82912,104.08442,87.5794,1.1336493,1.1884578,42.28374,107.75361,2.548346,-65.469864,48.902715
9,2026-03-24 03:59:37.532405,2026-03-24,03:59:37.532405,LG,Spectroscopy- 1,1X10X,-5 DegC,NO,Full-Frame,VS1_T26_0212_003435_20260324_035937_LG_lev1_V2_1.fits,70.41265,47.0,56.055923,2.0,255.0,165.0,196.0,240.0,27129,0.0098122829861111,48,15456.0,30.961552,29.580816,736.81067,1833.6422,2.3182191552802225,0.7467179015440712,0.083250444069935,0.999631195499294,0.0069306364378413,4.898483986836842,75.389404,65.43588,75.72441,65.1009,1.152111,1.1631854,41.2244,77.267845,1.8743231,-36.043446,0.0
10,2026-03-25 16:35:13.160620,2026-03-25,16:35:13.160620,LG,Spectroscopy- 1,1X10X,-5 DegC,NO,Full-Frame,VS1_T26_0219_003442_20260325_163513_LG_lev1_V2_1.fits,71.543655,48.0,56.259937,1.0,255.0,167.0,197.0,241.0,27614,0.0099877025462962,19,20013.0,32.301243,31.210144,767.6353,2017.4434,2.386986524432608,0.7427039670356942,0.0821208533417123,0.9996230038719792,0.006743834553571,4.903605876872284,74.673515,68.41381,77.13653,65.95079,1.0914977,1.1696073,41.876286,78.01593,1.8630098,-36.139645,131735.628215
11,2026-03-25 16:35:13.160620,2026-03-25,16:35:13.160620,HG,Spectroscopy- 1,1X10X,-5 DegC,NO,Full-Frame,VS1_T26_0219_003442_20260325_163513_HG_lev1_V2_1.fits,94.85148,47.0,87.03526,0.0,255.0,255.0,255.0,255.0,0,0.0,0,0.0,20.822447,19.38106,767.94403,809.1998,5.368827437471051,0.6313155114376173,0.158248057508471,0.9996456823316712,0.0250424477052043,4.560565528941439,95.11137,94.5916,102.92563,86.777336,1.0054948,1.1860888,38.52558,106.634964,2.7679002,-68.10938,0.0
12,2026-03-25 16:36:02.063210,2026-03-25,16:36:02.063210,HG,Spectroscopy- 1,1X10X,-5 DegC,NO,Full-Frame,VS1_T26_0219_003442_20260325_163602_HG_lev1_V2_1.fits,94.9632,47.0,87.02778,1.0,255.0,255.0,255.0,255.0,0,0.0,0,0.0,20.843618,19.401098,749.9147,810.8591,5.394598555465493,0.6301880106317483,0.1583933296931891,0.9996439200509404,0.0250884468912953,4.562783850043063,94.59453,95.33184,102.683655,87.242744,0.9922658,1.1769879,38.49955,106.7474,2.7726922,-68.24785,48.90259
13,2026-03-25 16:36:02.063210,2026-03-25,16:36:02.063210,LG,Spectroscopy- 1,1X10X,-5 DegC,NO,Full-Frame,VS1_T26_0219_003442_20260325_163602_LG_lev1_V2_1.fits,69.4445,46.0,55.873302,1.0,255.0,164.0,194.0,240.0,27034,0.0097779224537037,30,20679.0,30.837599,29.523518,761.4315,1822.5956,2.275578971746179,0.7496591657489793,0.0855465861045011,0.9996356095644988,0.0073182183941348,4.86955618715886,72.134155,66.75486,74.88514,64.00387,1.0805829,1.1700096,39.97235,75.87796,1.8982611,-35.90561,0.0
14,2026-03-25 16:36:50.965800,2026-03-25,16:36:50.965800,HG,Spectroscopy- 1,1X10X,-5 DegC,NO,Full-Frame,VS1_T26_0219_003442_20260325_163650_HG_lev1_V2_1.fits,94.8872,47.0,87.01858,0.0,255.0,255.0,255.0,255.0,0,0.0,0,0.0,20.860361,19.391598,747.3219,811.1887,5.372745628763317,0.630976632613018,0.1582844246058739,0.9996452880292104,0.0250539590728125,4.5617137664507865,94.90769,94.866745,102.439026,87.335365,1.0004317,1.1729387,38.530773,106.62252,2.7672043,-68.09175,48.90259
15,2026-03-25 16:36:50.965800,2026-03-25,16:36:50.965800,LG,Spectroscopy- 1,1X10X,-5 DegC,NO,Full-Frame,VS1_T26_0219_003442_20260325_163650_LG_lev1_V2_1.fits,70.68908,47.0,56.04332,1.0,255.0,166.0,196.0,241.0,26415,0.0095540364583333,28,19191.0,31.725891,30.52018,761.4315,1938.0137,2.3426029122278837,0.7453932789247857,0.0834906174120556,0.99962714919957,0.0069706831958462,4.890952677589467,73.750824,67.62734,75.97468,65.40348,1.0905474,1.1616305,41.07187,77.10436,1.8773035,-36.032494,0.0
16,2026-03-25 16:37:39.868505,2026-03-25,16:37:39.868505,HG,Spectroscopy- 1,1X10X,-5 DegC,NO,Full-Frame,VS1_T26_0219_003442_20260325_163739_HG_lev1_V2_1.fits,94.92947,47.0,87.025185,1.0,255.0,255.0,255.0,255.0,0,0.0,0,0.0,20.84314,19.368793,744.7792,809.58655,5.369226927975915,0.6306816530118968,0.158482058507457,0.999645574564417,0.025116562868761,4.562685471020099,94.63455,95.22439,102.1787,87.68023,0.9938058,1.1653563,38.532433,106.65655,2.7679682,-68.124115,48.902705
17,2026-03-25 16:37:39.868505,2026-03-25,16:37:39.868505,LG,Spectroscopy- 1,1X10X,-5 DegC,NO,Full-Frame,VS1_T26_0219_003442_20260325_163739_LG_lev1_V2_1.fits,69.44215,46.0,55.859818,1.0,255.0,164.0,194.0,240.0,26729,0.0096676070601851,24,19504.0,30.888716,29.535986,765.0948,1826.4872,2.2912452234830942,0.748865545717572,0.0853258749827476,0.999632924902666,0.0072805049415714,4.870188604389547,72.19946,66.68483,74.60507,64.27923,1.0826969,1.1606405,39.99154,75.81121,1.8956813,-35.81967,0.0
18,2026-03-25 16:38:28.771095,2026-03-25,16:38:28.771095,HG,Spectroscopy- 1,1X10X,-5 DegC,NO,Full-Frame,VS1_T26_0219_003442_20260325_163828_HG_lev1_V2_1.fits,94.92599,47.0,86.99129,1.0,255.0,255.0,255.0,255.0,0,0.0,0,0.0,20.852633,19.403708,749.1862,811.3361,5.380849423923112,0.6310809951298951,0.158345144288995,0.9996445301881304,0.0250731847199026,4.561819832825867,94.80895,95.04301,102.379814,87.47217,0.9975374,1.1704273,38.589115,106.6493,2.7637146,-68.06018,48.90259
19,2026-03-25 16:38:28.771095,2026-03-25,16:38:28.771095,LG,Spectroscopy- 1,1X10X,-5 DegC,NO,Full-Frame,VS1_T26_0219_003442_20260325_163828_LG_lev1_V2_1.fits,70.104256,46.0,55.971424,1.0,255.0,165.0,195.0,240.0,27429,0.0099207899305555,23,19927.0,31.33621,30.080029,756.324,1886.7662,2.330962685270958,0.746504714359219,0.0841060901208504,0.9996280489173108,0.0070738343954166,4.881297352041023,73.04255,67.16601,75.37315,64.83536,1.0874928,1.1625316,40.597164,76.50021,1.8843733,-35.90305,0.0
20,2026-03-25 16:39:17.673685,2026-03-25,16:39:17.673685,HG,Spectroscopy- 1,1X10X,-5 DegC,NO,Full-Frame,VS1_T26_0219_003442_20260325_163917_HG_lev1_V2_1.fits,94.87467,47.0,87.03862,1.0,255.0,255.0,255.0,255.0,0,0.0,0,0.0,20.838192,19.376785,756.37555,809.69006,5.354095501389532,0.631216331279743,0.1583357776284092,0.9996466819271218,0.025070218477193,4.562286704421156,94.79403,94.95532,102.6372,87.112144,0.9983014,1.1782192,38.498947,106.616486,2.769335,-68.11754,48.90259
21,2026-03-25 16:39:17.673685,2026-03-25,16:39:17.673685,LG,Spectroscopy- 1,1X10X,-5 DegC,NO,Full-Frame,VS1_T26_0219_003442_20260325_163917_LG_lev1_V2_1.fits,70.32383,46.0,56.025303,1.0,255.0,166.0,195.0,241.0,26576,0.0096122685185185,26,20076.0,31.397661,30.17179,766.7868,1896.15,2.311174878415933,0.7472260706718216,0.0844253330652299,0.999631914358888,0.007127636863175,4.881751299820007,73.17996,67.46768,75.72738,64.92028,1.084667,1.1664672,40.69353,76.760185,1.8862995,-36.066654,0.0
22,2026-03-25 16:40:06.576390,2026-03-25,16:40:06.576390,LG,Spectroscopy- 1,1X10X,-5 DegC,NO,Full-Frame,VS1_T26_0219_003442_20260325_164006_LG_lev1_V2_1.fits,69.67869,46.0,56.033466,1.0,255.0,165.0,195.0,240.0,27586,0.0099775752314814,27,21296.0,30.986122,29.720972,759.15875,1843.4761,2.2891706953450672,0.748634883341628,0.0849115660589659,0.9996355272171116,0.0072099740505861,4.875879935284564,72.440605,66.91677,75.523056,63.834316,1.0825478,1.1831106,40.12745,76.16868,1.8981689,-36.04123,48.902705
23,2026-03-25 16:40:06.576390,2026-03-25,16:40:06.576390,HG,Spectroscopy- 1,1X10X,-5 DegC,NO,Full-Frame,VS1_T26_0219_003442_20260325_164006_HG_lev1_V2_1.fits,94.95052,47.0,87.07304,1.0,255.0,255.0,255.0,255.0,0,0.0,0,0.0,20.816763,19.364779,743.96234,808.33215,5.367284115910144,0.6314268159309674,0.1585784734958448,0.9996460927080276,0.0251471322562723,4.560840680719387,94.71289,95.18817,103.39205,86.50899,0.9950069,1.1951597,38.502472,106.771416,2.7731054,-68.26894,0.0
24,2026-03-25 16:40:55.479105,2026-03-25,16:40:55.479105,HG,Spectroscopy- 1,1X10X,-5 DegC,NO,Full-Frame,VS1_T26_0219_003442_20260325_164055_HG_lev1_V2_1.fits,95.01933,47.0,87.03689,1.0,255.0,255.0,255.0,255.0,0,0.0,0,0.0,20.799997,19.356136,760.46436,807.2999,5.353449947892544,0.6318394106504801,0.1585456987883362,0.9996467101885322,0.0251367386042818,4.559562097757281,94.99067,95.04799,103.94331,86.09536,0.9993969,1.2073045,38.61155,106.86361,2.7676592,-68.25206,48.902715
25,2026-03-25 16:40:55.479105,2026-03-25,16:40:55.479105,LG,Spectroscopy- 1,1X10X,-5 DegC,NO,Full-Frame,VS1_T26_0219_003442_20260325_164055_LG_lev1_V2_1.fits,70.4058,46.0,56.18406,1.0,255.0,166.0,196.0,241.0,27170,0.0098271122685185,27,21002.0,31.376163,30.146725,766.50507,1893.2886,2.3339042235988883,0.7462919283125182,0.0843772580743877,0.9996303926236052,0.0071195216801518,4.882296341726724,73.20115,67.610466,76.447296,64.364296,1.0826896,1.1877283,40.70628,76.94742,1.8903083,-36.24114,0.0
26,2026-03-25 16:41:44.381695,2026-03-25,16:41:44.381695,HG,Spectroscopy- 1,1X10X,-5 DegC,NO,Full-Frame,VS1_T26_0219_003442_20260325_164144_HG_lev1_V2_1.fits,95.03213,47.0,87.00804,1.0,255.0,255.0,255.0,255.0,0,0.0,0,0.0,20.766623,19.331419,742.5968,804.95636,5.326741981241314,0.6321271843960596,0.1585198009239334,0.9996482410863362,0.0251285272849634,4.5569014345073615,95.2414,94.82284,104.28801,85.77625,1.0044142,1.2158145,38.604134,106.88415,2.7687228,-68.280014,48.90259
27,2026-03-25 16:41:44.381695,2026-03-25,16:41:44.381695,LG,Spectroscopy- 1,1X10X,-5 DegC,NO,Full-Frame,VS1_T26_0219_003442_20260325_164144_LG_lev1_V2_1.fits,71.254364,47.0,56.318043,1.0,255.0,167.0,197.0,241.0,27595,0.0099808304398148,23,20671.0,31.928768,30.849588,766.7868,1971.1433,2.352754819939787,0.744237668576742,0.0830003994979876,0.9996291773990132,0.0068890663168255,4.896363866199961,74.230804,68.27793,77.530754,64.97798,1.0871859,1.193185,41.577248,77.81117,1.8714844,-36.233925,0.0
28,2026-03-25 16:42:33.284275,2026-03-25,16:42:33.284275,HG,Spectroscopy- 1,1X10X,-5 DegC,NO,Full-Frame,VS1_T26_0219_003442_20260325_164233_HG_lev1_V2_1.fits,94.98469,47.0,87.05296,1.0,255.0,255.0,255.0,255.0,0,0.0,0,0.0,20.79384,19.355066,763.8063,807.0024,5.332834573297824,0.631648673842458,0.1585117242973905,0.9996482012763416,0.0251259667397319,4.556948610084667,95.376526,94.59286,104.68092,85.28845,1.0082847,1.2273751,38.7002,106.8317,2.760495,-68.1315,48.90258
29,2026-03-25 16:42:33.284275,2026-03-25,16:42:33.284275,LG,Spectroscopy- 1,1X10X,-5 DegC,NO,Full-Frame,VS1_T26_0219_003442_20260325_164233_LG_lev1_V2_1.fits,71.418884,48.0,56.372288,1.0,255.0,168.0,198.0,241.0,26781,0.0096864149305555,25,14509.0,32.194485,31.071547,768.2083,2001.9259,2.3584110120426125,0.7432382125633565,0.082355921715764,0.9996290000250349,0.006782497841653,4.901735314465997,74.52125,68.31651,77.852005,64.98576,1.0908234,1.1979855,41.722717,77.98545,1.8691365,-36.262733,0.0
30,2026-03-25 16:43:22.186990,2026-03-25,16:43:22.186990,HG,Spectroscopy- 1,1X10X,-5 DegC,NO,Full-Frame,VS1_T26_0219_003442_20260325_164322_HG_lev1_V2_1.fits,95.11797,47.0,87.01897,1.0,255.0,255.0,255.0,255.0,0,0.0,0,0.0,20.796291,19.351347,752.2832,806.9604,5.324206446850393,0.6316654256677379,0.1586365887750811,0.9996484964669696,0.0251655672981941,4.557626183052976,95.14441,95.09157,104.69302,85.54292,1.0005556,1.2238654,38.674812,107.009796,2.7669117,-68.334984,48.902715
31,2026-03-25 16:43:22.186990,2026-03-25,16:43:22.186990,LG,Spectroscopy- 1,1X10X,-5 DegC,NO,Full-Frame,VS1_T26_0219_003442_20260325_164322_LG_lev1_V2_1.fits,70.31635,46.0,56.22505,1.0,255.0,166.0,196.0,241.0,26638,0.009634693287037,25,20445.0,31.373547,30.114332,767.66266,1891.1722,2.324343952640111,0.7460236659594556,0.0838462043940942,0.999632444578408,0.0070301859912962,4.88482751038718,73.16481,67.46795,76.71147,63.921234,1.0844381,1.2000937,40.564453,76.91072,1.8960128,-36.346268,0.0
32,2026-03-25 16:44:11.089580,2026-03-25,16:44:11.089580,HG,Spectroscopy- 1,1X10X,-5 DegC,NO,Full-Frame,VS1_T26_0219_003442_20260325_164411_HG_lev1_V2_1.fits,94.99743,47.0,86.93137,1.0,255.0,255.0,255.0,255.0,0,0.0,0,0.0,20.765581,19.32114,742.99396,804.51575,5.30859085514127,0.6320743288923691,0.1581991728893647,0.9996488205610148,0.0250269783028791,4.554772082109684,96.016464,93.97837,104.543045,85.45182,1.0216868,1.223415,38.884613,106.78848,2.7462914,-67.90387,48.90259
33,2026-03-25 16:44:11.089580,2026-03-25,16:44:11.089580,LG,Spectroscopy- 1,1X10X,-5 DegC,NO,Full-Frame,VS1_T26_0219_003442_20260325_164411_LG_lev1_V2_1.fits,73.451965,50.0,56.562115,1.0,255.0,170.0,200.0,242.0,26742,0.0096723090277777,50,13416.0,33.481754,32.564266,774.9903,2181.4592,2.437798894163965,0.7377488412801674,0.0795549136431085,0.9996190780380512,0.0063289842847624,4.929479991448128,76.98644,69.91745,79.81396,67.089966,1.1011049,1.1896557,43.92214,79.97982,1.8209455,-36.057682,0.0
34,2026-03-25 16:44:59.992295,2026-03-25,16:44:59.992295,LG,Spectroscopy- 1,1X10X,-5 DegC,NO,Full-Frame,VS1_T26_0219_003442_20260325_164459_LG_lev1_V2_1.fits,72.19151,49.0,56.39924,1.0,255.0,169.0,198.0,241.0,27403,0.0099113859953703,26,14498.0,32.62838,31.642422,772.45844,2065.854,2.3967367704956,0.7427117308257634,0.0817322775798158,0.999623329521336,0.006680165198384,4.910877267181122,75.41588,68.96716,78.59269,65.790344,1.0935042,1.1945931,42.591652,78.74345,1.8488001,-36.151794,48.902715
35,2026-03-25 16:44:59.992295,2026-03-25,16:44:59.992295,HG,Spectroscopy- 1,1X10X,-5 DegC,NO,Full-Frame,VS1_T26_0219_003442_20260325_164459_HG_lev1_V2_1.fits,94.92472,47.0,87.038246,1.0,255.0,255.0,255.0,255.0,0,0.0,0,0.0,20.775745,19.375587,752.2832,807.045,5.3287752576424285,0.6320308180868379,0.1583440461509591,0.9996483505628344,0.025072836951457,4.557439786171398,95.498314,94.35112,104.56926,85.28018,1.0121588,1.2261847,38.74289,106.73505,2.7549584,-67.99216,0.0
36,2026-03-25 16:45:48.894875,2026-03-25,16:45:48.894875,HG,Spectroscopy- 1,1X10X,-5 DegC,NO,Full-Frame,VS1_T26_0219_003442_20260325_164548_HG_lev1_V2_1.fits,94.99367,47.0,86.96927,1.0,255.0,255.0,255.0,255.0,0,0.0,0,0.0,20.77486,19.344162,759.222,805.7915,5.318091781496063,0.6325329334278512,0.1584006070814606,0.9996484979306552,0.0250907523237752,4.556243912086027,95.8708,94.11654,105.13769,84.849655,1.0186392,1.2391057,38.987675,106.78501,2.7389429,-67.79733,48.90258
37,2026-03-25 16:45:48.894875,2026-03-25,16:45:48.894875,LG,Spectroscopy- 1,1X10X,-5 DegC,NO,Full-Frame,VS1_T26_0219_003442_20260325_164548_LG_lev1_V2_1.fits,72.52051,49.0,56.474873,1.0,255.0,169.0,199.0,241.0,26964,0.0097526041666666,42,13239.0,32.940346,31.968996,762.82764,2107.083,2.4101399664196386,0.7393225420273292,0.0808118330891717,0.9996222352382212,0.0065305523672321,4.9173102111794655,75.865715,69.175285,79.25569,65.785324,1.096717,1.2047625,42.87302,79.07082,1.8443027,-36.197803,0.0
38,2026-03-25 16:46:37.797590,2026-03-25,16:46:37.797590,HG,Spectroscopy- 1,1X10X,-5 DegC,NO,Full-Frame,VS1_T26_0219_003442_20260325_164637_HG_lev1_V2_1.fits,95.01759,47.0,86.95779,1.0,255.0,255.0,255.0,255.0,0,0.0,0,0.0,20.799784,19.36086,735.6915,807.4739,5.330964132700324,0.6320163354984307,0.1584113510657009,0.9996475548152052,0.0250941561464607,4.554520927141553,95.595764,94.43941,104.97257,85.06261,1.0122445,1.2340624,38.980232,106.81037,2.7401164,-67.83014,48.902715
39,2026-03-25 16:46:37.797590,2026-03-25,16:46:37.797590,LG,Spectroscopy- 1,1X10X,-5 DegC,NO,Full-Frame,VS1_T26_0219_003442_20260325_164637_LG_lev1_V2_1.fits,71.77616,48.0,56.368496,1.0,255.0,168.0,198.0,241.0,26767,0.0096813512731481,30,13895.0,32.38289,31.370731,770.187,2032.7743,2.3816997886753124,0.7428278017698025,0.0819520932387795,0.9996252856310042,0.0067161455862176,4.906965735067516,75.0678,68.48451,78.357155,65.19516,1.0961281,1.201886,42.079178,78.32898,1.8614665,-36.2498,0.0
40,2026-03-25 16:47:26.700180,2026-03-25,16:47:26.700180,HG,Spectroscopy- 1,1X10X,-5 DegC,NO,Full-Frame,VS1_T26_0219_003442_20260325_164726_HG_lev1_V2_1.fits,95.03745,47.0,86.90642,1.0,255.0,255.0,255.0,255.0,0,0.0,0,0.0,20.740255,19.309772,734.0436,803.0256,5.290734642774432,0.632586437597872,0.1583520613043029,0.9996498010170894,0.0250753753193217,4.555138204941619,96.2579,93.81699,105.45006,84.62485,1.0260177,1.2460886,39.224297,106.781715,2.722336,-67.55742,48.90259
41,2026-03-25 16:47:26.700180,2026-03-25,16:47:26.700180,LG,Spectroscopy- 1,1X10X,-5 DegC,NO,Full-Frame,VS1_T26_0219_003442_20260325_164726_LG_lev1_V2_1.fits,73.232925,50.0,56.605774,1.0,255.0,170.0,200.0,241.0,27482,0.0099399594907407,54,12688.0,33.43012,32.503304,769.6155,2174.0378,2.433657798749421,0.7384980260785309,0.0799728149629978,0.99962031162048,0.0063956511331059,4.926726472209396,76.84105,69.6248,80.08102,66.384834,1.1036447,1.2063149,43.60127,79.7487,1.8290454,-36.147434,0.0
42,2026-03-25 16:48:15.602760,2026-03-25,16:48:15.602760,HG,Spectroscopy- 1,1X10X,-5 DegC,NO,Full-Frame,VS1_T26_0219_003442_20260325_164815_HG_lev1_V2_1.fits,94.98717,47.0,87.02622,1.0,255.0,255.0,255.0,255.0,0,0.0,0,0.0,20.75001,19.298603,754.5078,802.9989,5.309874001273738,0.6326414628349557,0.1586141912505976,0.9996495022127332,0.0251584616660811,4.556171956482242,95.58295,94.39142,105.67873,84.29561,1.0126233,1.2536682,38.889202,106.78979,2.746001,-67.90059,48.90258
43,2026-03-25 16:48:15.602760,2026-03-25,16:48:15.602760,LG,Spectroscopy- 1,1X10X,-5 DegC,NO,Full-Frame,VS1_T26_0219_003442_20260325_164815_LG_lev1_V2_1.fits,71.08233,47.0,56.306965,1.0,255.0,167.0,197.0,240.0,26603,0.0096220341435185,31,13177.0,32.105564,30.892824,770.187,1985.1339,2.361545782190829,0.7439964155205204,0.0827240711853007,0.9996276454316044,0.0068432719534707,4.897093801018056,74.26083,67.90382,78.035904,64.12875,1.0936179,1.2168629,41.52294,77.63054,1.8695818,-36.107597,0.0
44,2026-03-25 16:49:04.505475,2026-03-25,16:49:04.505475,HG,Spectroscopy- 1,1X10X,-5 DegC,NO,Full-Frame,VS1_T26_0219_003442_20260325_164904_HG_lev1_V2_1.fits,95.07136,47.0,86.93934,0.0,255.0,255.0,255.0,255.0,0,0.0,0,0.0,20.730022,19.292131,743.3559,801.9201,5.3170973975220015,0.6328193334544627,0.1586385332214537,0.9996483219241292,0.0251661842226542,4.557134118514494,96.383995,93.7587,106.28136,83.86135,1.0280006,1.2673461,39.315193,106.8021,2.7165606,-67.48691,48.902715
45,2026-03-25 16:49:04.505475,2026-03-25,16:49:04.505475,LG,Spectroscopy- 1,1X10X,-5 DegC,NO,Full-Frame,VS1_T26_0219_003442_20260325_164904_LG_lev1_V2_1.fits,72.97097,49.0,56.59246,1.0,255.0,170.0,200.0,241.0,26884,0.0097236689814814,49,11736.0,33.227528,32.320915,771.32227,2148.7102,2.445262201829551,0.7383866648704809,0.0802699086297371,0.9996183202292168,0.0064432582314263,4.922980541551253,76.55488,69.38707,80.22281,65.71913,1.1033018,1.2206919,43.308746,79.48869,1.8353958,-36.179947,0.0
46,2026-03-25 16:49:53.408065,2026-03-25,16:49:53.408065,HG,Spectroscopy- 1,1X10X,-5 DegC,NO,Full-Frame,VS1_T26_0219_003442_20260325_164953_HG_lev1_V2_1.fits,95.08976,47.0,86.95124,1.0,255.0,255.0,255.0,255.0,0,0.0,0,0.0,20.754622,19.33128,743.7123,804.4527,5.31680501679018,0.6329914418620075,0.1588272001278561,0.9996484387084426,0.025226079500454,4.554528144304243,95.77396,94.405594,106.16671,84.0128,1.0144945,1.2636968,39.135975,106.86698,2.7306585,-67.731,48.90259
47,2026-03-25 16:49:53.408065,2026-03-25,16:49:53.408065,LG,Spectroscopy- 1,1X10X,-5 DegC,NO,Full-Frame,VS1_T26_0219_003442_20260325_164953_LG_lev1_V2_1.fits,71.08349,47.0,56.29672,1.0,255.0,167.0,197.0,239.0,27473,0.0099367042824074,33,13078.0,32.05395,30.881197,776.1237,1981.1041,2.366251013200556,0.7438190438286612,0.0826031446228879,0.999626767810585,0.0068232795015897,4.898153303565495,74.35412,67.81285,78.25463,63.91235,1.0964606,1.2244055,41.50632,77.61291,1.8699057,-36.106586,0.0
48,2026-03-25 16:50:42.310780,2026-03-25,16:50:42.310780,LG,Spectroscopy- 1,1X10X,-5 DegC,NO,Full-Frame,VS1_T26_0219_003442_20260325_165042_LG_lev1_V2_1.fits,72.48983,49.0,56.523205,1.0,255.0,169.0,199.0,241.0,26422,0.009556568287037,36,11532.0,32.86643,31.909868,770.48035,2098.442,2.4134487899490504,0.7397209568144978,0.0810067849509264,0.99962236549732,0.0065620992080856,4.91667931429903,76.02121,68.958435,79.941055,65.0386,1.1024208,1.2291325,42.87907,79.02945,1.8430775,-36.15038,48.902715
49,2026-03-25 16:50:42.310780,2026-03-25,16:50:42.310780,HG,Spectroscopy- 1,1X10X,-5 DegC,NO,Full-Frame,VS1_T26_0219_003442_20260325_165042_HG_lev1_V2_1.fits,95.20402,47.0,86.87295,1.0,255.0,255.0,255.0,255.0,0,0.0,0,0.0,20.731562,19.30481,756.25525,802.4733,5.3044150214219545,0.6332193564333308,0.1587945758459817,0.999648624960458,0.0252157173181052,4.556054626668251,96.41062,93.9974,106.65147,83.75656,1.0256733,1.2733506,39.563328,106.91307,2.7023275,-67.34975,0.0
50,2026-03-25 16:51:31.213360,2026-03-25,16:51:31.213360,HG,Spectroscopy- 1,1X10X,-5 DegC,NO,Full-Frame,VS1_T26_0219_003442_20260325_165131_HG_lev1_V2_1.fits,95.14435,47.0,86.96748,1.0,255.0,255.0,255.0,255.0,0,0.0,0,0.0,20.734676,19.303478,741.0533,802.5511,5.301081229735988,0.6330711584617493,0.158869788165215,0.9996496098183288,0.0252396095916603,4.559566707068769,95.997215,94.29147,106.75455,83.53414,1.0180901,1.2779751,39.310535,106.89212,2.7191722,-67.58159,48.90258
51,2026-03-25 16:51:31.213360,2026-03-25,16:51:31.213360,LG,Spectroscopy- 1,1X10X,-5 DegC,NO,Full-Frame,VS1_T26_0219_003442_20260325_165131_LG_lev1_V2_1.fits,71.30861,48.0,56.346535,1.0,255.0,168.0,198.0,239.0,27527,0.0099562355324074,33,12321.0,32.072536,30.998125,765.3875,1989.5311,2.3644131397637795,0.7433150394395034,0.0827425520177142,0.999627715465096,0.0068463299144041,4.898718147769516,74.65882,67.95841,78.745,63.872223,1.0985957,1.2328521,41.714855,77.842224,1.8660553,-36.12737,0.0
52,2026-03-25 16:52:20.115825,2026-03-25,16:52:20.115825,HG,Spectroscopy- 1,1X10X,-5 DegC,NO,Full-Frame,VS1_T26_0219_003442_20260325_165220_HG_lev1_V2_1.fits,95.32289,47.0,86.88148,1.0,255.0,255.0,255.0,255.0,0,0.0,0,0.0,20.71976,19.28679,739.3511,801.2888,5.322070041106994,0.6330886914664864,0.1589915545896654,0.9996475247047644,0.0252783144308385,4.557673606464721,96.38895,94.25686,107.266075,83.3797,1.02262,1.2864771,39.553654,107.05311,2.706529,-67.49945,48.902465
53,2026-03-25 16:52:20.115825,2026-03-25,16:52:20.115825,LG,Spectroscopy- 1,1X10X,-5 DegC,NO,Full-Frame,VS1_T26_0219_003442_20260325_165220_LG_lev1_V2_1.fits,71.70766,48.0,56.45996,1.0,255.0,168.0,199.0,240.0,27064,0.0097887731481481,37,11150.0,32.39415,31.32196,762.56934,2030.4463,2.3879743949745253,0.7420477459033028,0.0821534858017293,0.9996255147056754,0.0067491952293749,4.904966586697888,75.17718,68.238106,79.33041,64.08491,1.1016891,1.2378953,42.054577,78.2342,1.8603016,-36.179623,0.0
54,2026-03-25 16:53:09.018540,2026-03-25,16:53:09.018540,HG,Spectroscopy- 1,1X10X,-5 DegC,NO,Full-Frame,VS1_T26_0219_003442_20260325_165309_HG_lev1_V2_1.fits,95.37058,47.0,86.883026,1.0,255.0,255.0,255.0,255.0,0,0.0,0,0.0,20.706507,19.281155,738.33594,800.52234,5.311925370541918,0.6330953158197969,0.1591286298193664,0.9996482102732768,0.0253219208281889,4.555057897428463,95.92178,94.81939,107.29492,83.44625,1.0116262,1.2857968,39.467705,107.14995,2.7148767,-67.68224,48.902715
55,2026-03-25 16:53:09.018540,2026-03-25,16:53:09.018540,LG,Spectroscopy- 1,1X10X,-5 DegC,NO,Full-Frame,VS1_T26_0219_003442_20260325_165309_LG_lev1_V2_1.fits,70.10247,46.0,56.23897,1.0,255.0,166.0,197.0,239.0,27038,0.0097793692129629,17,12085.0,31.194752,29.988379,771.59576,1872.4155,2.3376574079434924,0.7473865985790964,0.0846534614841929,0.9996305220696924,0.0071662085412557,4.880372195064961,73.245766,66.95919,77.71316,62.491783,1.0938866,1.243574,40.354183,76.66143,1.8997146,-36.307247,0.0
56,2026-03-25 16:53:57.921120,2026-03-25,16:53:57.921120,HG,Spectroscopy- 1,1X10X,-5 DegC,NO,Full-Frame,VS1_T26_0219_003442_20260325_165357_HG_lev1_V2_1.fits,95.43073,47.0,86.87233,2.0,255.0,255.0,255.0,255.0,0,0.0,0,0.0,20.671873,19.257399,761.4145,798.17377,5.304060039370079,0.6333604339592178,0.1591411485323595,0.9996486436196996,0.0253259051561985,4.558972328173036,96.6397,94.221756,107.755844,83.10561,1.0256623,1.2966133,39.756393,107.13939,2.6948972,-67.382996,48.90258
57,2026-03-25 16:53:57.921120,2026-03-25,16:53:57.921120,LG,Spectroscopy- 1,1X10X,-5 DegC,NO,Full-Frame,VS1_T26_0219_003442_20260325_165357_LG_lev1_V2_1.fits,71.81725,48.0,56.49132,1.0,255.0,169.0,199.0,240.0,27007,0.0097681568287037,34,10164.0,32.395058,31.32598,764.0118,2030.7567,2.3968178265400644,0.7407899098773444,0.0817730023828301,0.9996245437090786,0.0066868239187023,4.907252304013018,75.36338,68.271126,79.6594,63.975098,1.1038836,1.2451626,42.20263,78.32729,1.8559813,-36.124664,0.0
58,2026-03-25 16:54:46.823835,2026-03-25,16:54:46.823835,HG,Spectroscopy- 1,1X10X,-5 DegC,NO,Full-Frame,VS1_T26_0219_003442_20260325_165446_HG_lev1_V2_1.fits,95.61423,48.0,86.87024,1.0,255.0,255.0,255.0,255.0,0,0.0,0,0.0,20.72949,19.274027,772.17224,801.1999,5.348138967693377,0.6326033486997849,0.159357428072233,0.9996457065925404,0.0253947898817969,4.55872017825435,96.12229,95.10615,107.95637,83.27209,1.0106844,1.2964293,39.592514,107.42121,2.7131698,-67.8287,48.902715
59,2026-03-25 16:54:46.823835,2026-03-25,16:54:46.823835,LG,Spectroscopy- 1,1X10X,-5 DegC,NO,Full-Frame,VS1_T26_0219_003442_20260325_165446_LG_lev1_V2_1.fits,69.70369,46.0,56.17042,1.0,255.0,166.0,196.0,239.0,26944,0.0097453703703703,21,11196.0,30.883438,29.557236,762.2729,1827.417,2.312105213640574,0.7482182140234354,0.0852672656925234,0.9996336672737992,0.0072705065986793,4.872931674594657,72.71114,66.696205,77.57349,61.83389,1.0901841,1.2545464,40.043945,76.248184,1.9041127,-36.20424,0.0
60,2026-03-25 16:55:35.726425,2026-03-25,16:55:35.726425,LG,Spectroscopy- 1,1X10X,-5 DegC,NO,Full-Frame,VS1_T26_0219_003442_20260325_165535_LG_lev1_V2_1.fits,69.67036,46.0,56.127693,1.0,255.0,166.0,196.0,238.0,27304,0.0098755787037037,18,9683.0,30.695541,29.379986,750.4052,1805.3998,2.306024924733673,0.748688222519407,0.0851477133448063,0.9996340738370998,0.0072501330878493,4.872215103397667,72.76447,66.57624,77.820465,61.52025,1.0929495,1.264957,40.02841,76.1986,1.9036129,-36.17019,48.90259
61,2026-03-25 16:55:35.726425,2026-03-25,16:55:35.726425,HG,Spectroscopy- 1,1X10X,-5 DegC,NO,Full-Frame,VS1_T26_0219_003442_20260325_165535_HG_lev1_V2_1.fits,95.99957,48.0,86.81731,1.0,255.0,255.0,255.0,255.0,0,0.0,0,0.0,20.6372,19.232811,756.9848,795.795,5.337286504168596,0.6330425457670461,0.1596376111361714,0.9996459934370469,0.0254841668892634,4.562821876501083,96.58193,95.41724,108.94073,83.05841,1.0122063,1.3116158,39.98969,107.77149,2.694982,-67.7818,0.0
62,2026-03-25 16:56:24.629130,2026-03-25,16:56:24.629130,HG,Spectroscopy- 1,1X10X,-5 DegC,NO,Full-Frame,VS1_T26_0219_003442_20260325_165624_HG_lev1_V2_1.fits,96.57111,49.0,86.75101,1.0,255.0,255.0,255.0,255.0,0,0.0,0,0.0,20.584467,19.149017,762.21387,790.4052,5.371149114173228,0.6327176745193916,0.1601106308069651,0.9996432005437036,0.0256354140974042,4.572250958035679,96.55973,96.58248,110.10795,83.03427,0.99976444,1.3260542,40.52692,108.26173,2.6713533,-67.7348,48.902705
63,2026-03-25 16:56:24.629130,2026-03-25,16:56:24.629130,LG,Spectroscopy- 1,1X10X,-5 DegC,NO,Full-Frame,VS1_T26_0219_003442_20260325_165624_LG_lev1_V2_1.fits,68.01911,44.0,56.09014,1.0,255.0,164.0,194.0,236.0,27644,0.0099985532407407,29,9142.0,29.610666,28.19074,750.4052,1671.5096,2.26167351783233,0.752040445831617,0.0873278122112319,0.9996406327720327,0.0076261467856001,4.852518142568055,70.85308,65.18509,76.50641,59.531807,1.0869523,1.285135,38.106,74.5942,1.9575448,-36.4882,0.0
64,2026-03-25 16:57:13.531720,2026-03-25,16:57:13.531720,HG,Spectroscopy- 1,1X10X,-5 DegC,NO,Full-Frame,VS1_T26_0219_003442_20260325_165713_HG_lev1_V2_1.fits,95.65534,48.0,86.85519,1.0,255.0,255.0,255.0,255.0,0,0.0,0,0.0,20.71107,19.28983,751.2882,801.04584,5.351908073761001,0.63267553177161,0.1593329749160752,0.999645333010553,0.0253869968956066,4.558406926990923,96.357475,94.95319,107.81801,83.492676,1.0147892,1.2913469,39.68992,107.47928,2.7079742,-67.78936,48.90259
65,2026-03-25 16:57:13.531720,2026-03-25,16:57:13.531720,LG,Spectroscopy- 1,1X10X,-5 DegC,NO,Full-Frame,VS1_T26_0219_003442_20260325_165713_LG_lev1_V2_1.fits,70.4776,47.0,56.275074,1.0,255.0,167.0,197.0,239.0,27353,0.0098933015046296,32,11030.0,31.414644,30.152792,765.93994,1896.0708,2.3540488217924964,0.7449736523656076,0.0836768136504861,0.999628406554688,0.0070018091426981,4.8868229472989695,73.64531,67.309875,78.29116,62.66404,1.0941234,1.2493794,40.788017,77.05456,1.8891469,-36.26654,0.0
66,2026-03-25 16:58:02.434310,2026-03-25,16:58:02.434310,HG,Spectroscopy- 1,1X10X,-5 DegC,NO,Full-Frame,VS1_T26_0219_003442_20260325_165802_HG_lev1_V2_1.fits,95.49508,47.0,86.863716,1.0,255.0,255.0,255.0,255.0,0,0.0,0,0.0,20.712921,19.280045,757.2384,800.7452,5.296740389069013,0.6332030374974129,0.159149661476221,0.999649058601481,0.0253286147479957,4.557185924381837,96.32454,94.66556,107.46007,83.53008,1.0175246,1.2864834,39.554752,107.28326,2.7122722,-67.7285,48.90259
67,2026-03-25 16:58:02.434310,2026-03-25,16:58:02.434310,LG,Spectroscopy- 1,1X10X,-5 DegC,NO,Full-Frame,VS1_T26_0219_003442_20260325_165802_LG_lev1_V2_1.fits,70.90443,47.0,56.355637,1.0,255.0,167.0,198.0,240.0,26514,0.00958984375,28,11087.0,31.744694,30.547552,767.3656,1940.8785,2.358513417670218,0.7446532980989783,0.0833483839903384,0.9996287641188704,0.0069469531138009,4.8921820672163,74.138985,67.6699,78.58897,63.219883,1.0955977,1.2431052,41.19872,77.45607,1.8800602,-36.25735,0.0
68,2026-03-25 16:58:51.337025,2026-03-25,16:58:51.337025,HG,Spectroscopy- 1,1X10X,-5 DegC,NO,Full-Frame,VS1_T26_0219_003442_20260325_165851_HG_lev1_V2_1.fits,95.149124,47.0,86.9541,1.0,255.0,255.0,255.0,255.0,0,0.0,0,0.0,20.749067,19.279284,752.67255,802.2146,5.312181203682261,0.6328999577197276,0.1588220075855304,0.999648767408165,0.0252244300934983,4.557032360583604,96.0356,94.262596,106.53884,83.75941,1.0188092,1.2719626,39.225025,106.90285,2.7253735,-67.677826,48.902715
69,2026-03-25 16:58:51.337025,2026-03-25,16:58:51.337025,LG,Spectroscopy- 1,1X10X,-5 DegC,NO,Full-Frame,VS1_T26_0219_003442_20260325_165851_LG_lev1_V2_1.fits,71.43204,48.0,56.40074,1.0,255.0,168.0,198.0,240.0,26568,0.009609375,30,12163.0,32.23074,31.152805,765.0948,2009.3177,2.3710973685734134,0.7434057290748199,0.0826882857350809,0.9996273814873488,0.0068373525978063,4.900620732181545,74.76307,68.10102,78.77264,64.09143,1.097826,1.2290666,41.765877,77.97418,1.8669351,-36.208305,0.0
70,2026-03-25 16:59:40.239605,2026-03-25,16:59:40.239605,HG,Spectroscopy- 1,1X10X,-5 DegC,NO,Full-Frame,VS1_T26_0219_003442_20260325_165940_HG_lev1_V2_1.fits,95.085014,47.0,86.96654,1.0,255.0,255.0,255.0,255.0,0,0.0,0,0.0,20.736374,19.364971,754.39246,804.9993,5.3234631918712365,0.6327771149428707,0.1587774236874062,0.9996481216596872,0.0252102702728101,4.555978552991543,95.98075,94.189255,106.26945,83.90059,1.0190202,1.2666115,39.17423,106.83065,2.7270646,-67.65642,48.90258
71,2026-03-25 16:59:40.239605,2026-03-25,16:59:40.239605,LG,Spectroscopy- 1,1X10X,-5 DegC,NO,Full-Frame,VS1_T26_0219_003442_20260325_165940_LG_lev1_V2_1.fits,71.5986,48.0,56.399357,1.0,255.0,168.0,198.0,240.0,26757,0.009677734375,30,12465.0,32.31935,31.278183,766.82465,2022.8652,2.3862002084298286,0.7425808946599479,0.0822521696965979,0.9996249869527142,0.0067654194197979,4.903002121389529,74.947235,68.24998,78.77815,64.41905,1.0981283,1.2229015,41.93771,78.11692,1.8626893,-36.17921,0.0
72,2026-03-25 17:00:29.142320,2026-03-25,17:00:29.142320,HG,Spectroscopy- 1,1X10X,-5 DegC,NO,Full-Frame,VS1_T26_0219_003442_20260325_170029_HG_lev1_V2_1.fits,94.97866,47.0,86.94563,1.0,255.0,255.0,255.0,255.0,0,0.0,0,0.0,20.768126,19.35947,752.64465,806.10406,5.320827422996757,0.6326640704604971,0.1585445871911124,0.9996481278621842,0.0251363861276002,4.552615544480049,95.82899,94.12834,105.52043,84.43689,1.0180674,1.2496959,39.047104,106.70976,2.732847,-67.66266,48.902715
73,2026-03-25 17:00:29.142320,2026-03-25,17:00:29.142320,LG,Spectroscopy- 1,1X10X,-5 DegC,NO,Full-Frame,VS1_T26_0219_003442_20260325_170029_LG_lev1_V2_1.fits,72.057205,49.0,56.424496,1.0,255.0,169.0,199.0,240.0,27625,0.0099916811342592,46,13347.0,32.654903,31.708237,763.17755,2071.7551,2.3931380992357574,0.7424197701264369,0.0814240366055482,0.9996242324895084,0.0066298737371416,4.912574270415449,75.500465,68.613976,78.91148,65.20293,1.1003658,1.2102445,42.431152,78.55635,1.8513838,-36.1252,0.0
74,2026-03-25 17:01:18.044910,2026-03-25,17:01:18.044910,LG,Spectroscopy- 1,1X10X,-5 DegC,NO,Full-Frame,VS1_T26_0219_003442_20260325_170118_LG_lev1_V2_1.fits,73.54242,50.0,56.60854,1.0,255.0,170.0,200.0,242.0,26299,0.0095120804398148,42,12483.0,33.660378,32.780804,770.7788,2207.6023,2.461685820981936,0.7380851744430218,0.0794739319455435,0.999615975346686,0.0063161058588848,4.930829623478904,77.222565,69.862274,80.32767,66.75717,1.1053543,1.2032815,43.993103,80.02199,1.8189666,-36.028885,48.90259
75,2026-03-25 17:01:18.044910,2026-03-25,17:01:18.044910,HG,Spectroscopy- 1,1X10X,-5 DegC,NO,Full-Frame,VS1_T26_0219_003442_20260325_170118_HG_lev1_V2_1.fits,94.94025,47.0,86.92199,1.0,255.0,255.0,255.0,255.0,0,0.0,0,0.0,20.78004,19.386457,766.0392,807.64484,5.326561414427976,0.6324445695390917,0.1584418353874905,0.99964755537576,0.0251038152009566,4.55333480012229,96.23494,93.645584,105.38155,84.49894,1.0276506,1.2471347,39.194572,106.60197,2.7198145,-67.407394,0.0
76,2026-03-25 17:02:06.947615,2026-03-25,17:02:06.947615,HG,Spectroscopy- 1,1X10X,-5 DegC,NO,Full-Frame,VS1_T26_0219_003442_20260325_170206_HG_lev1_V2_1.fits,94.87918,47.0,86.97424,1.0,255.0,255.0,255.0,255.0,0,0.0,0,0.0,20.789392,19.378382,754.7516,807.7206,5.328455013895322,0.6325305082381876,0.1583618178464587,0.9996478544054896,0.0250784653516349,4.554736000393542,95.84025,93.91812,105.00177,84.75659,1.020466,1.2388626,39.02532,106.57022,2.730797,-67.54491,48.902705
77,2026-03-25 17:02:06.947615,2026-03-25,17:02:06.947615,LG,Spectroscopy- 1,1X10X,-5 DegC,NO,Full-Frame,VS1_T26_0219_003442_20260325_170206_LG_lev1_V2_1.fits,72.844185,50.0,56.51082,1.0,255.0,169.0,199.0,241.0,27565,0.0099699797453703,50,13516.0,33.273415,32.31665,770.187,2151.4858,2.435633901690597,0.7386300977173041,0.0799603931348608,0.9996187260811056,0.0063936644702815,4.924167599126712,76.33506,69.3533,79.49821,66.19016,1.1006694,1.2010578,43.234257,79.32839,1.8348504,-36.094135,0.0
78,2026-03-25 17:02:55.850205,2026-03-25,17:02:55.850205,HG,Spectroscopy- 1,1X10X,-5 DegC,NO,Full-Frame,VS1_T26_0219_003442_20260325_170255_HG_lev1_V2_1.fits,94.85735,47.0,86.98061,1.0,255.0,255.0,255.0,255.0,0,0.0,0,0.0,20.763021,19.324848,752.0492,804.55286,5.300098787054192,0.632884549416288,0.1583462427454311,0.9996497798646146,0.0250735325915949,4.553807075932332,95.89734,93.81737,104.84915,84.865555,1.0221704,1.2354736,38.862343,106.57604,2.7423987,-67.7137,48.90259
79,2026-03-25 17:02:55.850205,2026-03-25,17:02:55.850205,LG,Spectroscopy- 1,1X10X,-5 DegC,NO,Full-Frame,VS1_T26_0219_003442_20260325_170255_LG_lev1_V2_1.fits,73.13722,50.0,56.548088,1.0,255.0,170.0,200.0,242.0,26358,0.0095334201388888,49,13199.0,33.44222,32.52993,771.0318,2176.5786,2.431806898448356,0.7378181720459364,0.0797251591430156,0.9996198261194232,0.0063561010003791,4.926468933610815,76.658325,69.61609,79.70875,66.5657,1.1011581,1.1974448,43.56927,79.6199,1.8274325,-36.050632,0.0
80,2026-03-25 17:03:44.752795,2026-03-25,17:03:44.752795,HG,Spectroscopy- 1,1X10X,-5 DegC,NO,Full-Frame,VS1_T26_0219_003442_20260325_170344_HG_lev1_V2_1.fits,94.870674,47.0,86.96016,1.0,255.0,255.0,255.0,255.0,0,0.0,0,0.0,20.80055,19.361696,738.14496,807.53827,5.311944187123668,0.6325811158177149,0.1583454273328292,0.9996488320339548,0.0250732743572163,4.553795220681759,95.90255,93.8388,104.67026,85.0711,1.0219926,1.2303857,38.92401,106.5913,2.738446,-67.66729,48.90259
81,2026-03-25 17:03:44.752795,2026-03-25,17:03:44.752795,LG,Spectroscopy- 1,1X10X,-5 DegC,NO,Full-Frame,VS1_T26_0219_003442_20260325_170344_LG_lev1_V2_1.fits,73.32083,50.0,56.532146,1.0,255.0,170.0,200.0,242.0,26589,0.0096169704861111,50,13303.0,33.52442,32.569416,770.48035,2184.6538,2.4396801904817043,0.7371208152014971,0.0796387315717468,0.9996183790738288,0.0063423275663567,4.927067891159718,76.84864,69.79305,79.77747,66.86419,1.1010929,1.193127,43.722767,79.818924,1.8255689,-36.096157,0.0
82,2026-03-25 17:04:33.655500,2026-03-25,17:04:33.655500,HG,Spectroscopy- 1,1X10X,-5 DegC,NO,Full-Frame,VS1_T26_0219_003442_20260325_170433_HG_lev1_V2_1.fits,94.86424,47.0,86.92421,1.0,255.0,255.0,255.0,255.0,0,0.0,0,0.0,20.794401,19.362173,741.2422,807.3009,5.317590247220935,0.6320532223507043,0.1581501312148272,0.9996481675465484,0.025011464003267,4.553776282709623,95.97739,93.75113,104.29789,85.43059,1.0237465,1.2208495,38.983154,106.56125,2.7335205,-67.578094,48.902705
83,2026-03-25 17:04:33.655500,2026-03-25,17:04:33.655500,LG,Spectroscopy- 1,1X10X,-5 DegC,NO,Full-Frame,VS1_T26_0219_003442_20260325_170433_LG_lev1_V2_1.fits,73.898285,51.0,56.547474,1.0,255.0,170.0,200.0,242.0,27392,0.0099074074074074,50,13551.0,33.84168,32.96659,758.0831,2232.0554,2.450999449976841,0.736717765219761,0.0790608908860377,0.9996168159607094,0.0062506244676939,4.934141270954248,77.55925,70.23731,80.20875,67.58783,1.1042457,1.1867336,44.466793,80.3493,1.8069506,-35.882504,0.0
84,2026-03-25 17:05:22.558215,2026-03-25,17:05:22.558215,HG,Spectroscopy- 1,1X10X,-5 DegC,NO,Full-Frame,VS1_T26_0219_003442_20260325_170522_HG_lev1_V2_1.fits,94.751114,47.0,86.98535,1.0,255.0,255.0,255.0,255.0,0,0.0,0,0.0,20.782475,19.354116,744.82886,806.493,5.310648737841594,0.6324244656601933,0.1579876275001879,0.9996491197976252,0.0249600904431381,4.556552063666323,95.95984,93.54234,104.07658,85.42565,1.0258439,1.2183293,38.8954,106.43707,2.736495,-67.54167,48.902715
85,2026-03-25 17:05:22.558215,2026-03-25,17:05:22.558215,LG,Spectroscopy- 1,1X10X,-5 DegC,NO,Full-Frame,VS1_T26_0219_003442_20260325_170522_LG_lev1_V2_1.fits,74.20333,51.0,56.609776,1.0,255.0,171.0,200.0,243.0,26238,0.0094900173611111,51,13031.0,34.051056,33.24322,769.0527,2264.5862,2.4806862262621583,0.7358274252348391,0.0788930694611683,0.9996130265675822,0.0062241164090047,4.937800128310568,77.86559,70.54104,80.443726,67.96294,1.1038339,1.1836411,44.625378,80.64357,1.8071235,-36.018192,0.0
86,2026-03-25 17:06:11.460680,2026-03-25,17:06:11.460680,LG,Spectroscopy- 1,1X10X,-5 DegC,NO,Full-Frame,VS1_T26_0219_003442_20260325_170611_LG_lev1_V2_1.fits,73.56237,50.0,56.53754,1.0,255.0,170.0,200.0,242.0,27153,0.0098209635416666,43,13667.0,33.610012,32.727917,763.11597,2200.7495,2.437875607920333,0.7378501772912112,0.0794213545014374,0.9996187343685216,0.006307751550843,4.930862923675306,77.15369,69.97106,79.85638,67.26837,1.1026514,1.1871312,44.06981,80.05133,1.8164665,-35.98152,48.902465
87,2026-03-25 17:06:11.460680,2026-03-25,17:06:11.460680,HG,Spectroscopy- 1,1X10X,-5 DegC,NO,Full-Frame,VS1_T26_0219_003442_20260325_170611_HG_lev1_V2_1.fits,94.917595,47.0,86.90541,1.0,255.0,255.0,255.0,255.0,0,0.0,0,0.0,20.804056,19.368454,731.4602,807.94574,5.320351580592867,0.6321444211061251,0.1581264519103502,0.9996478325744336,0.0250039747937563,4.553869386107879,95.933945,93.9013,104.28905,85.546135,1.0216466,1.2190971,38.99564,106.63453,2.7345245,-67.638885,0.0
88,2026-03-25 17:07:00.363260,2026-03-25,17:07:00.363260,HG,Spectroscopy- 1,1X10X,-5 DegC,NO,Full-Frame,VS1_T26_0219_003442_20260325_170700_HG_lev1_V2_1.fits,94.7711,47.0,86.96746,0.0,255.0,255.0,255.0,255.0,0,0.0,0,0.0,20.787914,19.344183,747.83954,806.3347,5.321556565539602,0.6322024254662242,0.157961702191193,0.9996482546061932,0.0249518993591391,4.556441938512956,96.044754,93.49744,103.95509,85.587105,1.0272448,1.2146116,38.949055,106.455475,2.733198,-67.506424,48.90258
89,2026-03-25 17:07:00.363260,2026-03-25,17:07:00.363260,LG,Spectroscopy- 1,1X10X,-5 DegC,NO,Full-Frame,VS1_T26_0219_003442_20260325_170700_LG_lev1_V2_1.fits,74.42261,51.0,56.62116,1.0,255.0,171.0,201.0,243.0,26572,0.0096108217592592,60,12923.0,34.3827,33.563984,764.3206,2308.7112,2.480262491315424,0.7345155986584119,0.0784410039768142,0.999613246566487,0.0061529911048905,4.94178441765996,78.11104,70.73418,80.568726,68.276474,1.1042899,1.1800364,44.928463,80.87789,1.8001482,-35.94943,0.0
90,2026-03-25 17:07:49.265975,2026-03-25,17:07:49.265975,HG,Spectroscopy- 1,1X10X,-5 DegC,NO,Full-Frame,VS1_T26_0219_003442_20260325_170749_HG_lev1_V2_1.fits,94.882126,47.0,86.94094,0.0,255.0,255.0,255.0,255.0,0,0.0,0,0.0,20.822704,19.349031,747.20013,807.97,5.343807173459935,0.6315631956328231,0.1581595993700508,0.9996465691368732,0.0250144588728949,4.553847138260135,95.56872,94.195496,103.71229,86.05197,1.0145785,1.2052284,38.84154,106.607834,2.744686,-67.7663,48.902715
91,2026-03-25 17:07:49.265975,2026-03-25,17:07:49.265975,LG,Spectroscopy- 1,1X10X,-5 DegC,NO,Full-Frame,VS1_T26_0219_003442_20260325_170749_LG_lev1_V2_1.fits,72.899,49.0,56.482624,1.0,255.0,169.0,199.0,243.0,26221,0.0094838686342592,23,18782.0,33.295,32.34033,770.48035,2154.4539,2.4310828219082903,0.7388843407957372,0.0802267073014713,0.9996190585141222,0.0064363245644359,4.923443689124472,76.27793,69.520096,78.934654,66.86336,1.097207,1.1805367,43.296513,79.3708,1.8331914,-36.074284,0.0
92,2026-03-25 17:08:38.168565,2026-03-25,17:08:38.168565,HG,Spectroscopy- 1,1X10X,-5 DegC,NO,Full-Frame,VS1_T26_0219_003442_20260325_170838_HG_lev1_V2_1.fits,94.913445,47.0,86.911354,1.0,255.0,255.0,255.0,255.0,0,0.0,0,0.0,20.74276,19.300804,755.4734,802.78314,5.283897348309403,0.6321383281881638,0.1579249264408983,0.9996502927065596,0.0249402823913631,4.5559894571275175,96.280174,93.546715,104.28313,85.54376,1.0292202,1.2190617,39.10017,106.647446,2.7275443,-67.54727,48.90259
93,2026-03-25 17:08:38.168565,2026-03-25,17:08:38.168565,LG,Spectroscopy- 1,1X10X,-5 DegC,NO,Full-Frame,VS1_T26_0219_003442_20260325_170838_LG_lev1_V2_1.fits,74.5233,51.0,56.69562,1.0,255.0,171.0,201.0,243.0,26360,0.0095341435185185,64,12561.0,34.448513,33.633175,776.1765,2317.8906,2.485515212482631,0.7333060577780023,0.0779383865304902,0.999613445956236,0.0060743920949761,4.947251869554709,78.31132,70.73526,80.83744,68.20915,1.1071044,1.1851407,44.949345,81.02592,1.802605,-36.076572,0.0
94,2026-03-25 17:09:27.071280,2026-03-25,17:09:27.071280,HG,Spectroscopy- 1,1X10X,-5 DegC,NO,Full-Frame,VS1_T26_0219_003442_20260325_170927_HG_lev1_V2_1.fits,95.030655,47.0,86.94379,1.0,255.0,255.0,255.0,255.0,0,0.0,0,0.0,20.77455,19.330927,745.69696,805.26666,5.31864361394164,0.6322193358234899,0.1583134666200411,0.999648255100883,0.0250631537132548,4.555768353251397,96.02165,94.03966,104.7677,85.29361,1.0210762,1.2283183,39.016426,106.83806,2.738284,-67.82163,48.902715
95,2026-03-25 17:09:27.071280,2026-03-25,17:09:27.071280,LG,Spectroscopy- 1,1X10X,-5 DegC,NO,Full-Frame,VS1_T26_0219_003442_20260325_170927_LG_lev1_V2_1.fits,73.1509,50.0,56.547672,1.0,255.0,170.0,199.0,242.0,26299,0.0095120804398148,37,13110.0,33.486805,32.488693,766.5246,2176.8816,2.460854996526169,0.7372873455023342,0.0796560281016627,0.999615278540538,0.0063450828129328,4.92752206848793,76.62501,69.67678,79.684906,66.6169,1.0997208,1.1961665,43.532738,79.68811,1.8305329,-36.155373,0.0
96,2026-03-25 17:10:15.973860,2026-03-25,17:10:15.973860,HG,Spectroscopy- 1,1X10X,-5 DegC,NO,Full-Frame,VS1_T26_0219_003442_20260325_171015_HG_lev1_V2_1.fits,95.00415,47.0,86.94825,1.0,255.0,255.0,255.0,255.0,0,0.0,0,0.0,20.759094,19.283537,748.0762,802.7948,5.293572328045391,0.6321771295133636,0.1580697719728531,0.9996499488613548,0.0249860528115497,4.557975480258481,96.35026,93.65802,104.95463,85.05367,1.0287454,1.2339811,39.041225,106.801155,2.7355995,-67.75993,48.90258
97,2026-03-25 17:10:15.973860,2026-03-25,17:10:15.973860,LG,Spectroscopy- 1,1X10X,-5 DegC,NO,Full-Frame,VS1_T26_0219_003442_20260325_171015_LG_lev1_V2_1.fits,74.132286,51.0,56.664005,1.0,255.0,171.0,201.0,242.0,26996,0.0097641782407407,58,12310.0,33.914635,33.062897,771.32227,2243.3577,2.4557600451597965,0.7358814576877155,0.0788656444064514,0.99961764648539,0.0062197898676448,4.93857518456931,77.80145,70.46311,80.79808,67.46649,1.1041445,1.1976031,44.483746,80.66273,1.8133079,-36.17898,0.0
98,2026-03-25 17:11:04.876575,2026-03-25,17:11:04.876575,HG,Spectroscopy- 1,1X10X,-5 DegC,NO,Full-Frame,VS1_T26_0219_003442_20260325_171104_HG_lev1_V2_1.fits,95.05803,47.0,86.953766,2.0,255.0,255.0,255.0,255.0,0,0.0,0,0.0,20.738028,19.26651,765.17316,801.2643,5.302347730430754,0.6323899913097061,0.1583150637615983,0.9996494135596872,0.0250636594138389,4.556510127375782,95.97524,94.140785,104.888794,85.22726,1.0194863,1.2306954,39.023624,106.88701,2.7390335,-67.86339,48.902715
99,2026-03-25 17:11:04.876575,2026-03-25,17:11:04.876575,LG,Spectroscopy- 1,1X10X,-5 DegC,NO,Full-Frame,VS1_T26_0219_003442_20260325_171104_LG_lev1_V2_1.fits,72.84167,49.0,56.551945,1.0,255.0,169.0,199.0,241.0,27323,0.0098824508101851,40,13323.0,33.100685,32.121998,770.187,2127.4778,2.422019019221862,0.7391589211817524,0.0802222181202852,0.9996214076980452,0.0064356042801386,4.9242108167581335,76.303024,69.380325,79.45361,66.22972,1.099779,1.1996671,43.09361,79.42066,1.84298,-36.327053,0.0
