DATE-OBS,filename,Brightness_Index,Texture_Index,Gradient_Index,Morphology_Index,Spatial_Index,Coronal_Index,VELC_Scientific_Activity
2026-03-24T03:56:21.921680000,VS1_T26_0212_003435_20260324_035621_HG_lev1_V2_1.fits,0.6922638537062344,0.6464640877064002,0.0566596947433607,0.0,0.8379294224337784,0.6366514038159574,0.47832807706762176
2026-03-24T03:56:21.921680000,VS1_T26_0212_003435_20260324_035621_LG_lev1_V2_1.fits,0.3272855653851949,0.4384911905917848,0.5060600159548683,0.6828336307287753,0.25112369536698326,0.35083802162610683,0.4261053532756189
2026-03-24T03:57:10.824395000,VS1_T26_0212_003435_20260324_035710_HG_lev1_V2_1.fits,0.691067840417198,0.6489951071343404,0.17019764715521535,0.0,0.8103690800066851,0.6234481728546165,0.49067964126134256
2026-03-24T03:57:10.824395000,VS1_T26_0212_003435_20260324_035710_LG_lev1_V2_1.fits,0.36155001644125456,0.42612317485516155,0.5890665929825414,0.6601826634109692,0.25364629068911876,0.39198040718864724,0.4470915242612821
2026-03-24T03:57:59.726975000,VS1_T26_0212_003435_20260324_035759_HG_lev1_V2_1.fits,0.6910515293256557,0.645340110828491,0.09330794795538234,0.0,0.8076344325510375,0.6238686572490976,0.47686711298494405
2026-03-24T03:57:59.726975000,VS1_T26_0212_003435_20260324_035759_LG_lev1_V2_1.fits,0.36495889841530443,0.43094744151420644,0.5266153964696765,0.7717411720510894,0.2547701848399569,0.39827621848240324,0.4578848852954395
2026-03-24T03:58:48.629690000,VS1_T26_0212_003435_20260324_035848_HG_lev1_V2_1.fits,0.6904996040164454,0.6500892037466639,0.13512845013531538,0.0,0.7958673816633463,0.6192505985534991,0.48180587301921163
2026-03-24T03:58:48.629690000,VS1_T26_0212_003435_20260324_035848_LG_lev1_V2_1.fits,0.3711597822180899,0.4213366116811226,0.5599977296539573,0.7575248873027799,0.24980199523220092,0.4003991725230634,0.46003669643520234
2026-03-24T03:59:37.532405000,VS1_T26_0212_003435_20260324_035937_HG_lev1_V2_1.fits,0.6697708727649088,0.6328000094224616,0.16819753673807386,0.0,0.7739209765298193,0.6131248562421875,0.47630237528290853
2026-03-24T03:59:37.532405000,VS1_T26_0212_003435_20260324_035937_LG_lev1_V2_1.fits,0.3899207291630154,0.40787624785983717,0.6272530416090337,0.737885048835462,0.23717043077234679,0.4011127815829447,0.4668697133037732
2026-03-25T16:35:13.160620000,VS1_T26_0219_003442_20260325_163513_HG_lev1_V2_1.fits,0.6240490605039998,0.6426437406722967,0.24183020097805472,0.0,0.6172686871511082,0.5036455237294141,0.43823953550581224
2026-03-25T16:35:13.160620000,VS1_T26_0219_003442_20260325_163513_LG_lev1_V2_1.fits,0.4340009129073103,0.36775220039142703,0.8370911447545407,0.6183144722013524,0.2038124716522338,0.4268357417892543,0.48130115728268646
2026-03-25T16:36:02.063210000,VS1_T26_0219_003442_20260325_163602_HG_lev1_V2_1.fits,0.6246080406104723,0.6362322102939518,0.167286578492582,0.0,0.5970553672865606,0.5036961448143752,0.4214797235829903
2026-03-25T16:36:02.063210000,VS1_T26_0219_003442_20260325_163602_LG_lev1_V2_1.fits,0.3574329509351629,0.42506822601848354,0.7254572205903866,0.7198887114951165,0.14890686645990006,0.35226303831392275,0.4548361689688288
2026-03-25T16:36:50.965800000,VS1_T26_0219_003442_20260325_163650_HG_lev1_V2_1.fits,0.6242277820346407,0.641287323818018,0.1566128375373029,0.0,0.6001193336075419,0.5036995709903157,0.42099114133130316
2026-03-25T16:36:50.965800000,VS1_T26_0219_003442_20260325_163650_LG_lev1_V2_1.fits,0.39301293550576827,0.3869337019823993,0.7765244574074057,0.6693275732531931,0.17720388344873853,0.3951766294028789,0.4663631968333974
2026-03-25T16:37:39.868505000,VS1_T26_0219_003442_20260325_163739_HG_lev1_V2_1.fits,0.6244392758504355,0.6433274255834192,0.145015230854309,0.0,0.5868144637186824,0.5039603441483821,0.417259456692538
2026-03-25T16:37:39.868505000,VS1_T26_0219_003442_20260325_163739_LG_lev1_V2_1.fits,0.3542688684880226,0.4123200165620397,0.7425392287081123,0.6454263711495116,0.14196392946993486,0.35246631830684405,0.44149745544741087
2026-03-25T16:38:28.771095000,VS1_T26_0219_003442_20260325_163828_HG_lev1_V2_1.fits,0.6244218640103841,0.638801977010412,0.16451458843536032,0.0,0.595499315468099,0.5053758262323794,0.42143559519277246
2026-03-25T16:38:28.771095000,VS1_T26_0219_003442_20260325_163828_LG_lev1_V2_1.fits,0.3687282732715837,0.3898905141407099,0.7325788520520443,0.6475453136739294,0.16265650530972964,0.37616042675570416,0.4462599808672836
2026-03-25T16:39:17.673685000,VS1_T26_0219_003442_20260325_163917_HG_lev1_V2_1.fits,0.6241650894036516,0.6473378931306462,0.1936553212743704,0.0,0.6026919939740878,0.502841292019628,0.42844859830039733
2026-03-25T16:39:17.673685000,VS1_T26_0219_003442_20260325_163917_LG_lev1_V2_1.fits,0.370099373061621,0.4083983380014687,0.7805497405718778,0.6744811232156274,0.16812115778088035,0.38084834701477366,0.4637496799410415
2026-03-25T16:40:06.576390000,VS1_T26_0219_003442_20260325_164006_HG_lev1_V2_1.fits,0.624544597469136,0.6462257918230297,0.14085947275765115,0.0,0.6170787443050277,0.503925239721524,0.42210564101272813
2026-03-25T16:40:06.576390000,VS1_T26_0219_003442_20260325_164006_LG_lev1_V2_1.fits,0.36822166729348144,0.42449855371049067,0.7252512268307987,0.7109375,0.1685829146190857,0.3590214534775806,0.45941888598857283
2026-03-25T16:40:55.479105000,VS1_T26_0219_003442_20260325_164055_HG_lev1_V2_1.fits,0.624888881582333,0.6481142503059111,0.20937656908528787,0.0,0.6347568241897101,0.5073250428460586,0.4374102613348834
2026-03-25T16:40:55.479105000,VS1_T26_0219_003442_20260325_164055_LG_lev1_V2_1.fits,0.37899070338728713,0.4016023144688558,0.7781067806238732,0.7040347952667168,0.18841973382018426,0.38239293899551063,0.47225787776040457
2026-03-25T16:41:44.381695000,VS1_T26_0219_003442_20260325_164144_HG_lev1_V2_1.fits,0.6249529251319468,0.6526830350123674,0.13314943071374447,0.0,0.6484358866504975,0.5072650045922339,0.42774771368346504
2026-03-25T16:41:44.381695000,VS1_T26_0219_003442_20260325_164144_LG_lev1_V2_1.fits,0.4119489360732033,0.3955777175909545,0.8134309874588724,0.6650133827948911,0.2161519099096032,0.4158435241747473,0.4863277430003787
2026-03-25T16:42:33.284275000,VS1_T26_0219_003442_20260325_164233_HG_lev1_V2_1.fits,0.624715563726191,0.6521638598113427,0.22320110701851165,0.0,0.6625918826642784,0.5094127578989278,0.4453475285198752
2026-03-25T16:42:33.284275000,VS1_T26_0219_003442_20260325_164233_LG_lev1_V2_1.fits,0.428678949310018,0.3937873750994995,0.8327707756600767,0.535963326446281,0.22804943188199303,0.42162711469245623,0.47347949551505414
2026-03-25T16:43:22.186990000,VS1_T26_0219_003442_20260325_164322_HG_lev1_V2_1.fits,0.625382417186544,0.6539245252512891,0.17490605428684297,0.0,0.653927812541011,0.509891986435119,0.4363387992834677
2026-03-25T16:43:22.186990000,VS1_T26_0219_003442_20260325_164322_LG_lev1_V2_1.fits,0.37304466836736855,0.40913874914169734,0.7820212766520745,0.6753322220135236,0.20039056578904146,0.3775966869316293,0.4695873614825558
2026-03-25T16:44:11.089580000,VS1_T26_0219_003442_20260325_164411_HG_lev1_V2_1.fits,0.6247793070716658,0.6518227268630774,0.13455000089749902,0.0,0.6730581621308888,0.5139293522017897,0.4330232581941535
2026-03-25T16:44:11.089580000,VS1_T26_0219_003442_20260325_164411_LG_lev1_V2_1.fits,0.49460686907682144,0.3483864318247971,0.9379783511141837,0.7056137302779865,0.2731934439178588,0.5059793492689095,0.5442930292467595
2026-03-25T16:44:59.992295000,VS1_T26_0219_003442_20260325_164459_HG_lev1_V2_1.fits,0.6244155096894459,0.652546909713774,0.1749679205376548,0.0,0.6642441627896456,0.509903342293046,0.437679640837261
2026-03-25T16:44:59.992295000,VS1_T26_0219_003442_20260325_164459_LG_lev1_V2_1.fits,0.460951404787438,0.37147811529627334,0.8781549970840004,0.5435175619834711,0.24370301895617175,0.4546270448639511,0.492072023828551
2026-03-25T16:45:48.894875000,VS1_T26_0219_003442_20260325_164548_HG_lev1_V2_1.fits,0.6247604942789667,0.6530788444183756,0.2032847973242748,0.0,0.6848704705433258,0.5165995958790249,0.44709903374066134
2026-03-25T16:45:48.894875000,VS1_T26_0219_003442_20260325_164548_LG_lev1_V2_1.fits,0.46040216441086085,0.3622899388544096,0.8554629857327016,0.6389580202854996,0.2638054820257974,0.465827489887326,0.5077910135327658
2026-03-25T16:46:37.797590000,VS1_T26_0219_003442_20260325_164637_HG_lev1_V2_1.fits,0.6248801756623076,0.6481703606864043,0.10571089253354843,0.0,0.6738413875493081,0.5165652648257673,0.4281946802095559
2026-03-25T16:46:37.797590000,VS1_T26_0219_003442_20260325_164637_LG_lev1_V2_1.fits,0.43032184801492424,0.3786839364481788,0.8544002336538906,0.560609973703982,0.24484125634288004,0.435328833567613,0.4840310136219115
2026-03-25T16:47:26.700180000,VS1_T26_0219_003442_20260325_164726_HG_lev1_V2_1.fits,0.6249795432322551,0.6568272139775236,0.09618042512090107,0.0,0.7002062705950252,0.5227968387588076,0.43349838194741874
2026-03-25T16:47:26.700180000,VS1_T26_0219_003442_20260325_164726_LG_lev1_V2_1.fits,0.4936403894457057,0.35494881029793435,0.9123298035844543,0.7197713185574756,0.2874309484872804,0.49393236664014406,0.5436756061688324
2026-03-25T16:48:15.602760000,VS1_T26_0219_003442_20260325_164815_HG_lev1_V2_1.fits,0.6247279721639286,0.6582596176947003,0.18188044737960182,0.0,0.6924491751102205,0.5140573253089846,0.4452290896095727
2026-03-25T16:48:15.602760000,VS1_T26_0219_003442_20260325_164815_LG_lev1_V2_1.fits,0.3933165776815723,0.3882253471025623,0.8337689595816193,0.5515648478587528,0.24227604681481427,0.4130007011460653,0.47035874669756444
2026-03-25T16:49:04.505475000,VS1_T26_0219_003442_20260325_164904_HG_lev1_V2_1.fits,0.6251492086047082,0.654127256124759,0.13453190465167303,0.0,0.723430855576757,0.5253269551353427,0.44376103001553996
2026-03-25T16:49:04.505475000,VS1_T26_0219_003442_20260325_164904_LG_lev1_V2_1.fits,0.4657409369040094,0.3459356043399054,0.9087521458677925,0.6583572032306537,0.2955594447501863,0.4826969524453738,0.5261737145896536
2026-03-25T16:49:53.408065000,VS1_T26_0219_003442_20260325_164953_HG_lev1_V2_1.fits,0.625241271207278,0.6546591143111481,0.13752744067214137,0.0,0.7061915472424372,0.5210072659930726,0.44077110657101287
2026-03-25T16:49:53.408065000,VS1_T26_0219_003442_20260325_164953_LG_lev1_V2_1.fits,0.3947954609406306,0.3843426723866734,0.8568831425434863,0.5648654676934636,0.2525999234402343,0.4123536283584071,0.47764004922714914
2026-03-25T16:50:42.310780000,VS1_T26_0219_003442_20260325_165042_HG_lev1_V2_1.fits,0.6258129599556269,0.6556313399679078,0.18889590198614645,0.0,0.7295449835876022,0.5326132020806653,0.45541639792965816
2026-03-25T16:50:42.310780000,VS1_T26_0219_003442_20260325_165042_LG_lev1_V2_1.fits,0.4546468244448558,0.3639849611622748,0.8838272339157278,0.5520050713749061,0.29278983318991264,0.46579111950192104,0.5021741739315997
2026-03-25T16:51:31.213360000,VS1_T26_0219_003442_20260325_165131_HG_lev1_V2_1.fits,0.625514406939576,0.6614976067073153,0.12526201105426576,0.0,0.724827664898712,0.5257683203334597,0.44381166832222146
2026-03-25T16:51:31.213360000,VS1_T26_0219_003442_20260325_165131_LG_lev1_V2_1.fits,0.4207998856824929,0.3885193891502916,0.8155716508051163,0.5470921769346356,0.2677437342970516,0.42052542259720316,0.4767087099111318
2026-03-25T16:52:20.115825000,VS1_T26_0219_003442_20260325_165220_HG_lev1_V2_1.fits,0.6264077143886413,0.6530897968993027,0.11738384242021768,0.0,0.7414701639359739,0.5332282408349427,0.44526329307984636
2026-03-25T16:52:20.115825000,VS1_T26_0219_003442_20260325_165220_LG_lev1_V2_1.fits,0.42787187887032807,0.3788333257621117,0.8214897445775865,0.5508487509391435,0.28420956204981523,0.433966569279479,0.48286997191307734
2026-03-25T16:53:09.018540000,VS1_T26_0219_003442_20260325_165309_HG_lev1_V2_1.fits,0.6266463266449758,0.6551700391353118,0.11267956383876387,0.0,0.7303220489206984,0.5315469712151867,0.44272749162582276
2026-03-25T16:53:09.018540000,VS1_T26_0219_003442_20260325_165309_LG_lev1_V2_1.fits,0.3634130630725184,0.4040063362780322,0.790200314645254,0.41655123027798646,0.24807507092376901,0.36931521309762944,0.43192687138253166
2026-03-25T16:53:57.921120000,VS1_T26_0219_003442_20260325_165357_HG_lev1_V2_1.fits,0.6269472812941371,0.6587606607650144,0.20796287688751264,0.0,0.7566590183921035,0.5391819498984611,0.46491863120620475
2026-03-25T16:53:57.921120000,VS1_T26_0219_003442_20260325_165357_LG_lev1_V2_1.fits,0.4294009375122709,0.3729226768828076,0.8276659184914048,0.5042613636363636,0.2958559245754946,0.43937893011816676,0.47824762520275144
2026-03-25T16:54:46.823835000,VS1_T26_0219_003442_20260325_165446_HG_lev1_V2_1.fits,0.6482735688839839,0.6478657004873435,0.2548078374836324,0.0,0.7446570224624067,0.5365560588368807,0.4720266980257079
2026-03-25T16:54:46.823835000,VS1_T26_0219_003442_20260325_165446_LG_lev1_V2_1.fits,0.35810434986267975,0.4168290547130838,0.7311348092066022,0.4269287659654395,0.24656956889673784,0.3568351417298646,0.42273361506240126
2026-03-25T16:55:35.726425000,VS1_T26_0219_003442_20260325_165535_HG_lev1_V2_1.fits,0.6502015799314963,0.652227126879729,0.18799857644586074,0.0,0.7689098796393514,0.5493539216134911,0.46811518075165476
2026-03-25T16:55:35.726425000,VS1_T26_0219_003442_20260325_165535_LG_lev1_V2_1.fits,0.3541395658730973,0.418240656389773,0.6715741988676487,0.36796816303531177,0.25890077000196143,0.35603280778406665,0.4044760269919765
2026-03-25T16:56:24.629130000,VS1_T26_0219_003442_20260325_165624_HG_lev1_V2_1.fits,0.673469387755102,0.6473288317943879,0.20668974493890047,0.0,0.78173199175958,0.5669102324814309,0.4793550314549002
2026-03-25T16:56:24.629130000,VS1_T26_0219_003442_20260325_165624_LG_lev1_V2_1.fits,0.2857142857142857,0.4490543432804857,0.6108169747940242,0.4412037471825695,0.2378636134028199,0.2853027211291054,0.3849926142505484
2026-03-25T16:57:13.531720000,VS1_T26_0219_003442_20260325_165713_HG_lev1_V2_1.fits,0.6484792587530949,0.6462447310545295,0.16724591598098298,0.0,0.7449093102824613,0.5395131519387665,0.45773206133497246
2026-03-25T16:57:13.531720000,VS1_T26_0219_003442_20260325_165713_LG_lev1_V2_1.fits,0.3905236907121897,0.3914973112875521,0.7769672975986571,0.5089688204357625,0.26180486389466445,0.38568080313451897,0.4525737978438908
2026-03-25T16:58:02.434310000,VS1_T26_0219_003442_20260325_165802_HG_lev1_V2_1.fits,0.6272692502330156,0.6593002972997701,0.19198914586697668,0.0,0.7397425560420324,0.5346919576329856,0.4588322011791301
2026-03-25T16:58:02.434310000,VS1_T26_0219_003442_20260325_165802_LG_lev1_V2_1.fits,0.3938485341741984,0.39403061342727325,0.8026364748247805,0.4790570999248685,0.26614874056185345,0.40140181786827833,0.4561872134635421
2026-03-25T16:58:51.337025000,VS1_T26_0219_003442_20260325_165851_HG_lev1_V2_1.fits,0.6255382931822211,0.6567925181157358,0.17372334557205613,0.0,0.7198916226629272,0.5235776458228228,0.4499205708926271
2026-03-25T16:58:51.337025000,VS1_T26_0219_003442_20260325_165851_LG_lev1_V2_1.fits,0.4190245177071862,0.38812089869106403,0.8229308344118057,0.519945060105184,0.26583728677623925,0.42297297609681084,0.4731385956313816
2026-03-25T16:59:40.239605000,VS1_T26_0219_003442_20260325_165940_HG_lev1_V2_1.fits,0.6252175250598978,0.653682479429672,0.18260152690645215,0.0,0.7136255760706507,0.5217849958106755,0.4494853505462247
2026-03-25T16:59:40.239605000,VS1_T26_0219_003442_20260325_165940_LG_lev1_V2_1.fits,0.42181129200758977,0.3766082409864826,0.836037427714154,0.5270355935386928,0.26363840749450346,0.4294430253369531,0.47576233117972927
2026-03-25T17:00:29.142320000,VS1_T26_0219_003442_20260325_170029_HG_lev1_V2_1.fits,0.6246853932102401,0.6508950878458154,0.17592389212498832,0.0,0.6941402363413703,0.5176809760812718,0.4438875976006143
2026-03-25T17:00:29.142320000,VS1_T26_0219_003442_20260325_170029_LG_lev1_V2_1.fits,0.45739702500317886,0.3745933022571806,0.8418083899116982,0.6727437077385425,0.263256043944444,0.4482427143808343,0.5096735305393131
2026-03-25T17:01:18.044910000,VS1_T26_0219_003442_20260325_170118_HG_lev1_V2_1.fits,0.6244932125273758,0.6481608384563659,0.23294570658474226,0.0,0.700889220929486,0.520881830579173,0.4545618015128572
2026-03-25T17:01:18.044910000,VS1_T26_0219_003442_20260325_170118_LG_lev1_V2_1.fits,0.4904808297606242,0.33653165331107476,0.9313509215823366,0.6212082081141999,0.29273916123961063,0.5085978293765775,0.5301514338974039
2026-03-25T17:02:06.947615000,VS1_T26_0219_003442_20260325_170206_HG_lev1_V2_1.fits,0.6241876547480858,0.6499286128641455,0.18570389192557007,0.0,0.6841553329362915,0.5162276028648621,0.4433671825564925
2026-03-25T17:02:06.947615000,VS1_T26_0219_003442_20260325_170206_LG_lev1_V2_1.fits,0.488641433413367,0.3470186305211172,0.9051790186603087,0.707961589030804,0.27109841385990285,0.47930505768419707,0.5332006905282829
2026-03-25T17:02:55.850205000,VS1_T26_0219_003442_20260325_170255_HG_lev1_V2_1.fits,0.6240784304755805,0.6570441570794627,0.17250466460100833,0.0,0.6822233823869968,0.5120002371064861,0.4413084786082557
2026-03-25T17:02:55.850205000,VS1_T26_0219_003442_20260325_170255_LG_lev1_V2_1.fits,0.4890632450534926,0.3508117634557723,0.919334682932116,0.6927063767843726,0.27422664022431414,0.49213678422199086,0.5363799154453431
2026-03-25T17:03:44.752795000,VS1_T26_0219_003442_20260325_170344_HG_lev1_V2_1.fits,0.6241450958080065,0.6530161769200944,0.1160260504253085,0.0,0.677426845608784,0.5137075512390125,0.4307202866668676
2026-03-25T17:03:44.752795000,VS1_T26_0219_003442_20260325_170344_LG_lev1_V2_1.fits,0.4923694179435781,0.34377637697125546,0.9204391504710324,0.7029606498873028,0.2738073402280628,0.49839329870006704,0.5386243723668831
2026-03-25T17:04:33.655500000,VS1_T26_0219_003442_20260325_170433_HG_lev1_V2_1.fits,0.624112903917521,0.6487002312879325,0.1288615548769627,0.0,0.6699648094592859,0.5150652522248168,0.43111745862775314
2026-03-25T17:04:33.655500000,VS1_T26_0219_003442_20260325_170433_LG_lev1_V2_1.fits,0.5239662193663503,0.3378767771666645,0.8884395363041817,0.70878333959429,0.28296893971346515,0.5263710380794181,0.5447343083707282
2026-03-25T17:05:22.558215000,VS1_T26_0219_003442_20260325_170522_HG_lev1_V2_1.fits,0.6235468890273957,0.6534966565636907,0.14340934568431613,0.0,0.6673725814999255,0.5119816781678527,0.43330119182386345
2026-03-25T17:05:22.558215000,VS1_T26_0219_003442_20260325_170522_LG_lev1_V2_1.fits,0.5226539824638505,0.3222838415784428,0.9479891308979366,0.7043869740796393,0.2859188429813524,0.533350721669382,0.5527639156117673
2026-03-25T17:06:11.460680000,VS1_T26_0219_003442_20260325_170611_HG_lev1_V2_1.fits,0.6243798604479618,0.6473998100325772,0.08826615900571592,0.0,0.6672022690901723,0.5158561068367841,0.4238507009022019
2026-03-25T17:06:11.460680000,VS1_T26_0219_003442_20260325_170611_LG_lev1_V2_1.fits,0.4994071561015455,0.34712277009452025,0.8963685491616488,0.6568193557475582,0.27466746621247734,0.5113397204355654,0.5309541696255525
2026-03-25T17:07:00.363260000,VS1_T26_0219_003442_20260325_170700_HG_lev1_V2_1.fits,0.6236468870260349,0.6497384155189961,0.15592292680030045,0.0,0.6656840535053932,0.5135022972683678,0.43474909668651546
2026-03-25T17:07:00.363260000,VS1_T26_0219_003442_20260325_170700_LG_lev1_V2_1.fits,0.5295451025597416,0.3216313104014781,0.9465313770786672,0.7721637866265966,0.2874860531469591,0.5448993261636779,0.5670428259961867
2026-03-25T17:07:49.265975000,VS1_T26_0219_003442_20260325_170749_HG_lev1_V2_1.fits,0.6242023947713016,0.642358408305315,0.1542020792836574,0.0,0.6457614267693631,0.5116596469331426,0.42969732601046323
2026-03-25T17:07:49.265975000,VS1_T26_0219_003442_20260325_170749_LG_lev1_V2_1.fits,0.46965422706334087,0.34920492748316656,0.9076659445293036,0.6206623309541698,0.24871887838703374,0.4816206520601334,0.5129211600795246
2026-03-25T17:08:38.168565000,VS1_T26_0219_003442_20260325_170838_HG_lev1_V2_1.fits,0.6243590963283604,0.6563987418500937,0.1858000811274716,0.0,0.6749947328090226,0.5186815349086927,0.4433723645039402
2026-03-25T17:08:38.168565000,VS1_T26_0219_003442_20260325_170838_LG_lev1_V2_1.fits,0.5278577712575128,0.32178705532485274,1.0,0.7949145379413974,0.2974761252705742,0.5464151051631906,0.5814084324929213
2026-03-25T17:09:27.071280000,VS1_T26_0219_003442_20260325_170927_HG_lev1_V2_1.fits,0.6249455451135343,0.6509854473819133,0.14631669066787314,0.0,0.6778239275211947,0.5176877099381608,0.4362932201037794
2026-03-25T17:09:27.071280000,VS1_T26_0219_003442_20260325_170927_LG_lev1_V2_1.fits,0.4861799773121067,0.3315117474004026,0.9005909258237488,0.5968667824943652,0.2717721465089063,0.49130002281059654,0.513036933725021
2026-03-25T17:10:15.973860000,VS1_T26_0219_003442_20260325_171015_HG_lev1_V2_1.fits,0.624812929935213,0.6569506269146664,0.15481171469940708,0.0,0.690724235127885,0.5181042363997569,0.44090062384615464
2026-03-25T17:10:15.973860000,VS1_T26_0219_003442_20260325_171015_LG_lev1_V2_1.fits,0.5249559455563413,0.3419275248015115,0.9486284259694077,0.7421464124718258,0.29829622648863047,0.5286717421010043,0.5641043795647868
2026-03-25T17:11:04.876575000,VS1_T26_0219_003442_20260325_171104_HG_lev1_V2_1.fits,0.6250825132518685,0.6558511055365576,0.22552327287924354,0.0,0.6790177079656882,0.5181856504232548,0.4506100416761021
2026-03-25T17:11:04.876575000,VS1_T26_0219_003442_20260325_171104_LG_lev1_V2_1.fits,0.46571949800989143,0.35990907224298,0.8949826277765014,0.6253052216378663,0.2687667346158849,0.4751501757010472,0.5149722216640286
