State,Start_Frame,End_Frame,Frames,Start_Time,End_Time,Mean_Activity
5,0,0,1,2026-03-24 03:56:21.921680,2026-03-24 03:56:21.921680,0.4783280770676217
2,1,1,1,2026-03-24 03:56:21.921680,2026-03-24 03:56:21.921680,0.4261053532756189
5,2,2,1,2026-03-24 03:57:10.824395,2026-03-24 03:57:10.824395,0.4906796412613425
2,3,3,1,2026-03-24 03:57:10.824395,2026-03-24 03:57:10.824395,0.4470915242612821
5,4,4,1,2026-03-24 03:57:59.726975,2026-03-24 03:57:59.726975,0.476867112984944
2,5,5,1,2026-03-24 03:57:59.726975,2026-03-24 03:57:59.726975,0.4578848852954395
5,6,6,1,2026-03-24 03:58:48.629690,2026-03-24 03:58:48.629690,0.4818058730192116
2,7,7,1,2026-03-24 03:58:48.629690,2026-03-24 03:58:48.629690,0.4600366964352023
5,8,8,1,2026-03-24 03:59:37.532405,2026-03-24 03:59:37.532405,0.4763023752829085
2,9,9,1,2026-03-24 03:59:37.532405,2026-03-24 03:59:37.532405,0.4668697133037732
4,10,10,1,2026-03-25 16:35:13.160620,2026-03-25 16:35:13.160620,0.4382395355058122
1,11,11,1,2026-03-25 16:35:13.160620,2026-03-25 16:35:13.160620,0.4813011572826864
3,12,12,1,2026-03-25 16:36:02.063210,2026-03-25 16:36:02.063210,0.4214797235829903
2,13,13,1,2026-03-25 16:36:02.063210,2026-03-25 16:36:02.063210,0.4548361689688288
3,14,14,1,2026-03-25 16:36:50.965800,2026-03-25 16:36:50.965800,0.4209911413313031
2,15,15,1,2026-03-25 16:36:50.965800,2026-03-25 16:36:50.965800,0.4663631968333974
3,16,16,1,2026-03-25 16:37:39.868505,2026-03-25 16:37:39.868505,0.417259456692538
2,17,17,1,2026-03-25 16:37:39.868505,2026-03-25 16:37:39.868505,0.4414974554474108
3,18,18,1,2026-03-25 16:38:28.771095,2026-03-25 16:38:28.771095,0.4214355951927724
2,19,19,1,2026-03-25 16:38:28.771095,2026-03-25 16:38:28.771095,0.4462599808672836
3,20,20,1,2026-03-25 16:39:17.673685,2026-03-25 16:39:17.673685,0.4284485983003973
2,21,21,1,2026-03-25 16:39:17.673685,2026-03-25 16:39:17.673685,0.4637496799410415
3,22,22,1,2026-03-25 16:40:06.576390,2026-03-25 16:40:06.576390,0.4221056410127281
2,23,23,1,2026-03-25 16:40:06.576390,2026-03-25 16:40:06.576390,0.4594188859885728
4,24,24,1,2026-03-25 16:40:55.479105,2026-03-25 16:40:55.479105,0.4374102613348834
2,25,25,1,2026-03-25 16:40:55.479105,2026-03-25 16:40:55.479105,0.4722578777604045
4,26,26,1,2026-03-25 16:41:44.381695,2026-03-25 16:41:44.381695,0.427747713683465
1,27,27,1,2026-03-25 16:41:44.381695,2026-03-25 16:41:44.381695,0.4863277430003787
6,28,28,1,2026-03-25 16:42:33.284275,2026-03-25 16:42:33.284275,0.4453475285198752
1,29,29,1,2026-03-25 16:42:33.284275,2026-03-25 16:42:33.284275,0.4734794955150541
4,30,30,1,2026-03-25 16:43:22.186990,2026-03-25 16:43:22.186990,0.4363387992834677
2,31,31,1,2026-03-25 16:43:22.186990,2026-03-25 16:43:22.186990,0.4695873614825558
4,32,32,1,2026-03-25 16:44:11.089580,2026-03-25 16:44:11.089580,0.4330232581941535
0,33,33,1,2026-03-25 16:44:11.089580,2026-03-25 16:44:11.089580,0.5442930292467595
4,34,34,1,2026-03-25 16:44:59.992295,2026-03-25 16:44:59.992295,0.437679640837261
0,35,35,1,2026-03-25 16:44:59.992295,2026-03-25 16:44:59.992295,0.492072023828551
6,36,36,1,2026-03-25 16:45:48.894875,2026-03-25 16:45:48.894875,0.4470990337406613
0,37,37,1,2026-03-25 16:45:48.894875,2026-03-25 16:45:48.894875,0.5077910135327658
4,38,38,1,2026-03-25 16:46:37.797590,2026-03-25 16:46:37.797590,0.4281946802095559
1,39,39,1,2026-03-25 16:46:37.797590,2026-03-25 16:46:37.797590,0.4840310136219115
4,40,40,1,2026-03-25 16:47:26.700180,2026-03-25 16:47:26.700180,0.4334983819474187
0,41,41,1,2026-03-25 16:47:26.700180,2026-03-25 16:47:26.700180,0.5436756061688324
6,42,42,1,2026-03-25 16:48:15.602760,2026-03-25 16:48:15.602760,0.4452290896095727
1,43,43,1,2026-03-25 16:48:15.602760,2026-03-25 16:48:15.602760,0.4703587466975644
6,44,44,1,2026-03-25 16:49:04.505475,2026-03-25 16:49:04.505475,0.4437610300155399
0,45,45,1,2026-03-25 16:49:04.505475,2026-03-25 16:49:04.505475,0.5261737145896536
6,46,46,1,2026-03-25 16:49:53.408065,2026-03-25 16:49:53.408065,0.4407711065710128
1,47,47,1,2026-03-25 16:49:53.408065,2026-03-25 16:49:53.408065,0.4776400492271491
6,48,48,1,2026-03-25 16:50:42.310780,2026-03-25 16:50:42.310780,0.4554163979296581
0,49,49,1,2026-03-25 16:50:42.310780,2026-03-25 16:50:42.310780,0.5021741739315997
6,50,50,1,2026-03-25 16:51:31.213360,2026-03-25 16:51:31.213360,0.4438116683222214
1,51,51,1,2026-03-25 16:51:31.213360,2026-03-25 16:51:31.213360,0.4767087099111318
6,52,52,1,2026-03-25 16:52:20.115825,2026-03-25 16:52:20.115825,0.4452632930798463
1,53,53,1,2026-03-25 16:52:20.115825,2026-03-25 16:52:20.115825,0.4828699719130773
6,54,54,1,2026-03-25 16:53:09.018540,2026-03-25 16:53:09.018540,0.4427274916258227
2,55,55,1,2026-03-25 16:53:09.018540,2026-03-25 16:53:09.018540,0.4319268713825316
6,56,56,1,2026-03-25 16:53:57.921120,2026-03-25 16:53:57.921120,0.4649186312062047
1,57,57,1,2026-03-25 16:53:57.921120,2026-03-25 16:53:57.921120,0.4782476252027514
6,58,58,1,2026-03-25 16:54:46.823835,2026-03-25 16:54:46.823835,0.4720266980257079
2,59,59,1,2026-03-25 16:54:46.823835,2026-03-25 16:54:46.823835,0.4227336150624012
6,60,60,1,2026-03-25 16:55:35.726425,2026-03-25 16:55:35.726425,0.4681151807516547
2,61,61,1,2026-03-25 16:55:35.726425,2026-03-25 16:55:35.726425,0.4044760269919765
6,62,62,1,2026-03-25 16:56:24.629130,2026-03-25 16:56:24.629130,0.4793550314549002
2,63,63,1,2026-03-25 16:56:24.629130,2026-03-25 16:56:24.629130,0.3849926142505484
6,64,64,1,2026-03-25 16:57:13.531720,2026-03-25 16:57:13.531720,0.4577320613349724
2,65,65,1,2026-03-25 16:57:13.531720,2026-03-25 16:57:13.531720,0.4525737978438908
6,66,66,1,2026-03-25 16:58:02.434310,2026-03-25 16:58:02.434310,0.4588322011791301
1,67,67,1,2026-03-25 16:58:02.434310,2026-03-25 16:58:02.434310,0.4561872134635421
6,68,68,1,2026-03-25 16:58:51.337025,2026-03-25 16:58:51.337025,0.4499205708926271
1,69,69,1,2026-03-25 16:58:51.337025,2026-03-25 16:58:51.337025,0.4731385956313816
6,70,70,1,2026-03-25 16:59:40.239605,2026-03-25 16:59:40.239605,0.4494853505462247
1,71,71,1,2026-03-25 16:59:40.239605,2026-03-25 16:59:40.239605,0.4757623311797292
6,72,72,1,2026-03-25 17:00:29.142320,2026-03-25 17:00:29.142320,0.4438875976006143
0,73,73,1,2026-03-25 17:00:29.142320,2026-03-25 17:00:29.142320,0.5096735305393131
6,74,74,1,2026-03-25 17:01:18.044910,2026-03-25 17:01:18.044910,0.4545618015128572
0,75,75,1,2026-03-25 17:01:18.044910,2026-03-25 17:01:18.044910,0.5301514338974039
6,76,76,1,2026-03-25 17:02:06.947615,2026-03-25 17:02:06.947615,0.4433671825564925
0,77,77,1,2026-03-25 17:02:06.947615,2026-03-25 17:02:06.947615,0.5332006905282829
6,78,78,1,2026-03-25 17:02:55.850205,2026-03-25 17:02:55.850205,0.4413084786082557
0,79,79,1,2026-03-25 17:02:55.850205,2026-03-25 17:02:55.850205,0.5363799154453431
4,80,80,1,2026-03-25 17:03:44.752795,2026-03-25 17:03:44.752795,0.4307202866668676
0,81,81,1,2026-03-25 17:03:44.752795,2026-03-25 17:03:44.752795,0.5386243723668831
4,82,82,1,2026-03-25 17:04:33.655500,2026-03-25 17:04:33.655500,0.4311174586277531
0,83,83,1,2026-03-25 17:04:33.655500,2026-03-25 17:04:33.655500,0.5447343083707282
4,84,84,1,2026-03-25 17:05:22.558215,2026-03-25 17:05:22.558215,0.4333011918238634
0,85,85,1,2026-03-25 17:05:22.558215,2026-03-25 17:05:22.558215,0.5527639156117673
4,86,86,1,2026-03-25 17:06:11.460680,2026-03-25 17:06:11.460680,0.4238507009022019
0,87,87,1,2026-03-25 17:06:11.460680,2026-03-25 17:06:11.460680,0.5309541696255525
4,88,88,1,2026-03-25 17:07:00.363260,2026-03-25 17:07:00.363260,0.4347490966865154
0,89,89,1,2026-03-25 17:07:00.363260,2026-03-25 17:07:00.363260,0.5670428259961867
4,90,90,1,2026-03-25 17:07:49.265975,2026-03-25 17:07:49.265975,0.4296973260104632
0,91,91,1,2026-03-25 17:07:49.265975,2026-03-25 17:07:49.265975,0.5129211600795246
6,92,92,1,2026-03-25 17:08:38.168565,2026-03-25 17:08:38.168565,0.4433723645039402
0,93,93,1,2026-03-25 17:08:38.168565,2026-03-25 17:08:38.168565,0.5814084324929213
4,94,94,1,2026-03-25 17:09:27.071280,2026-03-25 17:09:27.071280,0.4362932201037794
0,95,95,1,2026-03-25 17:09:27.071280,2026-03-25 17:09:27.071280,0.513036933725021
6,96,96,1,2026-03-25 17:10:15.973860,2026-03-25 17:10:15.973860,0.4409006238461546
0,97,97,1,2026-03-25 17:10:15.973860,2026-03-25 17:10:15.973860,0.5641043795647868
6,98,98,1,2026-03-25 17:11:04.876575,2026-03-25 17:11:04.876575,0.4506100416761021
0,99,99,1,2026-03-25 17:11:04.876575,2026-03-25 17:11:04.876575,0.5149722216640286
