From_State,To_State,From_Frame,To_Frame,Time_Delta_sec
5,2,0,1,0.0
2,5,1,2,48.902715
5,2,2,3,0.0
2,5,3,4,48.90258
5,2,4,5,0.0
2,5,5,6,48.902715
5,2,6,7,0.0
2,5,7,8,48.902715
5,2,8,9,0.0
2,4,9,10,131735.628215
4,1,10,11,0.0
1,3,11,12,48.902590000000004
3,2,12,13,0.0
2,3,13,14,48.902590000000004
3,2,14,15,0.0
2,3,15,16,48.902705
3,2,16,17,0.0
2,3,17,18,48.902590000000004
3,2,18,19,0.0
2,3,19,20,48.902590000000004
3,2,20,21,0.0
2,3,21,22,48.902705
3,2,22,23,0.0
2,4,23,24,48.902715
4,2,24,25,0.0
2,4,25,26,48.902590000000004
4,1,26,27,0.0
1,6,27,28,48.90258
6,1,28,29,0.0
1,4,29,30,48.902715
4,2,30,31,0.0
2,4,31,32,48.902590000000004
4,0,32,33,0.0
0,4,33,34,48.902715
4,0,34,35,0.0
0,6,35,36,48.90258
6,0,36,37,0.0
0,4,37,38,48.902715
4,1,38,39,0.0
1,4,39,40,48.902590000000004
4,0,40,41,0.0
0,6,41,42,48.90258
6,1,42,43,0.0
1,6,43,44,48.902715
6,0,44,45,0.0
0,6,45,46,48.902590000000004
6,1,46,47,0.0
1,6,47,48,48.902715
6,0,48,49,0.0
0,6,49,50,48.90258
6,1,50,51,0.0
1,6,51,52,48.902465
6,1,52,53,0.0
1,6,53,54,48.902715
6,2,54,55,0.0
2,6,55,56,48.90258
6,1,56,57,0.0
1,6,57,58,48.902715
6,2,58,59,0.0
2,6,59,60,48.902590000000004
6,2,60,61,0.0
2,6,61,62,48.902705
6,2,62,63,0.0
2,6,63,64,48.902590000000004
6,2,64,65,0.0
2,6,65,66,48.902590000000004
6,1,66,67,0.0
1,6,67,68,48.902715
6,1,68,69,0.0
1,6,69,70,48.90258
6,1,70,71,0.0
1,6,71,72,48.902715
6,0,72,73,0.0
0,6,73,74,48.902590000000004
6,0,74,75,0.0
0,6,75,76,48.902705
6,0,76,77,0.0
0,6,77,78,48.902590000000004
6,0,78,79,0.0
0,4,79,80,48.902590000000004
4,0,80,81,0.0
0,4,81,82,48.902705
4,0,82,83,0.0
0,4,83,84,48.902715
4,0,84,85,0.0
0,4,85,86,48.902465
4,0,86,87,0.0
0,4,87,88,48.90258
4,0,88,89,0.0
0,4,89,90,48.902715
4,0,90,91,0.0
0,6,91,92,48.902590000000004
6,0,92,93,0.0
0,4,93,94,48.902715
4,0,94,95,0.0
0,6,95,96,48.90258
6,0,96,97,0.0
0,6,97,98,48.902715
6,0,98,99,0.0
