timestamp,nowcast_phase,forecast_prob_C,forecast_prob_M,forecast_prob_X
2026-08-06T17:34:47,Background,0.1038,0.0446,0.4179
2026-08-06T17:34:48,Background,0.1441,0.0934,0.0052
2026-08-06T17:34:58,Background,0.1184,0.0769,0.1693
2026-08-06T17:35:08,Background,0.1464,0.1219,0.0309
2026-08-06T17:35:18,Background,0.1478,0.0720,0.0196
2026-08-06T17:35:28,Background,0.1376,0.0816,0.0880
2026-08-06T17:35:38,Background,0.1721,0.0750,0.0050
2026-08-06T17:35:48,Background,0.1639,0.0834,0.0189
2026-08-06T17:35:58,Background,0.1533,0.0683,0.0128
2026-08-06T17:36:09,Peak,0.1503,0.1317,0.0159
2026-08-06T17:36:19,Peak,0.1308,0.1337,0.0335
2026-08-06T17:36:29,Peak,0.1376,0.0776,0.1959
2026-08-06T17:36:39,Peak,0.1224,0.0826,0.2114
2026-08-06T17:36:49,Peak,0.1354,0.0764,0.0135
2026-08-06T17:36:59,Peak,0.1729,0.0996,0.0175
2026-08-06T17:37:09,Peak,0.1515,0.1046,0.0211
2026-08-06T17:37:19,Peak,0.1515,0.0574,0.0048
2026-08-06T17:37:21,Peak,0.1515,0.0574,0.0048
2026-08-06T17:37:29,Peak,0.1202,0.0890,0.1227
2026-08-06T17:37:39,Peak,0.1202,0.0890,0.1227
2026-08-06T17:37:39,Peak,0.1400,0.0853,0.0242
2026-08-06T17:37:49,Peak,0.1029,0.0582,0.4972
2026-08-06T17:37:59,Peak,0.1029,0.0582,0.4972
2026-08-06T17:37:59,Peak,0.1652,0.0796,0.1075
2026-08-06T17:38:09,Peak,0.1800,0.0922,0.0162
2026-08-06T17:38:19,Peak,0.1800,0.0922,0.0162
2026-08-06T17:38:19,Peak,0.1403,0.0924,0.1036
2026-08-06T17:38:29,Peak,0.1140,0.1017,0.1992
2026-08-06T17:38:39,Peak,0.1140,0.1017,0.1992
2026-08-06T17:38:39,Peak,0.2021,0.0945,0.0176
2026-08-06T17:38:49,Peak,0.2021,0.0945,0.0176
2026-08-06T17:38:49,Peak,0.2467,0.1013,0.0128
2026-08-06T17:38:59,Peak,0.2467,0.1013,0.0128
2026-08-06T17:38:59,Peak,0.2164,0.0965,0.0357
2026-08-06T17:39:09,Peak,0.2164,0.0965,0.0357
2026-08-06T17:39:09,Peak,0.1773,0.0718,0.1700
2026-08-06T17:39:19,Peak,0.1773,0.0718,0.1700
2026-08-06T17:39:19,Peak,0.1572,0.0709,0.0222
2026-08-06T17:39:29,Peak,0.1572,0.0709,0.0222
2026-08-06T17:39:29,Peak,0.1547,0.0903,0.2081
2026-08-06T17:39:39,Peak,0.1547,0.0903,0.2081
2026-08-06T17:39:39,Peak,0.1498,0.0874,0.0804
2026-08-06T17:39:49,Peak,0.1498,0.0874,0.0804
2026-08-06T17:39:49,Peak,0.2046,0.1205,0.0069
2026-08-06T17:39:59,Peak,0.2046,0.1205,0.0069
2026-08-06T17:39:59,Peak,0.2057,0.1435,0.0057
2026-08-06T17:40:09,Peak,0.2057,0.1435,0.0057
2026-08-06T17:40:09,Background,0.1794,0.1119,0.0081
2026-08-06T17:40:19,Background,0.1794,0.1119,0.0081
2026-08-06T17:40:19,Background,0.1812,0.1148,0.0075
2026-08-06T17:40:29,Background,0.1812,0.1148,0.0075
2026-08-06T17:40:29,Background,0.1713,0.0521,0.0302
2026-08-06T17:40:40,Background,0.1430,0.0450,0.0218
2026-08-06T17:40:47,Background,0.1430,0.0450,0.0218
2026-08-06T17:40:50,Background,0.1411,0.0426,0.0343
2026-08-06T17:41:00,Background,0.1627,0.0617,0.0331
2026-08-06T17:41:10,Background,0.1469,0.0563,0.0391
2026-08-06T17:41:20,Background,0.1362,0.0353,0.0331
2026-08-06T17:41:30,Background,0.1397,0.0434,0.0340
2026-08-06T17:41:40,Background,0.1533,0.0402,0.0408
2026-08-06T17:41:47,Background,0.1533,0.0402,0.0408
2026-08-06T17:41:50,Background,0.1434,0.0384,0.0797
2026-08-06T17:42:00,Background,0.1455,0.0445,0.0415
2026-08-06T17:42:10,Background,0.1481,0.0414,0.0377
2026-08-06T17:42:20,Background,0.1503,0.0405,0.0354
2026-08-06T17:42:30,Background,0.1521,0.0418,0.0387
2026-08-06T17:42:40,Background,0.1531,0.0512,0.0392
2026-08-06T17:42:47,Background,0.1531,0.0512,0.0392
2026-08-06T17:42:50,Background,0.1291,0.0332,0.0609
2026-08-06T17:43:00,Background,0.1490,0.0349,0.0375
2026-08-06T17:43:10,Background,0.1548,0.0600,0.0347
2026-08-06T17:43:20,Background,0.1634,0.0488,0.0586
2026-08-06T17:43:30,Background,0.1513,0.0477,0.0628
2026-08-06T17:43:40,Background,0.1832,0.0362,0.0410
2026-08-06T17:43:47,Background,0.1832,0.0362,0.0410
2026-08-06T17:43:50,Background,0.2265,0.0720,0.0394
2026-08-06T17:44:00,Background,0.1562,0.0308,0.0527
2026-08-06T17:44:10,Background,0.1764,0.0733,0.0369
2026-08-06T17:44:20,Background,0.1495,0.0690,0.0373
2026-08-06T17:44:30,Background,0.1445,0.0878,0.0346
2026-08-06T17:44:40,Background,0.1452,0.0593,0.0354
2026-08-06T17:44:47,Background,0.1452,0.0593,0.0354
2026-08-06T17:44:50,Background,0.1397,0.1102,0.0104
2026-08-06T17:45:00,Background,0.1559,0.1541,0.0101
2026-08-06T17:45:10,Background,0.1495,0.1291,0.0087
2026-08-06T17:45:20,Background,0.1905,0.1806,0.0081
2026-08-06T17:45:30,Background,0.1428,0.2464,0.0172
2026-08-06T17:45:40,Background,0.1729,0.1628,0.0082
2026-08-06T17:45:47,Background,0.1729,0.1628,0.0082
2026-08-06T17:45:50,Background,0.1179,0.2021,0.0415
2026-08-06T17:46:01,Background,0.1981,0.1734,0.0087
2026-08-06T17:46:11,Background,0.1868,0.1733,0.0075
2026-08-06T17:46:21,Background,0.1519,0.2219,0.0069
2026-08-06T17:46:31,Background,0.1730,0.1194,0.0130
2026-08-06T17:46:41,Background,0.1926,0.0373,0.0093
2026-08-06T17:46:47,Background,0.1926,0.0373,0.0093
2026-08-06T17:46:51,Background,0.1825,0.0389,0.0091
2026-08-06T17:47:01,Background,0.2016,0.0905,0.0098
2026-08-06T17:47:11,Background,0.2244,0.0349,0.0291
2026-08-06T17:47:21,Background,0.1556,0.0348,0.0057
2026-08-06T17:47:31,Background,0.1676,0.0444,0.0064
2026-08-06T17:47:41,Background,0.1492,0.0327,0.0057
2026-08-06T17:47:47,Background,0.1492,0.0327,0.0057
2026-08-06T17:47:51,Background,0.1466,0.0409,0.0068
2026-08-06T17:48:01,Background,0.1292,0.0368,0.0037
2026-08-06T17:48:11,Background,0.1287,0.0313,0.0030
2026-08-06T17:48:21,Background,0.1400,0.0178,0.0057
2026-08-06T17:48:31,Background,0.1517,0.0363,0.0059
2026-08-06T17:48:41,Background,0.1488,0.0368,0.0050
2026-08-06T17:48:47,Background,0.1488,0.0368,0.0050
2026-08-06T17:48:51,Background,0.1497,0.0231,0.0025
2026-08-06T17:49:01,Background,0.1289,0.0164,0.0027
2026-08-06T17:49:11,Background,0.1485,0.0428,0.0024
2026-08-06T17:49:21,Background,0.1489,0.0322,0.0044
2026-08-06T17:49:31,Background,0.1514,0.0155,0.0031
2026-08-06T17:49:41,Background,0.1856,0.0331,0.0026
2026-08-06T17:49:47,Background,0.1856,0.0331,0.0026
2026-08-06T17:49:51,Background,0.1624,0.0174,0.0052
2026-08-06T17:50:01,Background,0.1404,0.0176,0.0052
2026-08-06T17:50:11,Background,0.1497,0.0153,0.0031
2026-08-06T17:50:21,Background,0.1731,0.0423,0.0042
2026-08-06T17:50:31,Background,0.1651,0.0315,0.0033
2026-08-06T17:50:41,Peak,0.1600,0.0524,0.0040
2026-08-06T17:50:47,Peak,0.1600,0.0524,0.0040
2026-08-06T17:50:51,Peak,0.1807,0.0517,0.0055
2026-08-06T17:51:01,Background,0.1745,0.0390,0.0055
2026-08-06T17:51:11,Peak,0.1656,0.0421,0.0089
2026-08-06T17:51:21,Peak,0.1790,0.0625,0.0061
2026-08-06T17:51:31,Peak,0.1751,0.0660,0.0057
2026-08-06T17:51:41,Peak,0.1550,0.0403,0.0100
2026-08-06T17:51:47,Peak,0.1550,0.0403,0.0100
2026-08-06T17:51:51,Background,0.2097,0.0683,0.0305
2026-08-06T17:52:01,Background,0.1871,0.0546,0.0089
2026-08-06T17:52:11,Background,0.1657,0.0496,0.0079
2026-08-06T17:52:21,Background,0.2241,0.0840,0.0065
2026-08-06T17:52:31,Background,0.2188,0.0638,0.0416
2026-08-06T17:52:42,Background,0.2304,0.0481,0.0836
2026-08-06T17:52:47,Background,0.2304,0.0481,0.0836
2026-08-06T17:52:52,Background,0.2256,0.0463,0.0141
2026-08-06T17:53:02,Background,0.2248,0.0840,0.0405
2026-08-06T17:53:12,Background,0.1850,0.0667,0.0068
2026-08-06T17:53:22,Background,0.2290,0.0493,0.0066
2026-08-06T17:53:32,Background,0.1495,0.0796,0.0062
2026-08-06T17:53:42,Background,0.1431,0.0509,0.0178
2026-08-06T17:53:47,Background,0.1431,0.0509,0.0178
2026-08-06T17:53:52,Background,0.1811,0.0560,0.0131
2026-08-06T17:54:02,Background,0.1913,0.0391,0.0056
2026-08-06T17:54:12,Background,0.1861,0.0350,0.0040
2026-08-06T17:54:22,Background,0.2283,0.0488,0.0097
2026-08-06T17:54:32,Background,0.3019,0.0438,0.0099
2026-08-06T17:54:42,Background,0.2179,0.0284,0.0027
2026-08-06T17:54:52,Background,0.1564,0.1181,0.0093
2026-08-06T17:55:02,Background,0.1793,0.0619,0.0046
2026-08-06T17:55:12,Background,0.1552,0.1044,0.0154
2026-08-06T17:55:22,Background,0.1817,0.0610,0.0048
2026-08-06T17:55:32,Background,0.2435,0.0971,0.0053
2026-08-06T17:55:42,Background,0.2663,0.0321,0.0047
2026-08-06T17:55:52,Peak,0.2603,0.0608,0.0046
2026-08-06T17:55:56,Peak,0.2603,0.0608,0.0046
2026-08-06T17:55:57,Peak,0.2603,0.0608,0.0046
2026-08-06T17:56:02,Peak,0.2795,0.0822,0.0053
2026-08-06T17:56:06,Peak,0.2795,0.0822,0.0053
2026-08-06T17:56:12,Peak,0.2065,0.0580,0.0046
2026-08-06T17:56:15,Peak,0.2065,0.0580,0.0046
2026-08-06T17:56:22,Peak,0.2918,0.0733,0.0074
2026-08-06T17:56:26,Peak,0.2918,0.0733,0.0074
2026-08-06T17:56:32,Peak,0.2447,0.0701,0.0068
2026-08-06T17:56:36,Peak,0.2447,0.0701,0.0068
2026-08-06T17:56:42,Peak,0.2732,0.0683,0.0076
2026-08-06T17:56:45,Peak,0.2732,0.0683,0.0076
2026-08-06T17:56:52,Peak,0.2802,0.0809,0.0049
2026-08-06T17:56:55,Peak,0.2802,0.0809,0.0049
2026-08-06T17:57:02,Peak,0.2765,0.0929,0.0050
2026-08-06T17:57:12,Background,0.3886,0.0375,0.0048
2026-08-06T17:57:22,Background,0.3427,0.0322,0.0048
2026-08-06T17:57:32,Peak,0.3282,0.0962,0.0037
2026-08-06T17:57:42,Peak,0.3057,0.0771,0.0135
2026-08-06T17:57:48,Peak,0.3057,0.0771,0.0135
2026-08-06T17:57:52,Peak,0.2800,0.0812,0.0050
2026-08-06T17:58:02,Peak,0.2185,0.0520,0.0067
2026-08-06T17:58:12,Peak,0.3671,0.0670,0.0068
2026-08-06T17:58:23,Peak,0.3002,0.1300,0.0121
2026-08-06T17:58:33,Background,0.1761,0.0376,0.0099
2026-08-06T17:58:43,Peak,0.2443,0.0605,0.0243
2026-08-06T17:58:48,Peak,0.2443,0.0605,0.0243
2026-08-06T17:58:53,Background,0.2561,0.0610,0.0115
2026-08-06T17:59:03,Background,0.2325,0.0657,0.0049
2026-08-06T17:59:13,Background,0.2574,0.0711,0.0042
2026-08-06T17:59:23,Background,0.1885,0.0420,0.0096
2026-08-06T17:59:33,Background,0.2529,0.0632,0.0284
2026-08-06T17:59:43,Background,0.2281,0.0425,0.0133
2026-08-06T17:59:47,Background,0.2281,0.0425,0.0133
2026-08-06T17:59:53,Background,0.2401,0.0452,0.0068
2026-08-06T18:00:03,Background,0.4295,0.0328,0.0074
2026-08-06T18:00:13,Background,0.3954,0.0634,0.0074
2026-08-06T18:00:23,Background,0.3182,0.0659,0.0162
2026-08-06T18:00:33,Background,0.3848,0.0547,0.0039
2026-08-06T18:00:43,Background,0.3848,0.0523,0.0026
2026-08-06T18:00:47,Background,0.3848,0.0523,0.0026
2026-08-06T18:00:53,Background,0.3467,0.0546,0.0059
2026-08-06T18:01:03,Background,0.2555,0.0288,0.0063
2026-08-06T18:01:13,Background,0.2909,0.0448,0.0045
2026-08-06T18:01:23,Background,0.2663,0.0494,0.0071
2026-08-06T18:01:33,Background,0.3074,0.0585,0.0131
2026-08-06T18:01:43,Background,0.2966,0.0601,0.0063
2026-08-06T18:01:47,Background,0.2966,0.0601,0.0063
2026-08-06T18:01:53,Background,0.3993,0.0314,0.0050
2026-08-06T18:02:03,Background,0.3056,0.0420,0.0024
2026-08-06T18:02:13,Background,0.3201,0.0318,0.0037
2026-08-06T18:02:23,Background,0.2872,0.0487,0.0032
2026-08-06T18:02:33,Background,0.3176,0.0241,0.0036
2026-08-06T18:02:43,Background,0.2497,0.0518,0.0050
2026-08-06T18:02:47,Background,0.2497,0.0518,0.0050
2026-08-06T18:02:53,Background,0.3166,0.0680,0.0028
2026-08-06T18:03:04,Background,0.3309,0.0381,0.0056
2026-08-06T18:03:06,Background,0.3309,0.0381,0.0056
2026-08-06T18:03:14,Background,0.3189,0.0365,0.0043
2026-08-06T18:03:16,Background,0.3189,0.0365,0.0043
2026-08-06T18:03:24,Background,0.2752,0.0751,0.0031
2026-08-06T18:03:26,Background,0.2752,0.0751,0.0031
2026-08-06T18:03:34,Background,0.3019,0.0883,0.0031
2026-08-06T18:03:35,Background,0.3019,0.0883,0.0031
2026-08-06T18:03:44,Background,0.3114,0.0934,0.0061
2026-08-06T18:03:46,Background,0.3114,0.0934,0.0061
2026-08-06T18:03:54,Background,0.3083,0.0649,0.0048
2026-08-06T18:03:55,Background,0.3083,0.0649,0.0048
2026-08-06T18:04:04,Background,0.3384,0.0473,0.0046
2026-08-06T18:04:05,Background,0.3384,0.0473,0.0046
2026-08-06T18:04:14,Background,0.2731,0.0563,0.0018
2026-08-06T18:04:24,Background,0.2828,0.1247,0.0029
2026-08-06T18:04:34,Background,0.3076,0.0578,0.0065
2026-08-06T18:04:44,Background,0.2730,0.0803,0.0054
2026-08-06T18:04:48,Background,0.2730,0.0803,0.0054
2026-08-06T18:04:54,Background,0.3973,0.0580,0.0086
2026-08-06T18:05:04,Background,0.3545,0.0512,0.0063
2026-08-06T18:05:15,Background,0.3786,0.0679,0.0043
2026-08-06T18:05:25,Background,0.3781,0.0517,0.0069
2026-08-06T18:05:35,Background,0.3326,0.0519,0.0044
2026-08-06T18:05:45,Background,0.3859,0.0379,0.0049
2026-08-06T18:05:48,Background,0.3859,0.0379,0.0049
2026-08-06T18:05:55,Background,0.2852,0.0552,0.0072
2026-08-06T18:06:05,Background,0.3892,0.0482,0.0072
2026-08-06T18:06:15,Background,0.2597,0.0867,0.0079
2026-08-06T18:06:25,Background,0.2702,0.0411,0.0051
2026-08-06T18:06:35,Background,0.2721,0.0643,0.0072
2026-08-06T18:06:45,Background,0.2601,0.0921,0.0057
2026-08-06T18:06:48,Background,0.2601,0.0921,0.0057
2026-08-06T18:06:55,Background,0.2484,0.0482,0.0055
2026-08-06T18:07:05,Background,0.1947,0.0642,0.0042
2026-08-06T18:07:15,Background,0.2036,0.0652,0.0036
2026-08-06T18:07:25,Background,0.2220,0.0641,0.0035
2026-08-06T18:07:35,Background,0.1967,0.0686,0.0043
2026-08-06T18:07:45,Background,0.1571,0.0798,0.0307
2026-08-06T18:07:48,Background,0.1571,0.0798,0.0307
2026-08-06T18:07:55,Background,0.1543,0.0787,0.0045
2026-08-06T18:08:05,Background,0.2069,0.0722,0.0044
2026-08-06T18:08:15,Background,0.2179,0.0838,0.0035
2026-08-06T18:08:25,Background,0.2251,0.0788,0.0043
2026-08-06T18:08:35,Background,0.2328,0.0741,0.0048
2026-08-06T18:08:45,Background,0.2808,0.0806,0.0056
2026-08-06T18:08:48,Background,0.2808,0.0806,0.0056
2026-08-06T18:08:55,Background,0.1297,0.0780,0.0047
2026-08-06T18:09:05,Peak,0.2154,0.0944,0.0045
2026-08-06T18:09:16,Peak,0.1939,0.1007,0.0107
2026-08-06T18:09:26,Peak,0.1417,0.0595,0.0049
2026-08-06T18:09:36,Peak,0.2052,0.0694,0.0086
2026-08-06T18:09:46,Peak,0.1958,0.1135,0.0074
2026-08-06T18:09:48,Peak,0.1958,0.1135,0.0074
2026-08-06T18:09:56,Peak,0.1892,0.0598,0.0052
2026-08-06T18:10:06,Peak,0.2437,0.1455,0.0066
2026-08-06T18:10:16,Peak,0.1808,0.0844,0.0050
2026-08-06T18:10:26,Peak,0.2148,0.1026,0.0101
2026-08-06T18:10:36,Peak,0.2062,0.1074,0.0085
2026-08-06T18:10:46,Peak,0.1275,0.0940,0.0071
2026-08-06T18:10:48,Peak,0.1275,0.0940,0.0071
2026-08-06T18:10:56,Peak,0.2390,0.0892,0.0046
2026-08-06T18:11:06,Peak,0.1728,0.1537,0.0054
2026-08-06T18:11:16,Background,0.1687,0.1861,0.0105
2026-08-06T18:11:26,Background,0.2194,0.1580,0.0043
2026-08-06T18:11:36,Background,0.1860,0.0554,0.0045
2026-08-06T18:11:46,Background,0.1860,0.0554,0.0045
2026-08-06T18:11:46,Background,0.2826,0.0865,0.0100
2026-08-06T18:11:55,Background,0.2826,0.0865,0.0100
2026-08-06T18:11:56,Background,0.1808,0.1729,0.0103
2026-08-06T18:12:05,Background,0.1808,0.1729,0.0103
2026-08-06T18:12:06,Background,0.1953,0.1106,0.0059
2026-08-06T18:12:15,Background,0.1953,0.1106,0.0059
2026-08-06T18:12:16,Background,0.2024,0.1141,0.0057
2026-08-06T18:12:25,Background,0.2024,0.1141,0.0057
2026-08-06T18:12:26,Background,0.1849,0.1576,0.0056
2026-08-06T18:12:35,Background,0.1849,0.1576,0.0056
2026-08-06T18:12:36,Background,0.1703,0.0973,0.0078
2026-08-06T18:12:45,Background,0.1703,0.0973,0.0078
2026-08-06T18:12:46,Background,0.1854,0.1006,0.0050
2026-08-06T18:12:55,Background,0.1854,0.1006,0.0050
2026-08-06T18:12:56,Background,0.1794,0.2113,0.0098
2026-08-06T18:13:05,Background,0.1794,0.2113,0.0098
2026-08-06T18:13:06,Background,0.1900,0.1425,0.0057
2026-08-06T18:13:15,Background,0.1900,0.1425,0.0057
2026-08-06T18:13:16,Background,0.1694,0.1515,0.0103
2026-08-06T18:13:25,Background,0.1694,0.1515,0.0103
2026-08-06T18:13:27,Background,0.2081,0.1565,0.0082
2026-08-06T18:13:36,Background,0.2081,0.1565,0.0082
2026-08-06T18:13:37,Background,0.1740,0.1235,0.0108
2026-08-06T18:13:46,Background,0.1740,0.1235,0.0108
2026-08-06T18:13:47,Background,0.2362,0.0972,0.0045
2026-08-06T18:13:56,Background,0.2362,0.0972,0.0045
2026-08-06T18:13:57,Background,0.1639,0.1265,0.0076
2026-08-06T18:14:06,Background,0.1639,0.1265,0.0076
2026-08-06T18:14:07,Background,0.1844,0.1056,0.0105
2026-08-06T18:14:17,Background,0.2269,0.0978,0.0080
2026-08-06T18:14:16,Background,0.1844,0.1056,0.0105
2026-08-06T18:14:27,Background,0.2574,0.1473,0.0063
2026-08-06T18:14:37,Background,0.2727,0.0694,0.0035
2026-08-06T18:14:47,Background,0.2690,0.0935,0.0150
2026-08-06T18:14:48,Background,0.2690,0.0935,0.0150
2026-08-06T18:14:57,Background,0.3058,0.0540,0.0063
2026-08-06T18:15:07,Background,0.2151,0.1630,0.0143
2026-08-06T18:15:17,Background,0.2710,0.0765,0.0093
2026-08-06T18:15:27,Background,0.2728,0.1285,0.0123
2026-08-06T18:15:37,Background,0.2843,0.1001,0.0078
2026-08-06T18:15:47,Background,0.2783,0.1311,0.0126
2026-08-06T18:15:57,Background,0.2725,0.0974,0.0080
2026-08-06T18:16:07,Background,0.2811,0.0919,0.0097
2026-08-06T18:16:17,Background,0.2395,0.1132,0.0145
2026-08-06T18:16:27,Background,0.2894,0.0932,0.0555
2026-08-06T18:16:37,Background,0.2457,0.1245,0.0749
2026-08-06T18:16:47,Background,0.2457,0.1245,0.0749
2026-08-06T18:16:47,Background,0.1747,0.0671,0.0050
2026-08-06T18:16:58,Background,0.3104,0.1266,0.0129
2026-08-06T18:17:08,Background,0.2965,0.0959,0.0123
2026-08-06T18:17:18,Background,0.1966,0.3017,0.0096
2026-08-06T18:17:28,Background,0.2433,0.1780,0.0449
2026-08-06T18:17:38,Background,0.2326,0.1422,0.0141
2026-08-06T18:17:47,Background,0.2326,0.1422,0.0141
2026-08-06T18:17:48,Background,0.2653,0.0897,0.0113
2026-08-06T18:17:58,Background,0.2849,0.1027,0.0037
2026-08-06T18:18:08,Background,0.2605,0.1394,0.0077
2026-08-06T18:18:18,Background,0.3013,0.0490,0.0085
2026-08-06T18:18:28,Background,0.2637,0.1011,0.0034
2026-08-06T18:18:38,Background,0.2256,0.1451,0.0227
2026-08-06T18:18:47,Background,0.2256,0.1451,0.0227
2026-08-06T18:18:48,Background,0.2463,0.0906,0.0870
2026-08-06T18:18:58,Background,0.3034,0.0460,0.0182
2026-08-06T18:19:08,Background,0.3198,0.0943,0.0642
2026-08-06T18:19:18,Background,0.2449,0.1251,0.0830
2026-08-06T18:19:28,Background,0.2531,0.1086,0.0278
2026-08-06T18:19:38,Background,0.2302,0.0960,0.0145
2026-08-06T18:19:47,Background,0.2302,0.0960,0.0145
2026-08-06T18:19:48,Background,0.2688,0.0925,0.0140
2026-08-06T18:19:58,Background,0.2274,0.1316,0.0239
2026-08-06T18:20:08,Background,0.2510,0.1079,0.0170
2026-08-06T18:20:18,Background,0.2440,0.0966,0.0205
2026-08-06T18:20:28,Background,0.2293,0.1455,0.0134
2026-08-06T18:20:38,Background,0.2702,0.1426,0.0898
2026-08-06T18:20:48,Peak,0.1624,0.1514,0.0168
2026-08-06T18:20:58,Peak,0.2800,0.0841,0.0191
2026-08-06T18:21:08,Peak,0.2131,0.2157,0.0138
2026-08-06T18:21:18,Peak,0.2417,0.2062,0.0728
2026-08-06T18:21:28,Peak,0.2413,0.1278,0.0766
2026-08-06T18:21:38,Peak,0.2776,0.1240,0.0168
2026-08-06T18:21:48,Peak,0.2103,0.1902,0.0164
2026-08-06T18:21:58,Peak,0.1902,0.1057,0.0214
2026-08-06T18:22:09,Peak,0.2663,0.1506,0.0129
2026-08-06T18:22:19,Peak,0.3518,0.1197,0.0190
2026-08-06T18:22:29,Peak,0.2662,0.2190,0.0094
2026-08-06T18:22:39,Peak,0.2667,0.1766,0.0178
2026-08-06T18:22:49,Peak,0.2783,0.1530,0.0314
2026-08-06T18:22:59,Peak,0.2762,0.1721,0.0393
2026-08-06T18:23:09,Peak,0.2540,0.1379,0.0183
2026-08-06T18:23:19,Peak,0.2351,0.1704,0.0114
2026-08-06T18:23:29,Peak,0.2146,0.1708,0.0112
2026-08-06T18:23:39,Peak,0.2745,0.1627,0.0106
2026-08-06T18:23:49,Peak,0.2384,0.1862,0.0110
2026-08-06T18:23:59,Background,0.2384,0.1862,0.0110
2026-08-06T18:24:09,Background,0.2509,0.1805,0.0127
2026-08-06T18:24:19,Background,0.2972,0.0504,0.0107
2026-08-06T18:24:29,Background,0.2425,0.1450,0.0456
2026-08-06T18:24:39,Background,0.2953,0.1507,0.0082
2026-08-06T18:24:49,Background,0.2670,0.1490,0.0282
2026-08-06T18:24:59,Background,0.2391,0.0979,0.0085
2026-08-06T18:25:09,Background,0.1662,0.1504,0.0077
2026-08-06T18:25:19,Background,0.2932,0.1443,0.0081
2026-08-06T18:25:29,Background,0.2734,0.1484,0.0077
2026-08-06T18:25:39,Background,0.2647,0.1157,0.0081
2026-08-06T18:25:49,Background,0.2361,0.1033,0.0067
2026-08-06T18:25:59,Background,0.2682,0.0893,0.0068
2026-08-06T18:26:09,Background,0.2307,0.1122,0.0074
2026-08-06T18:26:19,Background,0.2289,0.1840,0.0088
2026-08-06T18:26:29,Background,0.2114,0.1199,0.0312
2026-08-06T18:26:40,Background,0.2267,0.2232,0.0127
2026-08-06T18:26:50,Background,0.2044,0.1461,0.0079
2026-08-06T18:27:00,Background,0.2402,0.1175,0.0029
2026-08-06T18:27:10,Background,0.1870,0.1163,0.0026
2026-08-06T18:27:20,Background,0.1917,0.0521,0.0025
2026-08-06T18:27:30,Background,0.1691,0.1325,0.0045
2026-08-06T18:27:40,Background,0.2315,0.0709,0.0034
2026-08-06T18:27:50,Background,0.3402,0.0915,0.0035
2026-08-06T18:28:00,Background,0.2044,0.0690,0.0031
2026-08-06T18:28:10,Background,0.1990,0.1329,0.0105
2026-08-06T18:28:20,Background,0.1734,0.1340,0.0107
2026-08-06T18:28:30,Background,0.1731,0.0850,0.0116
2026-08-06T18:28:40,Background,0.3603,0.0771,0.0017
2026-08-06T18:28:50,Background,0.3329,0.0804,0.0017
2026-08-06T18:29:00,Background,0.2956,0.1323,0.0014
2026-08-06T18:29:10,Background,0.2410,0.1480,0.0016
2026-08-06T18:29:20,Background,0.1968,0.1368,0.0035
2026-08-06T18:29:30,Background,0.1677,0.0635,0.0033
2026-08-06T18:29:40,Background,0.2404,0.1350,0.0029
2026-08-06T18:29:50,Background,0.1891,0.1339,0.0040
2026-08-06T18:30:00,Background,0.1210,0.1744,0.0039
2026-08-06T18:30:10,Background,0.1433,0.1736,0.0074
2026-08-06T18:30:20,Background,0.1441,0.1526,0.0156
2026-08-06T18:30:30,Background,0.1334,0.1276,0.0079
2026-08-06T18:30:40,Background,0.1744,0.2449,0.0079
2026-08-06T18:30:50,Background,0.1593,0.2506,0.0089
2026-08-06T18:31:00,Background,0.1437,0.2616,0.0107
2026-08-06T18:31:10,Background,0.1979,0.1747,0.0113
2026-08-06T18:31:20,Background,0.1998,0.0754,0.0501
2026-08-06T18:31:31,Background,0.1969,0.2550,0.0058
2026-08-06T18:31:41,Background,0.1463,0.1206,0.0065
2026-08-06T18:31:51,Background,0.1641,0.0616,0.0052
2026-08-06T18:32:01,Background,0.1403,0.0703,0.0062
2026-08-06T18:32:11,Background,0.1279,0.0459,0.0049
2026-08-06T18:32:21,Background,0.1310,0.0688,0.0050
2026-08-06T18:32:31,Background,0.0830,0.0312,0.0038
2026-08-06T18:32:41,Background,0.1154,0.0436,0.0288
2026-08-06T18:32:51,Background,0.1685,0.0699,0.0364
2026-08-06T18:33:01,Background,0.1588,0.0253,0.0324
2026-08-06T18:33:11,Background,0.1866,0.0275,0.0123
2026-08-06T18:33:21,Background,0.1659,0.0340,0.0066
2026-08-06T18:33:31,Background,0.1372,0.0303,0.0123
2026-08-06T18:33:41,Background,0.1418,0.0688,0.0103
2026-08-06T18:33:51,Background,0.1552,0.0305,0.0057
2026-08-06T18:34:01,Background,0.2774,0.0291,0.0067
2026-08-06T18:34:11,Background,0.2826,0.0410,0.0042
2026-08-06T18:34:21,Background,0.2453,0.0171,0.0078
2026-08-06T18:34:31,Background,0.2677,0.0212,0.0043
2026-08-06T18:34:41,Background,0.2675,0.0176,0.0030
2026-08-06T18:34:51,Background,0.1869,0.0290,0.0041
2026-08-06T18:35:01,Background,0.1578,0.0344,0.0036
2026-08-06T18:35:11,Background,0.1325,0.0299,0.0031
2026-08-06T18:35:21,Peak,0.1274,0.0240,0.0264
2026-08-06T18:35:31,Background,0.1463,0.0146,0.0209
2026-08-06T18:35:41,Background,0.1303,0.0144,0.0207
2026-08-06T18:35:51,Peak,0.1203,0.0151,0.0420
2026-08-06T18:36:01,Background,0.1039,0.0095,0.0045
2026-08-06T18:36:11,Background,0.1513,0.0347,0.0050
2026-08-06T18:36:21,Background,0.1808,0.0262,0.0054
2026-08-06T18:36:31,Background,0.1746,0.0286,0.0055
2026-08-06T18:36:41,Background,0.1879,0.0302,0.0058
2026-08-06T18:36:51,Background,0.1865,0.0275,0.0028
2026-08-06T18:37:01,Background,0.1643,0.0207,0.0024
2026-08-06T18:37:11,Background,0.2287,0.0152,0.0018
2026-08-06T18:37:21,Background,0.2371,0.0208,0.0028
2026-08-06T18:37:31,Background,0.2518,0.0222,0.0022
2026-08-06T18:37:41,Peak,0.2730,0.1367,0.0044
2026-08-06T18:37:52,Peak,0.2737,0.1068,0.0028
2026-08-06T18:38:02,Peak,0.1925,0.0565,0.0044
2026-08-06T18:38:12,Peak,0.2331,0.0874,0.0054
2026-08-06T18:38:22,Peak,0.2137,0.1602,0.0031
2026-08-06T18:38:32,Background,0.2989,0.0935,0.0038
2026-08-06T18:38:42,Background,0.2758,0.1008,0.0030
2026-08-06T18:38:52,Background,0.2262,0.1160,0.0038
2026-08-06T18:39:02,Background,0.2303,0.0994,0.0056
2026-08-06T18:39:12,Background,0.2211,0.0757,0.0058
2026-08-06T18:39:22,Background,0.2325,0.0835,0.0124
2026-08-06T18:39:32,Background,0.2329,0.0541,0.0068
2026-08-06T18:39:42,Background,0.2387,0.0743,0.0092
2026-08-06T18:39:52,Background,0.1477,0.1039,0.0076
2026-08-06T18:40:02,Background,0.2076,0.0799,0.0201
2026-08-06T18:40:12,Background,0.1518,0.0412,0.0077
2026-08-06T18:40:22,Background,0.1524,0.1076,0.0159
2026-08-06T18:40:32,Background,0.1636,0.0875,0.0069
2026-08-06T18:40:42,Background,0.2055,0.0579,0.0058
2026-08-06T18:40:52,Background,0.2704,0.0868,0.0068
2026-08-06T18:41:02,Background,0.2178,0.0793,0.0176
2026-08-06T18:41:12,Background,0.1521,0.0701,0.0086
2026-08-06T18:41:22,Background,0.1405,0.1052,0.0071
2026-08-06T18:41:32,Background,0.2117,0.0677,0.0083
2026-08-06T18:41:42,Background,0.2198,0.0377,0.0069
2026-08-06T18:41:52,Background,0.2043,0.0612,0.0062
2026-08-06T18:42:02,Background,0.1457,0.0277,0.0064
2026-08-06T18:42:12,Background,0.1666,0.0367,0.0116
2026-08-06T18:42:22,Background,0.1554,0.0352,0.0082
2026-08-06T18:42:33,Background,0.1381,0.0133,0.0039
2026-08-06T18:42:43,Background,0.1750,0.0207,0.0092
2026-08-06T18:42:53,Background,0.1380,0.0255,0.0070
2026-08-06T18:43:03,Background,0.1542,0.0362,0.0055
2026-08-06T18:43:13,Background,0.1621,0.0351,0.0053
2026-08-06T18:43:23,Background,0.1554,0.0391,0.0029
2026-08-06T18:43:33,Background,0.1549,0.0324,0.0044
2026-08-06T18:43:43,Background,0.1632,0.0389,0.0050
2026-08-06T18:43:53,Background,0.1362,0.0216,0.0039
2026-08-06T18:44:03,Background,0.1205,0.0264,0.0030
2026-08-06T18:44:13,Background,0.1614,0.0365,0.0034
2026-08-06T18:44:23,Background,0.1662,0.0381,0.0046
2026-08-06T18:44:33,Background,0.1145,0.0440,0.0065
2026-08-06T18:44:43,Background,0.1568,0.0765,0.0034
2026-08-06T18:44:53,Background,0.1408,0.0313,0.0046
2026-08-06T18:45:03,Background,0.1213,0.0219,0.0026
