DATE-OBS,filename,Coronal_State,VELC_Scientific_Activity,UMAP1,UMAP2
2026-03-24 03:56:21.921680,VS1_T26_0212_003435_20260324_035621_HG_lev1_V2_1.fits,Active Corona,0.4783280770676217,19.435093,7.7402215
2026-03-24 03:56:21.921680,VS1_T26_0212_003435_20260324_035621_LG_lev1_V2_1.fits,Structured Corona,0.4261053532756189,1.7658579,0.28239396
2026-03-24 03:57:10.824395,VS1_T26_0212_003435_20260324_035710_HG_lev1_V2_1.fits,Active Corona,0.4906796412613425,19.19053,7.5902624
2026-03-24 03:57:10.824395,VS1_T26_0212_003435_20260324_035710_LG_lev1_V2_1.fits,Structured Corona,0.4470915242612821,1.6344258,0.19063254
2026-03-24 03:57:59.726975,VS1_T26_0212_003435_20260324_035759_HG_lev1_V2_1.fits,Active Corona,0.476867112984944,19.467098,7.4767804
2026-03-24 03:57:59.726975,VS1_T26_0212_003435_20260324_035759_LG_lev1_V2_1.fits,Structured Corona,0.4578848852954395,1.5486586,0.10994387
2026-03-24 03:58:48.629690,VS1_T26_0212_003435_20260324_035848_HG_lev1_V2_1.fits,Active Corona,0.4818058730192116,19.327805,7.529853
2026-03-24 03:58:48.629690,VS1_T26_0212_003435_20260324_035848_LG_lev1_V2_1.fits,Structured Corona,0.4600366964352023,1.3782438,-0.0007696937
2026-03-24 03:59:37.532405,VS1_T26_0212_003435_20260324_035937_HG_lev1_V2_1.fits,Active Corona,0.4763023752829085,19.115877,7.4672093
2026-03-24 03:59:37.532405,VS1_T26_0212_003435_20260324_035937_LG_lev1_V2_1.fits,Structured Corona,0.4668697133037732,1.5144181,0.16499525
2026-03-25 16:35:13.160620,VS1_T26_0219_003442_20260325_163513_LG_lev1_V2_1.fits,Structured Corona,0.4813011572826864,-0.3323607,3.432001
2026-03-25 16:35:13.160620,VS1_T26_0219_003442_20260325_163513_HG_lev1_V2_1.fits,Quiet Corona,0.4382395355058122,15.031797,7.1711116
2026-03-25 16:36:02.063210,VS1_T26_0219_003442_20260325_163602_HG_lev1_V2_1.fits,Quiet Corona,0.4214797235829903,15.627817,8.104581
2026-03-25 16:36:02.063210,VS1_T26_0219_003442_20260325_163602_LG_lev1_V2_1.fits,Structured Corona,0.4548361689688288,-1.2230209,3.3837557
2026-03-25 16:36:50.965800,VS1_T26_0219_003442_20260325_163650_HG_lev1_V2_1.fits,Quiet Corona,0.4209911413313031,15.626358,7.308445
2026-03-25 16:36:50.965800,VS1_T26_0219_003442_20260325_163650_LG_lev1_V2_1.fits,Structured Corona,0.4663631968333974,-1.2166941,3.6313949
2026-03-25 16:37:39.868505,VS1_T26_0219_003442_20260325_163739_HG_lev1_V2_1.fits,Quiet Corona,0.417259456692538,15.789958,8.243065
2026-03-25 16:37:39.868505,VS1_T26_0219_003442_20260325_163739_LG_lev1_V2_1.fits,Structured Corona,0.4414974554474108,-1.1419965,3.4817374
2026-03-25 16:38:28.771095,VS1_T26_0219_003442_20260325_163828_HG_lev1_V2_1.fits,Quiet Corona,0.4214355951927724,15.170896,7.8481274
2026-03-25 16:38:28.771095,VS1_T26_0219_003442_20260325_163828_LG_lev1_V2_1.fits,Structured Corona,0.4462599808672836,-0.7540305,3.638458
2026-03-25 16:39:17.673685,VS1_T26_0219_003442_20260325_163917_HG_lev1_V2_1.fits,Quiet Corona,0.4284485983003973,15.827797,7.8768477
2026-03-25 16:39:17.673685,VS1_T26_0219_003442_20260325_163917_LG_lev1_V2_1.fits,Structured Corona,0.4637496799410415,-1.0383008,3.3788838
2026-03-25 16:40:06.576390,VS1_T26_0219_003442_20260325_164006_LG_lev1_V2_1.fits,Structured Corona,0.4594188859885728,-0.58040667,3.4208524
2026-03-25 16:40:06.576390,VS1_T26_0219_003442_20260325_164006_HG_lev1_V2_1.fits,Quiet Corona,0.4221056410127281,15.00971,8.035378
2026-03-25 16:40:55.479105,VS1_T26_0219_003442_20260325_164055_HG_lev1_V2_1.fits,Quiet Corona,0.4374102613348834,15.562455,8.066757
2026-03-25 16:40:55.479105,VS1_T26_0219_003442_20260325_164055_LG_lev1_V2_1.fits,Structured Corona,0.4722578777604045,-0.92104477,3.2552834
2026-03-25 16:41:44.381695,VS1_T26_0219_003442_20260325_164144_HG_lev1_V2_1.fits,Quiet Corona,0.427747713683465,14.936074,8.289967
2026-03-25 16:41:44.381695,VS1_T26_0219_003442_20260325_164144_LG_lev1_V2_1.fits,Structured Corona,0.4863277430003787,-0.8542974,3.1673474
2026-03-25 16:42:33.284275,VS1_T26_0219_003442_20260325_164233_HG_lev1_V2_1.fits,Quiet Corona,0.4453475285198752,17.038929,8.787014
2026-03-25 16:42:33.284275,VS1_T26_0219_003442_20260325_164233_LG_lev1_V2_1.fits,Structured Corona,0.4734794955150541,2.186697,2.1235003
2026-03-25 16:43:22.186990,VS1_T26_0219_003442_20260325_164322_HG_lev1_V2_1.fits,Quiet Corona,0.4363387992834677,14.386523,7.5467553
2026-03-25 16:43:22.186990,VS1_T26_0219_003442_20260325_164322_LG_lev1_V2_1.fits,Structured Corona,0.4695873614825558,-0.44927087,3.267954
2026-03-25 16:44:11.089580,VS1_T26_0219_003442_20260325_164411_HG_lev1_V2_1.fits,Quiet Corona,0.4330232581941535,16.042582,8.756836
2026-03-25 16:44:11.089580,VS1_T26_0219_003442_20260325_164411_LG_lev1_V2_1.fits,Highly Structured Corona,0.5442930292467595,3.284656,3.76492
2026-03-25 16:44:59.992295,VS1_T26_0219_003442_20260325_164459_LG_lev1_V2_1.fits,Highly Structured Corona,0.492072023828551,2.304592,2.933694
2026-03-25 16:44:59.992295,VS1_T26_0219_003442_20260325_164459_HG_lev1_V2_1.fits,Quiet Corona,0.437679640837261,16.42657,8.52434
2026-03-25 16:45:48.894875,VS1_T26_0219_003442_20260325_164548_HG_lev1_V2_1.fits,Quiet Corona,0.4470990337406613,16.63096,8.174943
2026-03-25 16:45:48.894875,VS1_T26_0219_003442_20260325_164548_LG_lev1_V2_1.fits,Highly Structured Corona,0.5077910135327658,2.9775794,3.1041882
2026-03-25 16:46:37.797590,VS1_T26_0219_003442_20260325_164637_HG_lev1_V2_1.fits,Quiet Corona,0.4281946802095559,17.14689,9.024264
2026-03-25 16:46:37.797590,VS1_T26_0219_003442_20260325_164637_LG_lev1_V2_1.fits,Structured Corona,0.4840310136219115,1.9219354,2.3804078
2026-03-25 16:47:26.700180,VS1_T26_0219_003442_20260325_164726_HG_lev1_V2_1.fits,Quiet Corona,0.4334983819474187,14.351183,7.881302
2026-03-25 16:47:26.700180,VS1_T26_0219_003442_20260325_164726_LG_lev1_V2_1.fits,Highly Structured Corona,0.5436756061688324,3.9457302,3.440222
2026-03-25 16:48:15.602760,VS1_T26_0219_003442_20260325_164815_HG_lev1_V2_1.fits,Quiet Corona,0.4452290896095727,17.41393,8.720772
2026-03-25 16:48:15.602760,VS1_T26_0219_003442_20260325_164815_LG_lev1_V2_1.fits,Structured Corona,0.4703587466975644,2.2854605,1.9158294
2026-03-25 16:49:04.505475,VS1_T26_0219_003442_20260325_164904_HG_lev1_V2_1.fits,Quiet Corona,0.4437610300155399,15.34148,6.9344277
2026-03-25 16:49:04.505475,VS1_T26_0219_003442_20260325_164904_LG_lev1_V2_1.fits,Highly Structured Corona,0.5261737145896536,3.3895657,3.2092624
2026-03-25 16:49:53.408065,VS1_T26_0219_003442_20260325_164953_HG_lev1_V2_1.fits,Quiet Corona,0.4407711065710128,17.780378,8.69088
2026-03-25 16:49:53.408065,VS1_T26_0219_003442_20260325_164953_LG_lev1_V2_1.fits,Structured Corona,0.4776400492271491,1.7267965,1.8868536
2026-03-25 16:50:42.310780,VS1_T26_0219_003442_20260325_165042_LG_lev1_V2_1.fits,Highly Structured Corona,0.5021741739315997,2.2305887,2.3827398
2026-03-25 16:50:42.310780,VS1_T26_0219_003442_20260325_165042_HG_lev1_V2_1.fits,Quiet Corona,0.4554163979296581,17.810186,8.124749
2026-03-25 16:51:31.213360,VS1_T26_0219_003442_20260325_165131_HG_lev1_V2_1.fits,Quiet Corona,0.4438116683222214,18.025755,8.372485
2026-03-25 16:51:31.213360,VS1_T26_0219_003442_20260325_165131_LG_lev1_V2_1.fits,Structured Corona,0.4767087099111318,1.5275723,1.5882878
2026-03-25 16:52:20.115825,VS1_T26_0219_003442_20260325_165220_HG_lev1_V2_1.fits,Quiet Corona,0.4452632930798463,18.116446,8.743627
2026-03-25 16:52:20.115825,VS1_T26_0219_003442_20260325_165220_LG_lev1_V2_1.fits,Structured Corona,0.4828699719130773,1.948117,1.7432355
2026-03-25 16:53:09.018540,VS1_T26_0219_003442_20260325_165309_HG_lev1_V2_1.fits,Quiet Corona,0.4427274916258227,18.30242,8.603263
2026-03-25 16:53:09.018540,VS1_T26_0219_003442_20260325_165309_LG_lev1_V2_1.fits,Structured Corona,0.4319268713825316,2.4163482,1.344217
2026-03-25 16:53:57.921120,VS1_T26_0219_003442_20260325_165357_HG_lev1_V2_1.fits,Quiet Corona,0.4649186312062047,18.027462,7.795569
2026-03-25 16:53:57.921120,VS1_T26_0219_003442_20260325_165357_LG_lev1_V2_1.fits,Structured Corona,0.4782476252027514,1.7652822,1.3540361
2026-03-25 16:54:46.823835,VS1_T26_0219_003442_20260325_165446_HG_lev1_V2_1.fits,Quiet Corona,0.4720266980257079,18.632,8.4543705
2026-03-25 16:54:46.823835,VS1_T26_0219_003442_20260325_165446_LG_lev1_V2_1.fits,Structured Corona,0.4227336150624012,2.605428,1.2254633
2026-03-25 16:55:35.726425,VS1_T26_0219_003442_20260325_165535_LG_lev1_V2_1.fits,Structured Corona,0.4044760269919765,2.4444883,0.9197514
2026-03-25 16:55:35.726425,VS1_T26_0219_003442_20260325_165535_HG_lev1_V2_1.fits,Quiet Corona,0.4681151807516547,18.754944,8.330527
2026-03-25 16:56:24.629130,VS1_T26_0219_003442_20260325_165624_HG_lev1_V2_1.fits,Active Corona,0.4793550314549002,18.717724,8.055786
2026-03-25 16:56:24.629130,VS1_T26_0219_003442_20260325_165624_LG_lev1_V2_1.fits,Structured Corona,0.3849926142505484,2.405152,1.0193179
2026-03-25 16:57:13.531720,VS1_T26_0219_003442_20260325_165713_HG_lev1_V2_1.fits,Quiet Corona,0.4577320613349724,18.287598,7.914095
2026-03-25 16:57:13.531720,VS1_T26_0219_003442_20260325_165713_LG_lev1_V2_1.fits,Structured Corona,0.4525737978438908,1.8125906,1.2752764
2026-03-25 16:58:02.434310,VS1_T26_0219_003442_20260325_165802_HG_lev1_V2_1.fits,Quiet Corona,0.4588322011791301,18.468718,8.164476
2026-03-25 16:58:02.434310,VS1_T26_0219_003442_20260325_165802_LG_lev1_V2_1.fits,Structured Corona,0.4561872134635421,2.2415907,1.4678112
2026-03-25 16:58:51.337025,VS1_T26_0219_003442_20260325_165851_HG_lev1_V2_1.fits,Quiet Corona,0.4499205708926271,18.116001,8.256159
2026-03-25 16:58:51.337025,VS1_T26_0219_003442_20260325_165851_LG_lev1_V2_1.fits,Structured Corona,0.4731385956313816,1.7049339,1.3251314
2026-03-25 16:59:40.239605,VS1_T26_0219_003442_20260325_165940_HG_lev1_V2_1.fits,Quiet Corona,0.4494853505462247,17.852798,8.151577
2026-03-25 16:59:40.239605,VS1_T26_0219_003442_20260325_165940_LG_lev1_V2_1.fits,Structured Corona,0.4757623311797292,1.6003461,1.7411598
2026-03-25 17:00:29.142320,VS1_T26_0219_003442_20260325_170029_HG_lev1_V2_1.fits,Quiet Corona,0.4438875976006143,14.463581,7.647288
2026-03-25 17:00:29.142320,VS1_T26_0219_003442_20260325_170029_LG_lev1_V2_1.fits,Highly Structured Corona,0.5096735305393131,3.689774,3.1060452
2026-03-25 17:01:18.044910,VS1_T26_0219_003442_20260325_170118_LG_lev1_V2_1.fits,Highly Structured Corona,0.5301514338974039,3.0506551,3.820092
2026-03-25 17:01:18.044910,VS1_T26_0219_003442_20260325_170118_HG_lev1_V2_1.fits,Quiet Corona,0.4545618015128572,17.002846,8.340607
2026-03-25 17:02:06.947615,VS1_T26_0219_003442_20260325_170206_HG_lev1_V2_1.fits,Quiet Corona,0.4433671825564925,14.344048,7.4938984
2026-03-25 17:02:06.947615,VS1_T26_0219_003442_20260325_170206_LG_lev1_V2_1.fits,Highly Structured Corona,0.5332006905282829,3.8848329,3.5196207
2026-03-25 17:02:55.850205,VS1_T26_0219_003442_20260325_170255_HG_lev1_V2_1.fits,Quiet Corona,0.4413084786082557,16.743029,8.68775
2026-03-25 17:02:55.850205,VS1_T26_0219_003442_20260325_170255_LG_lev1_V2_1.fits,Highly Structured Corona,0.5363799154453431,2.7812722,3.5368342
2026-03-25 17:03:44.752795,VS1_T26_0219_003442_20260325_170344_HG_lev1_V2_1.fits,Quiet Corona,0.4307202866668676,15.55406,8.79024
2026-03-25 17:03:44.752795,VS1_T26_0219_003442_20260325_170344_LG_lev1_V2_1.fits,Highly Structured Corona,0.5386243723668831,3.4525077,3.6670008
2026-03-25 17:04:33.655500,VS1_T26_0219_003442_20260325_170433_HG_lev1_V2_1.fits,Quiet Corona,0.4311174586277531,14.5169,8.243603
2026-03-25 17:04:33.655500,VS1_T26_0219_003442_20260325_170433_LG_lev1_V2_1.fits,Highly Structured Corona,0.5447343083707282,3.975525,3.9285638
2026-03-25 17:05:22.558215,VS1_T26_0219_003442_20260325_170522_HG_lev1_V2_1.fits,Quiet Corona,0.4333011918238634,16.22817,8.846001
2026-03-25 17:05:22.558215,VS1_T26_0219_003442_20260325_170522_LG_lev1_V2_1.fits,Highly Structured Corona,0.5527639156117673,3.4578602,4.0645504
2026-03-25 17:06:11.460680,VS1_T26_0219_003442_20260325_170611_LG_lev1_V2_1.fits,Highly Structured Corona,0.5309541696255525,3.5177896,4.1414123
2026-03-25 17:06:11.460680,VS1_T26_0219_003442_20260325_170611_HG_lev1_V2_1.fits,Quiet Corona,0.4238507009022019,15.222557,8.682498
2026-03-25 17:07:00.363260,VS1_T26_0219_003442_20260325_170700_HG_lev1_V2_1.fits,Quiet Corona,0.4347490966865154,15.30415,7.072408
2026-03-25 17:07:00.363260,VS1_T26_0219_003442_20260325_170700_LG_lev1_V2_1.fits,Highly Structured Corona,0.5670428259961867,3.9006593,4.0207596
2026-03-25 17:07:49.265975,VS1_T26_0219_003442_20260325_170749_HG_lev1_V2_1.fits,Quiet Corona,0.4296973260104632,15.397487,7.049979
2026-03-25 17:07:49.265975,VS1_T26_0219_003442_20260325_170749_LG_lev1_V2_1.fits,Highly Structured Corona,0.5129211600795246,2.498711,3.2730203
2026-03-25 17:08:38.168565,VS1_T26_0219_003442_20260325_170838_HG_lev1_V2_1.fits,Quiet Corona,0.4433723645039402,15.80328,8.433567
2026-03-25 17:08:38.168565,VS1_T26_0219_003442_20260325_170838_LG_lev1_V2_1.fits,Highly Structured Corona,0.5814084324929213,3.8268294,3.8660116
2026-03-25 17:09:27.071280,VS1_T26_0219_003442_20260325_170927_HG_lev1_V2_1.fits,Quiet Corona,0.4362932201037794,16.93019,8.988957
2026-03-25 17:09:27.071280,VS1_T26_0219_003442_20260325_170927_LG_lev1_V2_1.fits,Highly Structured Corona,0.513036933725021,2.8790069,3.6634717
2026-03-25 17:10:15.973860,VS1_T26_0219_003442_20260325_171015_HG_lev1_V2_1.fits,Quiet Corona,0.4409006238461546,14.193433,7.786445
2026-03-25 17:10:15.973860,VS1_T26_0219_003442_20260325_171015_LG_lev1_V2_1.fits,Highly Structured Corona,0.5641043795647868,4.061148,3.8176644
2026-03-25 17:11:04.876575,VS1_T26_0219_003442_20260325_171104_HG_lev1_V2_1.fits,Quiet Corona,0.4506100416761021,17.049429,7.9152384
2026-03-25 17:11:04.876575,VS1_T26_0219_003442_20260325_171104_LG_lev1_V2_1.fits,Highly Structured Corona,0.5149722216640286,2.6919355,3.35774
