DATE-OBS,VELC_activity_index,activity_change,activity_trend,HG_activity,LG_activity,filename_HG,filename_LG
2026-03-24 03:56:21.921680,43.321174171927176,,Stable,8.794653626252664,77.84769471760168,VS1_T26_0212_003435_20260324_035621_HG_lev1_V2_1.fits,VS1_T26_0212_003435_20260324_035621_LG_lev1_V2_1.fits
2026-03-24 03:57:10.824395,43.581234075866824,0.2600599039396485,Stable,8.939184708460033,78.22328344327362,VS1_T26_0212_003435_20260324_035710_HG_lev1_V2_1.fits,VS1_T26_0212_003435_20260324_035710_LG_lev1_V2_1.fits
2026-03-24 03:57:59.726975,44.36783646583535,0.7866023899685288,Increasing,8.966484499819622,79.76918843185109,VS1_T26_0212_003435_20260324_035759_HG_lev1_V2_1.fits,VS1_T26_0212_003435_20260324_035759_LG_lev1_V2_1.fits
2026-03-24 03:58:48.629690,44.71942157562451,0.3515851097891556,Stable,9.014521850459884,80.42432130078913,VS1_T26_0212_003435_20260324_035848_HG_lev1_V2_1.fits,VS1_T26_0212_003435_20260324_035848_LG_lev1_V2_1.fits
2026-03-24 03:59:37.532405,44.500619373692686,-0.21880220193182254,Stable,9.128416372757284,79.87282237462809,VS1_T26_0212_003435_20260324_035937_HG_lev1_V2_1.fits,VS1_T26_0212_003435_20260324_035937_LG_lev1_V2_1.fits
2026-03-25 16:35:13.160620,46.80533876654787,2.3047193928551835,Increasing,10.477142338125342,83.13353519497039,VS1_T26_0219_003442_20260325_163513_HG_lev1_V2_1.fits,VS1_T26_0219_003442_20260325_163513_LG_lev1_V2_1.fits
2026-03-25 16:36:02.063210,46.344713673773164,-0.46062509277470554,Stable,10.47854338465743,82.2108839628889,VS1_T26_0219_003442_20260325_163602_HG_lev1_V2_1.fits,VS1_T26_0219_003442_20260325_163602_LG_lev1_V2_1.fits
2026-03-25 16:36:50.965800,45.724587614722,-0.6201260590511666,Decreasing,10.497335098060756,80.95184013138324,VS1_T26_0219_003442_20260325_163650_HG_lev1_V2_1.fits,VS1_T26_0219_003442_20260325_163650_LG_lev1_V2_1.fits
2026-03-25 16:37:39.868505,45.499345142885204,-0.22524247183679336,Stable,10.474779544251197,80.52391074151922,VS1_T26_0219_003442_20260325_163739_HG_lev1_V2_1.fits,VS1_T26_0219_003442_20260325_163739_LG_lev1_V2_1.fits
2026-03-25 16:38:28.771095,46.330824707958904,0.8314795650736997,Increasing,10.477455895582477,82.18419352033533,VS1_T26_0219_003442_20260325_163828_HG_lev1_V2_1.fits,VS1_T26_0219_003442_20260325_163828_LG_lev1_V2_1.fits
2026-03-25 16:39:17.673685,45.90854088566878,-0.42228382229012595,Stable,10.492860495834291,81.32422127550326,VS1_T26_0219_003442_20260325_163917_HG_lev1_V2_1.fits,VS1_T26_0219_003442_20260325_163917_LG_lev1_V2_1.fits
2026-03-25 16:40:06.576390,46.89833112510444,0.9897902394356635,Increasing,10.44865150073791,83.34801074947097,VS1_T26_0219_003442_20260325_164006_HG_lev1_V2_1.fits,VS1_T26_0219_003442_20260325_164006_LG_lev1_V2_1.fits
2026-03-25 16:40:55.479105,46.61882023842956,-0.2795108866748848,Stable,10.390491679574252,82.84714879728486,VS1_T26_0219_003442_20260325_164055_HG_lev1_V2_1.fits,VS1_T26_0219_003442_20260325_164055_LG_lev1_V2_1.fits
2026-03-25 16:41:44.381695,46.92213245323342,0.30331221480386006,Stable,10.365889740333538,83.47837516613329,VS1_T26_0219_003442_20260325_164144_HG_lev1_V2_1.fits,VS1_T26_0219_003442_20260325_164144_LG_lev1_V2_1.fits
2026-03-25 16:42:33.284275,44.37303530198594,-2.54909715124748,Decreasing,10.369601552807575,78.37646905116429,VS1_T26_0219_003442_20260325_164233_HG_lev1_V2_1.fits,VS1_T26_0219_003442_20260325_164233_LG_lev1_V2_1.fits
2026-03-25 16:43:22.186990,45.92987412536162,1.556838823375685,Increasing,10.3412748729591,81.51847337776414,VS1_T26_0219_003442_20260325_164322_HG_lev1_V2_1.fits,VS1_T26_0219_003442_20260325_164322_LG_lev1_V2_1.fits
2026-03-25 16:44:11.089580,45.57071369732107,-0.35916042804055337,Stable,10.30460807618326,80.83681931845888,VS1_T26_0219_003442_20260325_164411_HG_lev1_V2_1.fits,VS1_T26_0219_003442_20260325_164411_LG_lev1_V2_1.fits
2026-03-25 16:44:59.992295,45.091967424214246,-0.4787462731068217,Stable,10.377388667504432,79.80654618092406,VS1_T26_0219_003442_20260325_164459_HG_lev1_V2_1.fits,VS1_T26_0219_003442_20260325_164459_LG_lev1_V2_1.fits
2026-03-25 16:45:48.894875,45.07795139865747,-0.014016025556777834,Stable,10.290553057103988,79.86534974021095,VS1_T26_0219_003442_20260325_164548_HG_lev1_V2_1.fits,VS1_T26_0219_003442_20260325_164548_LG_lev1_V2_1.fits
2026-03-25 16:46:37.797590,44.42160498599933,-0.656346412658138,Decreasing,10.303729685964376,78.53948028603429,VS1_T26_0219_003442_20260325_164637_HG_lev1_V2_1.fits,VS1_T26_0219_003442_20260325_164637_LG_lev1_V2_1.fits
2026-03-25 16:47:26.700180,45.94064377469572,1.5190387886963919,Increasing,10.203826160606534,81.6774613887849,VS1_T26_0219_003442_20260325_164726_HG_lev1_V2_1.fits,VS1_T26_0219_003442_20260325_164726_LG_lev1_V2_1.fits
2026-03-25 16:48:15.602760,43.9259389265261,-2.0147048481696217,Decreasing,10.28848424443956,77.56339360861264,VS1_T26_0219_003442_20260325_164815_HG_lev1_V2_1.fits,VS1_T26_0219_003442_20260325_164815_LG_lev1_V2_1.fits
2026-03-25 16:49:04.505475,44.861465418645544,0.9355264921194433,Increasing,10.166315920212678,79.5566149170784,VS1_T26_0219_003442_20260325_164904_HG_lev1_V2_1.fits,VS1_T26_0219_003442_20260325_164904_LG_lev1_V2_1.fits
2026-03-25 16:49:53.408065,44.54835867944617,-0.3131067391993767,Stable,10.22307353423476,78.87364382465758,VS1_T26_0219_003442_20260325_164953_HG_lev1_V2_1.fits,VS1_T26_0219_003442_20260325_164953_LG_lev1_V2_1.fits
2026-03-25 16:50:42.310780,43.71223366228752,-0.8361250171586505,Decreasing,10.088647432085011,77.33581989249002,VS1_T26_0219_003442_20260325_165042_HG_lev1_V2_1.fits,VS1_T26_0219_003442_20260325_165042_LG_lev1_V2_1.fits
2026-03-25 16:51:31.213360,44.30319809949347,0.5909644372059546,Increasing,10.15557516248045,78.4508210365065,VS1_T26_0219_003442_20260325_165131_HG_lev1_V2_1.fits,VS1_T26_0219_003442_20260325_165131_LG_lev1_V2_1.fits
2026-03-25 16:52:20.115825,43.81594276776862,-0.48725533172485314,Stable,10.051328585686802,77.58055694985043,VS1_T26_0219_003442_20260325_165220_HG_lev1_V2_1.fits,VS1_T26_0219_003442_20260325_165220_LG_lev1_V2_1.fits
2026-03-25 16:53:09.018540,42.75204652663773,-1.063896241130891,Decreasing,10.045397160341874,75.45869589293358,VS1_T26_0219_003442_20260325_165309_HG_lev1_V2_1.fits,VS1_T26_0219_003442_20260325_165309_LG_lev1_V2_1.fits
2026-03-25 16:53:57.921120,43.25428328935443,0.5022367627167057,Increasing,9.955410158375742,76.55315642033312,VS1_T26_0219_003442_20260325_165357_HG_lev1_V2_1.fits,VS1_T26_0219_003442_20260325_165357_LG_lev1_V2_1.fits
2026-03-25 16:54:46.823835,42.31694662054872,-0.9373366688057132,Decreasing,9.966833647457614,74.66705959363982,VS1_T26_0219_003442_20260325_165446_HG_lev1_V2_1.fits,VS1_T26_0219_003442_20260325_165446_LG_lev1_V2_1.fits
2026-03-25 16:55:35.726425,41.71755980659574,-0.5993868139529823,Decreasing,9.749326932335835,73.68579268085564,VS1_T26_0219_003442_20260325_165535_HG_lev1_V2_1.fits,VS1_T26_0219_003442_20260325_165535_LG_lev1_V2_1.fits
2026-03-25 16:56:24.629130,41.62322074549073,-0.09433906110501056,Stable,9.476090942477878,73.77035054850357,VS1_T26_0219_003442_20260325_165624_HG_lev1_V2_1.fits,VS1_T26_0219_003442_20260325_165624_LG_lev1_V2_1.fits
2026-03-25 16:57:13.531720,43.20601465332256,1.5827939078318352,Increasing,9.930093764455156,76.48193554218997,VS1_T26_0219_003442_20260325_165713_HG_lev1_V2_1.fits,VS1_T26_0219_003442_20260325_165713_LG_lev1_V2_1.fits
2026-03-25 16:58:02.434310,42.66934574671504,-0.5366689066075239,Decreasing,9.999440291711522,75.33925120171855,VS1_T26_0219_003442_20260325_165802_HG_lev1_V2_1.fits,VS1_T26_0219_003442_20260325_165802_LG_lev1_V2_1.fits
2026-03-25 16:58:51.337025,43.5260087616193,0.8566630149042638,Increasing,10.17166560853362,76.88035191470499,VS1_T26_0219_003442_20260325_165851_HG_lev1_V2_1.fits,VS1_T26_0219_003442_20260325_165851_LG_lev1_V2_1.fits
2026-03-25 16:59:40.239605,43.84650707211074,0.3204983104914376,Stable,10.22582092475139,77.46719321947009,VS1_T26_0219_003442_20260325_165940_HG_lev1_V2_1.fits,VS1_T26_0219_003442_20260325_165940_LG_lev1_V2_1.fits
2026-03-25 17:00:29.142320,45.63421437415448,1.7877073020437422,Increasing,10.293045068874456,80.97538367943451,VS1_T26_0219_003442_20260325_170029_HG_lev1_V2_1.fits,VS1_T26_0219_003442_20260325_170029_LG_lev1_V2_1.fits
2026-03-25 17:01:18.044910,44.72543315960303,-0.9087812145514533,Decreasing,10.291740752591132,79.15912556661492,VS1_T26_0219_003442_20260325_170118_HG_lev1_V2_1.fits,VS1_T26_0219_003442_20260325_170118_LG_lev1_V2_1.fits
2026-03-25 17:02:06.947615,46.1382929033619,1.4128597437588724,Increasing,10.341911061871151,81.93467474485264,VS1_T26_0219_003442_20260325_170206_HG_lev1_V2_1.fits,VS1_T26_0219_003442_20260325_170206_LG_lev1_V2_1.fits
2026-03-25 17:02:55.850205,45.21284010686873,-0.9254527964931683,Decreasing,10.352687023011066,80.0729931907264,VS1_T26_0219_003442_20260325_170255_HG_lev1_V2_1.fits,VS1_T26_0219_003442_20260325_170255_LG_lev1_V2_1.fits
2026-03-25 17:03:44.752795,45.479389253649906,0.26654914678117336,Stable,10.362309338756791,80.59646916854302,VS1_T26_0219_003442_20260325_170344_HG_lev1_V2_1.fits,VS1_T26_0219_003442_20260325_170344_LG_lev1_V2_1.fits
2026-03-25 17:04:33.655500,46.324347002603986,0.84495774895408,Increasing,10.350540406673664,82.29815359853431,VS1_T26_0219_003442_20260325_170433_HG_lev1_V2_1.fits,VS1_T26_0219_003442_20260325_170433_LG_lev1_V2_1.fits
2026-03-25 17:05:22.558215,45.49186990762871,-0.8324770949752747,Decreasing,10.390111275119654,80.59362854013777,VS1_T26_0219_003442_20260325_170522_HG_lev1_V2_1.fits,VS1_T26_0219_003442_20260325_170522_LG_lev1_V2_1.fits
2026-03-25 17:06:11.460680,45.78796214854859,0.29609224091987585,Stable,10.339044225496338,81.23688007160084,VS1_T26_0219_003442_20260325_170611_HG_lev1_V2_1.fits,VS1_T26_0219_003442_20260325_170611_LG_lev1_V2_1.fits
2026-03-25 17:07:00.363260,46.23059393806825,0.4426317895196661,Stable,10.370955491871303,82.0902323842652,VS1_T26_0219_003442_20260325_170700_HG_lev1_V2_1.fits,VS1_T26_0219_003442_20260325_170700_LG_lev1_V2_1.fits
2026-03-25 17:07:49.265975,45.99771863946303,-0.23287529860522227,Stable,10.384938674422369,81.61049860450369,VS1_T26_0219_003442_20260325_170749_HG_lev1_V2_1.fits,VS1_T26_0219_003442_20260325_170749_LG_lev1_V2_1.fits
2026-03-25 17:08:38.168565,46.07798105292841,0.08026241346537688,Stable,10.25969710713261,81.8962649987242,VS1_T26_0219_003442_20260325_170838_HG_lev1_V2_1.fits,VS1_T26_0219_003442_20260325_170838_LG_lev1_V2_1.fits
2026-03-25 17:09:27.071280,44.6207043201741,-1.457276732754309,Decreasing,10.2675010430461,78.9739075973021,VS1_T26_0219_003442_20260325_170927_HG_lev1_V2_1.fits,VS1_T26_0219_003442_20260325_170927_LG_lev1_V2_1.fits
2026-03-25 17:10:15.973860,45.87914399658534,1.2584396764112427,Increasing,10.244496094044182,81.5137918991265,VS1_T26_0219_003442_20260325_171015_HG_lev1_V2_1.fits,VS1_T26_0219_003442_20260325_171015_LG_lev1_V2_1.fits
2026-03-25 17:11:04.876575,45.31439602657404,-0.5647479700113038,Decreasing,10.21727817126285,80.41151388188523,VS1_T26_0219_003442_20260325_171104_HG_lev1_V2_1.fits,VS1_T26_0219_003442_20260325_171104_LG_lev1_V2_1.fits
